{"timestamp": "2026-09-19T02:22:07-0500", "level": "WARNING", "logger": "buses.services.busae", "line": 328, "message": "[BUSAE] Circuit Breaker abierto: Circuito abierto para 'busae_fetch'. Se reintentará en 300s.. Aplicando fallback de caché."}
{"timestamp": "2026-09-19T02:22:08-0500", "level": "ERROR", "logger": "shared.decorators", "line": 96, "message": "[CIRCUIT_BREAKER] test_breaker_unit: Umbral de fallas (2) alcanzado. Circuito ABIERTO durante 10s."}
{"timestamp": "2026-09-19T02:22:08-0500", "level": "WARNING", "logger": "shared.decorators", "line": 36, "message": "[RETRY] Intento 1/3 para flaky_function falló (Falla temporal simulada). Reintentando en 0.01 segundos..."}
{"timestamp": "2026-09-19T02:22:08-0500", "level": "WARNING", "logger": "shared.decorators", "line": 36, "message": "[RETRY] Intento 2/3 para flaky_function falló (Falla temporal simulada). Reintentando en 0.01 segundos..."}
{"timestamp": "2026-09-19T03:01:08-0500", "level": "INFO", "logger": "poller.busae", "line": 239, "message": "BUSAE — ciclo 1"}
{"timestamp": "2026-09-19T03:01:08-0500", "level": "ERROR", "logger": "poller.busae", "line": 103, "message": "Error iniciando browser BUSAE: No module named 'greenlet._greenlet'"}
{"timestamp": "2026-09-19T03:01:08-0500", "level": "WARNING", "logger": "poller.busae", "line": 251, "message": "BUSAE — sin datos en este ciclo"}
{"timestamp": "2026-09-19T03:01:08-0500", "level": "INFO", "logger": "poller.genesis", "line": 194, "message": "Genesis — iniciando ciclo de extracción..."}
{"timestamp": "2026-09-19T03:01:09-0500", "level": "ERROR", "logger": "poller.genesis", "line": 60, "message": "Error login Genesis: HTTPConnectionPool(host='genesis.mibus.com', port=80): Max retries exceeded with url: /tic/oi/gateway.php (Caused by NameResolutionError("HTTPConnection(host='genesis.mibus.com', port=80): Failed to resolve 'genesis.mibus.com' ([Errno 11001] getaddrinfo failed)"))"}
{"timestamp": "2026-09-19T03:01:09-0500", "level": "WARNING", "logger": "poller.genesis", "line": 196, "message": "Genesis — ciclo omitido (login fallido)"}
{"timestamp": "2026-09-19T03:01:30-0500", "level": "INFO", "logger": "poller.busae", "line": 239, "message": "BUSAE — ciclo 1"}
{"timestamp": "2026-09-19T03:01:30-0500", "level": "ERROR", "logger": "poller.busae", "line": 103, "message": "Error iniciando browser BUSAE: No module named 'greenlet._greenlet'"}
{"timestamp": "2026-09-19T03:01:30-0500", "level": "WARNING", "logger": "poller.busae", "line": 251, "message": "BUSAE — sin datos en este ciclo"}
{"timestamp": "2026-09-19T03:01:30-0500", "level": "INFO", "logger": "poller.genesis", "line": 194, "message": "Genesis — iniciando ciclo de extracción..."}
{"timestamp": "2026-09-19T03:01:30-0500", "level": "ERROR", "logger": "poller.genesis", "line": 60, "message": "Error login Genesis: HTTPConnectionPool(host='genesis.mibus.com', port=80): Max retries exceeded with url: /tic/oi/gateway.php (Caused by NameResolutionError("HTTPConnection(host='genesis.mibus.com', port=80): Failed to resolve 'genesis.mibus.com' ([Errno 11001] getaddrinfo failed)"))"}
{"timestamp": "2026-09-19T03:01:30-0500", "level": "WARNING", "logger": "poller.genesis", "line": 196, "message": "Genesis — ciclo omitido (login fallido)"}
{"timestamp": "2026-09-19T03:01:32-0500", "level": "WARNING", "logger": "buses.services.busae", "line": 328, "message": "[BUSAE] Circuit Breaker abierto: Circuito abierto para 'busae_fetch'. Se reintentará en 300s.. Aplicando fallback de caché."}
{"timestamp": "2026-09-19T03:01:32-0500", "level": "ERROR", "logger": "shared.decorators", "line": 96, "message": "[CIRCUIT_BREAKER] test_breaker_unit: Umbral de fallas (2) alcanzado. Circuito ABIERTO durante 10s."}
{"timestamp": "2026-09-19T03:01:32-0500", "level": "WARNING", "logger": "shared.decorators", "line": 36, "message": "[RETRY] Intento 1/3 para flaky_function falló (Falla temporal simulada). Reintentando en 0.01 segundos..."}
{"timestamp": "2026-09-19T03:01:32-0500", "level": "WARNING", "logger": "shared.decorators", "line": 36, "message": "[RETRY] Intento 2/3 para flaky_function falló (Falla temporal simulada). Reintentando en 0.01 segundos..."}
{"timestamp": "2026-09-19T03:01:57-0500", "level": "WARNING", "logger": "buses.services.busae", "line": 328, "message": "[BUSAE] Circuit Breaker abierto: Circuito abierto para 'busae_fetch'. Se reintentará en 300s.. Aplicando fallback de caché."}
{"timestamp": "2026-09-19T03:01:57-0500", "level": "ERROR", "logger": "shared.decorators", "line": 96, "message": "[CIRCUIT_BREAKER] test_breaker_unit: Umbral de fallas (2) alcanzado. Circuito ABIERTO durante 10s."}
{"timestamp": "2026-09-19T03:01:57-0500", "level": "WARNING", "logger": "shared.decorators", "line": 36, "message": "[RETRY] Intento 1/3 para flaky_function falló (Falla temporal simulada). Reintentando en 0.01 segundos..."}
{"timestamp": "2026-09-19T03:01:57-0500", "level": "WARNING", "logger": "shared.decorators", "line": 36, "message": "[RETRY] Intento 2/3 para flaky_function falló (Falla temporal simulada). Reintentando en 0.01 segundos..."}
{"timestamp": "2026-09-19T03:02:09-0500", "level": "WARNING", "logger": "buses.services.busae", "line": 328, "message": "[BUSAE] Circuit Breaker abierto: Circuito abierto para 'busae_fetch'. Se reintentará en 300s.. Aplicando fallback de caché."}
{"timestamp": "2026-09-19T03:02:09-0500", "level": "ERROR", "logger": "shared.decorators", "line": 96, "message": "[CIRCUIT_BREAKER] test_breaker_unit: Umbral de fallas (2) alcanzado. Circuito ABIERTO durante 10s."}
{"timestamp": "2026-09-19T03:02:10-0500", "level": "WARNING", "logger": "shared.decorators", "line": 36, "message": "[RETRY] Intento 1/3 para flaky_function falló (Falla temporal simulada). Reintentando en 0.01 segundos..."}
{"timestamp": "2026-09-19T03:02:10-0500", "level": "WARNING", "logger": "shared.decorators", "line": 36, "message": "[RETRY] Intento 2/3 para flaky_function falló (Falla temporal simulada). Reintentando en 0.01 segundos..."}
{"timestamp": "2026-09-19T03:04:04-0500", "level": "WARNING", "logger": "buses.services.busae", "line": 328, "message": "[BUSAE] Circuit Breaker abierto: Circuito abierto para 'busae_fetch'. Se reintentará en 300s.. Aplicando fallback de caché."}
{"timestamp": "2026-09-19T03:04:04-0500", "level": "ERROR", "logger": "shared.decorators", "line": 96, "message": "[CIRCUIT_BREAKER] test_breaker_unit: Umbral de fallas (2) alcanzado. Circuito ABIERTO durante 10s."}
{"timestamp": "2026-09-19T03:04:05-0500", "level": "WARNING", "logger": "shared.decorators", "line": 36, "message": "[RETRY] Intento 1/3 para flaky_function falló (Falla temporal simulada). Reintentando en 0.01 segundos..."}
{"timestamp": "2026-09-19T03:04:05-0500", "level": "WARNING", "logger": "shared.decorators", "line": 36, "message": "[RETRY] Intento 2/3 para flaky_function falló (Falla temporal simulada). Reintentando en 0.01 segundos..."}
{"timestamp": "2026-09-19T03:05:00-0500", "level": "WARNING", "logger": "buses.services.busae", "line": 328, "message": "[BUSAE] Circuit Breaker abierto: Circuito abierto para 'busae_fetch'. Se reintentará en 300s.. Aplicando fallback de caché."}
{"timestamp": "2026-09-19T03:05:02-0500", "level": "ERROR", "logger": "shared.decorators", "line": 96, "message": "[CIRCUIT_BREAKER] test_breaker_unit: Umbral de fallas (2) alcanzado. Circuito ABIERTO durante 10s."}
{"timestamp": "2026-09-19T03:05:02-0500", "level": "WARNING", "logger": "shared.decorators", "line": 36, "message": "[RETRY] Intento 1/3 para flaky_function falló (Falla temporal simulada). Reintentando en 0.01 segundos..."}
{"timestamp": "2026-09-19T03:05:02-0500", "level": "WARNING", "logger": "shared.decorators", "line": 36, "message": "[RETRY] Intento 2/3 para flaky_function falló (Falla temporal simulada). Reintentando en 0.01 segundos..."}
{"timestamp": "2026-09-19T03:06:27-0500", "level": "WARNING", "logger": "buses.services.busae", "line": 328, "message": "[BUSAE] Circuit Breaker abierto: Circuito abierto para 'busae_fetch'. Se reintentará en 300s.. Aplicando fallback de caché."}
{"timestamp": "2026-09-19T03:06:32-0500", "level": "ERROR", "logger": "shared.decorators", "line": 96, "message": "[CIRCUIT_BREAKER] test_breaker_unit: Umbral de fallas (2) alcanzado. Circuito ABIERTO durante 10s."}
{"timestamp": "2026-09-19T03:06:32-0500", "level": "WARNING", "logger": "shared.decorators", "line": 36, "message": "[RETRY] Intento 1/3 para flaky_function falló (Falla temporal simulada). Reintentando en 0.01 segundos..."}
{"timestamp": "2026-09-19T03:06:32-0500", "level": "WARNING", "logger": "shared.decorators", "line": 36, "message": "[RETRY] Intento 2/3 para flaky_function falló (Falla temporal simulada). Reintentando en 0.01 segundos..."}
{"timestamp": "2026-09-19T03:08:18-0500", "level": "WARNING", "logger": "buses.services.busae", "line": 328, "message": "[BUSAE] Circuit Breaker abierto: Circuito abierto para 'busae_fetch'. Se reintentará en 300s.. Aplicando fallback de caché."}
{"timestamp": "2026-09-19T03:08:22-0500", "level": "ERROR", "logger": "shared.decorators", "line": 96, "message": "[CIRCUIT_BREAKER] test_breaker_unit: Umbral de fallas (2) alcanzado. Circuito ABIERTO durante 10s."}
{"timestamp": "2026-09-19T03:08:22-0500", "level": "WARNING", "logger": "shared.decorators", "line": 36, "message": "[RETRY] Intento 1/3 para flaky_function falló (Falla temporal simulada). Reintentando en 0.01 segundos..."}
{"timestamp": "2026-09-19T03:08:22-0500", "level": "WARNING", "logger": "shared.decorators", "line": 36, "message": "[RETRY] Intento 2/3 para flaky_function falló (Falla temporal simulada). Reintentando en 0.01 segundos..."}
{"timestamp": "2026-09-19T03:25:28-0500", "level": "WARNING", "logger": "buses.services.busae", "line": 328, "message": "[BUSAE] Circuit Breaker abierto: Circuito abierto para 'busae_fetch'. Se reintentará en 300s.. Aplicando fallback de caché."}
{"timestamp": "2026-09-19T03:25:35-0500", "level": "ERROR", "logger": "shared.decorators", "line": 96, "message": "[CIRCUIT_BREAKER] test_breaker_unit: Umbral de fallas (2) alcanzado. Circuito ABIERTO durante 10s."}
{"timestamp": "2026-09-19T03:25:35-0500", "level": "WARNING", "logger": "shared.decorators", "line": 36, "message": "[RETRY] Intento 1/3 para flaky_function falló (Falla temporal simulada). Reintentando en 0.01 segundos..."}
{"timestamp": "2026-09-19T03:25:35-0500", "level": "WARNING", "logger": "shared.decorators", "line": 36, "message": "[RETRY] Intento 2/3 para flaky_function falló (Falla temporal simulada). Reintentando en 0.01 segundos..."}
{"timestamp": "2026-09-19T03:30:22-0500", "level": "INFO", "logger": "poller.busae", "line": 239, "message": "BUSAE — ciclo 1"}
{"timestamp": "2026-09-19T03:30:22-0500", "level": "ERROR", "logger": "poller.busae", "line": 103, "message": "Error iniciando browser BUSAE: No module named 'greenlet._greenlet'"}
{"timestamp": "2026-09-19T03:30:22-0500", "level": "WARNING", "logger": "poller.busae", "line": 251, "message": "BUSAE — sin datos en este ciclo"}
{"timestamp": "2026-09-19T03:30:33-0500", "level": "WARNING", "logger": "buses.services.busae", "line": 328, "message": "[BUSAE] Circuit Breaker abierto: Circuito abierto para 'busae_fetch'. Se reintentará en 300s.. Aplicando fallback de caché."}
{"timestamp": "2026-09-19T03:30:38-0500", "level": "ERROR", "logger": "shared.decorators", "line": 96, "message": "[CIRCUIT_BREAKER] test_breaker_unit: Umbral de fallas (2) alcanzado. Circuito ABIERTO durante 10s."}
{"timestamp": "2026-09-19T03:30:38-0500", "level": "WARNING", "logger": "shared.decorators", "line": 36, "message": "[RETRY] Intento 1/3 para flaky_function falló (Falla temporal simulada). Reintentando en 0.01 segundos..."}
{"timestamp": "2026-09-19T03:30:38-0500", "level": "WARNING", "logger": "shared.decorators", "line": 36, "message": "[RETRY] Intento 2/3 para flaky_function falló (Falla temporal simulada). Reintentando en 0.01 segundos..."}
{"timestamp": "2026-09-19T03:33:40-0500", "level": "WARNING", "logger": "buses.services.busae", "line": 328, "message": "[BUSAE] Circuit Breaker abierto: Circuito abierto para 'busae_fetch'. Se reintentará en 300s.. Aplicando fallback de caché."}
{"timestamp": "2026-09-19T03:33:45-0500", "level": "ERROR", "logger": "shared.decorators", "line": 96, "message": "[CIRCUIT_BREAKER] test_breaker_unit: Umbral de fallas (2) alcanzado. Circuito ABIERTO durante 10s."}
{"timestamp": "2026-09-19T03:33:45-0500", "level": "WARNING", "logger": "shared.decorators", "line": 36, "message": "[RETRY] Intento 1/3 para flaky_function falló (Falla temporal simulada). Reintentando en 0.01 segundos..."}
{"timestamp": "2026-09-19T03:33:45-0500", "level": "WARNING", "logger": "shared.decorators", "line": 36, "message": "[RETRY] Intento 2/3 para flaky_function falló (Falla temporal simulada). Reintentando en 0.01 segundos..."}
{"timestamp": "2026-09-19T03:59:36-0500", "level": "WARNING", "logger": "buses.services.busae", "line": 328, "message": "[BUSAE] Circuit Breaker abierto: Circuito abierto para 'busae_fetch'. Se reintentará en 300s.. Aplicando fallback de caché."}
{"timestamp": "2026-09-19T03:59:40-0500", "level": "ERROR", "logger": "shared.decorators", "line": 96, "message": "[CIRCUIT_BREAKER] test_breaker_unit: Umbral de fallas (2) alcanzado. Circuito ABIERTO durante 10s."}
{"timestamp": "2026-09-19T03:59:40-0500", "level": "WARNING", "logger": "shared.decorators", "line": 36, "message": "[RETRY] Intento 1/3 para flaky_function falló (Falla temporal simulada). Reintentando en 0.01 segundos..."}
{"timestamp": "2026-09-19T03:59:40-0500", "level": "WARNING", "logger": "shared.decorators", "line": 36, "message": "[RETRY] Intento 2/3 para flaky_function falló (Falla temporal simulada). Reintentando en 0.01 segundos..."}
{"timestamp": "2026-09-19T13:35:00-0500", "level": "INFO", "logger": "buses.tasks", "line": 31, "message": "[TASK_BUSAE] Iniciando ciclo de sincronización GPS BUSAE..."}
{"timestamp": "2026-09-19T13:35:00-0500", "level": "WARNING", "logger": "buses.services.busae", "line": 209, "message": "[BUSAE] Credenciales no configuradas."}
{"timestamp": "2026-09-19T13:35:02-0500", "level": "WARNING", "logger": "buses.services.busae", "line": 209, "message": "[BUSAE] Credenciales no configuradas."}
{"timestamp": "2026-09-19T13:35:06-0500", "level": "WARNING", "logger": "buses.services.busae", "line": 209, "message": "[BUSAE] Credenciales no configuradas."}
{"timestamp": "2026-09-19T13:35:06-0500", "level": "ERROR", "logger": "buses.services.busae", "line": 339, "message": "[BUSAE] Error durante ciclo de sincronización: Credenciales de BUSAE ausentes."}
Traceback (most recent call last):
  File "C:\Proyectos\Bitacora E.E\backend\buses\services\busae_service.py", line 317, in sync
    raw_items = self.fetch_raw_data()
  File "C:\Proyectos\Bitacora E.E\backend\shared\decorators.py", line 115, in wrapper
    result = func(*args, **kwargs)
  File "C:\Proyectos\Bitacora E.E\backend\shared\decorators.py", line 27, in wrapper
    return func(*args, **kwargs)
  File "C:\Proyectos\Bitacora E.E\backend\buses\services\busae_service.py", line 210, in fetch_raw_data
    raise BusaeIntegrationError("Credenciales de BUSAE ausentes.")
shared.exceptions.BusaeIntegrationError: Credenciales de BUSAE ausentes.
{"timestamp": "2026-09-19T13:35:06-0500", "level": "INFO", "logger": "buses.tasks", "line": 35, "message": "[TASK_BUSAE] Ciclo completado: {'status': 'degraded', 'error': 'Credenciales de BUSAE ausentes.', 'cached_items': 0, 'fallback_applied': False}"}
{"timestamp": "2026-09-19T13:40:00-0500", "level": "INFO", "logger": "buses.tasks", "line": 31, "message": "[TASK_BUSAE] Iniciando ciclo de sincronización GPS BUSAE..."}
{"timestamp": "2026-09-19T13:40:00-0500", "level": "WARNING", "logger": "buses.services.busae", "line": 209, "message": "[BUSAE] Credenciales no configuradas."}
{"timestamp": "2026-09-19T13:40:02-0500", "level": "WARNING", "logger": "buses.services.busae", "line": 209, "message": "[BUSAE] Credenciales no configuradas."}
{"timestamp": "2026-09-19T13:40:06-0500", "level": "WARNING", "logger": "buses.services.busae", "line": 209, "message": "[BUSAE] Credenciales no configuradas."}
{"timestamp": "2026-09-19T13:40:06-0500", "level": "ERROR", "logger": "buses.services.busae", "line": 339, "message": "[BUSAE] Error durante ciclo de sincronización: Credenciales de BUSAE ausentes."}
Traceback (most recent call last):
  File "C:\Proyectos\Bitacora E.E\backend\buses\services\busae_service.py", line 317, in sync
    raw_items = self.fetch_raw_data()
  File "C:\Proyectos\Bitacora E.E\backend\shared\decorators.py", line 115, in wrapper
    result = func(*args, **kwargs)
  File "C:\Proyectos\Bitacora E.E\backend\shared\decorators.py", line 27, in wrapper
    return func(*args, **kwargs)
  File "C:\Proyectos\Bitacora E.E\backend\buses\services\busae_service.py", line 210, in fetch_raw_data
    raise BusaeIntegrationError("Credenciales de BUSAE ausentes.")
shared.exceptions.BusaeIntegrationError: Credenciales de BUSAE ausentes.
{"timestamp": "2026-09-19T13:40:06-0500", "level": "INFO", "logger": "buses.tasks", "line": 35, "message": "[TASK_BUSAE] Ciclo completado: {'status': 'degraded', 'error': 'Credenciales de BUSAE ausentes.', 'cached_items': 0, 'fallback_applied': False}"}
{"timestamp": "2026-09-19T13:45:00-0500", "level": "INFO", "logger": "buses.tasks", "line": 67, "message": "[TASK_GENESIS] Iniciando sincronización de datos Génesis..."}
{"timestamp": "2026-09-19T13:45:19-0500", "level": "ERROR", "logger": "buses.services.genesis", "line": 268, "message": "[GENESIS] Error en sincronización: Error de conexión en autenticación Genesis: HTTPConnectionPool(host='genesis.mibus.com', port=80): Max retries exceeded with url: /tic/oi/gateway.php (Caused by NameResolutionError("HTTPConnection(host='genesis.mibus.com', port=80): Failed to resolve 'genesis.mibus.com' ([Errno 11001] getaddrinfo failed)"))"}
Traceback (most recent call last):
  File "C:\Proyectos\Bitacora E.E\backend\venv\Lib\site-packages\urllib3\connection.py", line 239, in _new_conn
    sock = connection.create_connection(
        (self._dns_host, self.port),
    ...<2 lines>...
        socket_options=self.socket_options,
    )
  File "C:\Proyectos\Bitacora E.E\backend\venv\Lib\site-packages\urllib3\util\connection.py", line 60, in create_connection
    for res in socket.getaddrinfo(host, port, family, socket.SOCK_STREAM):
               ~~~~~~~~~~~~~~~~~~^^^^^^^^^^^^^^^^^^^^^^^^^^^^^^^^^^^^^^^^
  File "C:\Python314\Lib\socket.py", line 989, in getaddrinfo
    for res in _socket.getaddrinfo(host, port, family, type, proto, flags):
               ~~~~~~~~~~~~~~~~~~~^^^^^^^^^^^^^^^^^^^^^^^^^^^^^^^^^^^^^^^^
socket.gaierror: [Errno 11001] getaddrinfo failed

The above exception was the direct cause of the following exception:

Traceback (most recent call last):
  File "C:\Proyectos\Bitacora E.E\backend\venv\Lib\site-packages\urllib3\connectionpool.py", line 793, in urlopen
    response = self._make_request(
        conn,
    ...<10 lines>...
        **response_kw,
    )
  File "C:\Proyectos\Bitacora E.E\backend\venv\Lib\site-packages\urllib3\connectionpool.py", line 499, in _make_request
    conn.request(
    ~~~~~~~~~~~~^
        method,
        ^^^^^^^
    ...<6 lines>...
        enforce_content_length=enforce_content_length,
        ^^^^^^^^^^^^^^^^^^^^^^^^^^^^^^^^^^^^^^^^^^^^^^
    )
    ^
  File "C:\Proyectos\Bitacora E.E\backend\venv\Lib\site-packages\urllib3\connection.py", line 567, in request
    self.endheaders()
    ~~~~~~~~~~~~~~~^^
  File "C:\Python314\Lib\http\client.py", line 1381, in endheaders
    self._send_output(message_body, encode_chunked=encode_chunked)
    ~~~~~~~~~~~~~~~~~^^^^^^^^^^^^^^^^^^^^^^^^^^^^^^^^^^^^^^^^^^^^^
  File "C:\Python314\Lib\http\client.py", line 1141, in _send_output
    self.send(msg)
    ~~~~~~~~~^^^^^
  File "C:\Python314\Lib\http\client.py", line 1085, in send
    self.connect()
    ~~~~~~~~~~~~^^
  File "C:\Proyectos\Bitacora E.E\backend\venv\Lib\site-packages\urllib3\connection.py", line 398, in connect
    self.sock = self._new_conn()
                ~~~~~~~~~~~~~~^^
  File "C:\Proyectos\Bitacora E.E\backend\venv\Lib\site-packages\urllib3\connection.py", line 246, in _new_conn
    raise NameResolutionError(self.host, self, e) from e
urllib3.exceptions.NameResolutionError: HTTPConnection(host='genesis.mibus.com', port=80): Failed to resolve 'genesis.mibus.com' ([Errno 11001] getaddrinfo failed)

The above exception was the direct cause of the following exception:

Traceback (most recent call last):
  File "C:\Proyectos\Bitacora E.E\backend\venv\Lib\site-packages\requests\adapters.py", line 696, in send
    resp = conn.urlopen(
        method=request.method,
    ...<9 lines>...
        chunked=chunked,
    )
  File "C:\Proyectos\Bitacora E.E\backend\venv\Lib\site-packages\urllib3\connectionpool.py", line 847, in urlopen
    retries = retries.increment(
        method, url, error=new_e, _pool=self, _stacktrace=sys.exc_info()[2]
    )
  File "C:\Proyectos\Bitacora E.E\backend\venv\Lib\site-packages\urllib3\util\retry.py", line 555, in increment
    raise MaxRetryError(_pool, url, reason) from reason  # type: ignore[arg-type]
    ^^^^^^^^^^^^^^^^^^^^^^^^^^^^^^^^^^^^^^^^^^^^^^^^^^^
urllib3.exceptions.MaxRetryError: HTTPConnectionPool(host='genesis.mibus.com', port=80): Max retries exceeded with url: /tic/oi/gateway.php (Caused by NameResolutionError("HTTPConnection(host='genesis.mibus.com', port=80): Failed to resolve 'genesis.mibus.com' ([Errno 11001] getaddrinfo failed)"))

During handling of the above exception, another exception occurred:

Traceback (most recent call last):
  File "C:\Proyectos\Bitacora E.E\backend\buses\services\genesis_service.py", line 84, in authenticate
    res = session.post(
        self.endpoint,
    ...<6 lines>...
        timeout=15
    )
  File "C:\Proyectos\Bitacora E.E\backend\venv\Lib\site-packages\requests\sessions.py", line 712, in post
    return self.request("POST", url, data=data, json=json, **kwargs)
           ~~~~~~~~~~~~^^^^^^^^^^^^^^^^^^^^^^^^^^^^^^^^^^^^^^^^^^^^^
  File "C:\Proyectos\Bitacora E.E\backend\venv\Lib\site-packages\requests\sessions.py", line 651, in request
    resp = self.send(prep, **send_kwargs)
  File "C:\Proyectos\Bitacora E.E\backend\venv\Lib\site-packages\requests\sessions.py", line 784, in send
    r = adapter.send(request, **kwargs)
  File "C:\Proyectos\Bitacora E.E\backend\venv\Lib\site-packages\requests\adapters.py", line 729, in send
    raise ConnectionError(e, request=request)
requests.exceptions.ConnectionError: HTTPConnectionPool(host='genesis.mibus.com', port=80): Max retries exceeded with url: /tic/oi/gateway.php (Caused by NameResolutionError("HTTPConnection(host='genesis.mibus.com', port=80): Failed to resolve 'genesis.mibus.com' ([Errno 11001] getaddrinfo failed)"))

During handling of the above exception, another exception occurred:

Traceback (most recent call last):
  File "C:\Proyectos\Bitacora E.E\backend\buses\services\genesis_service.py", line 249, in sync
    items = self.fetch_monitoreo(use_cache=not force_refresh)
  File "C:\Proyectos\Bitacora E.E\backend\shared\decorators.py", line 115, in wrapper
    result = func(*args, **kwargs)
  File "C:\Proyectos\Bitacora E.E\backend\shared\decorators.py", line 27, in wrapper
    return func(*args, **kwargs)
  File "C:\Proyectos\Bitacora E.E\backend\buses\services\genesis_service.py", line 111, in fetch_monitoreo
    self.authenticate(session)
    ~~~~~~~~~~~~~~~~~^^^^^^^^^
  File "C:\Proyectos\Bitacora E.E\backend\shared\decorators.py", line 115, in wrapper
    result = func(*args, **kwargs)
  File "C:\Proyectos\Bitacora E.E\backend\shared\decorators.py", line 27, in wrapper
    return func(*args, **kwargs)
  File "C:\Proyectos\Bitacora E.E\backend\buses\services\genesis_service.py", line 99, in authenticate
    raise GenesisIntegrationError(f"Error de conexión en autenticación Genesis: {str(e)}")
shared.exceptions.GenesisIntegrationError: Error de conexión en autenticación Genesis: HTTPConnectionPool(host='genesis.mibus.com', port=80): Max retries exceeded with url: /tic/oi/gateway.php (Caused by NameResolutionError("HTTPConnection(host='genesis.mibus.com', port=80): Failed to resolve 'genesis.mibus.com' ([Errno 11001] getaddrinfo failed)"))
{"timestamp": "2026-09-19T13:45:19-0500", "level": "INFO", "logger": "buses.tasks", "line": 71, "message": "[TASK_GENESIS] Ciclo completado: {'status': 'error', 'error': 'Error de conexión en autenticación Genesis: HTTPConnectionPool(host=\'genesis.mibus.com\', port=80): Max retries exceeded with url: /tic/oi/gateway.php (Caused by NameResolutionError("HTTPConnection(host=\'genesis.mibus.com\', port=80): Failed to resolve \'genesis.mibus.com\' ([Errno 11001] getaddrinfo failed)"))', 'fallback': True}"}
{"timestamp": "2026-09-19T13:45:19-0500", "level": "INFO", "logger": "buses.tasks", "line": 31, "message": "[TASK_BUSAE] Iniciando ciclo de sincronización GPS BUSAE..."}
{"timestamp": "2026-09-19T13:45:20-0500", "level": "WARNING", "logger": "buses.services.busae", "line": 209, "message": "[BUSAE] Credenciales no configuradas."}
{"timestamp": "2026-09-19T13:45:22-0500", "level": "WARNING", "logger": "buses.services.busae", "line": 209, "message": "[BUSAE] Credenciales no configuradas."}
{"timestamp": "2026-09-19T13:45:26-0500", "level": "WARNING", "logger": "buses.services.busae", "line": 209, "message": "[BUSAE] Credenciales no configuradas."}
{"timestamp": "2026-09-19T13:45:26-0500", "level": "ERROR", "logger": "buses.services.busae", "line": 339, "message": "[BUSAE] Error durante ciclo de sincronización: Credenciales de BUSAE ausentes."}
Traceback (most recent call last):
  File "C:\Proyectos\Bitacora E.E\backend\buses\services\busae_service.py", line 317, in sync
    raw_items = self.fetch_raw_data()
  File "C:\Proyectos\Bitacora E.E\backend\shared\decorators.py", line 115, in wrapper
    result = func(*args, **kwargs)
  File "C:\Proyectos\Bitacora E.E\backend\shared\decorators.py", line 27, in wrapper
    return func(*args, **kwargs)
  File "C:\Proyectos\Bitacora E.E\backend\buses\services\busae_service.py", line 210, in fetch_raw_data
    raise BusaeIntegrationError("Credenciales de BUSAE ausentes.")
shared.exceptions.BusaeIntegrationError: Credenciales de BUSAE ausentes.
{"timestamp": "2026-09-19T13:45:26-0500", "level": "INFO", "logger": "buses.tasks", "line": 35, "message": "[TASK_BUSAE] Ciclo completado: {'status': 'degraded', 'error': 'Credenciales de BUSAE ausentes.', 'cached_items': 0, 'fallback_applied': False}"}
{"timestamp": "2026-09-19T13:50:00-0500", "level": "INFO", "logger": "buses.tasks", "line": 31, "message": "[TASK_BUSAE] Iniciando ciclo de sincronización GPS BUSAE..."}
{"timestamp": "2026-09-19T13:50:00-0500", "level": "WARNING", "logger": "buses.services.busae", "line": 209, "message": "[BUSAE] Credenciales no configuradas."}
{"timestamp": "2026-09-19T13:50:02-0500", "level": "WARNING", "logger": "buses.services.busae", "line": 209, "message": "[BUSAE] Credenciales no configuradas."}
{"timestamp": "2026-09-19T13:50:06-0500", "level": "WARNING", "logger": "buses.services.busae", "line": 209, "message": "[BUSAE] Credenciales no configuradas."}
{"timestamp": "2026-09-19T13:50:06-0500", "level": "ERROR", "logger": "buses.services.busae", "line": 339, "message": "[BUSAE] Error durante ciclo de sincronización: Credenciales de BUSAE ausentes."}
Traceback (most recent call last):
  File "C:\Proyectos\Bitacora E.E\backend\buses\services\busae_service.py", line 317, in sync
    raw_items = self.fetch_raw_data()
  File "C:\Proyectos\Bitacora E.E\backend\shared\decorators.py", line 115, in wrapper
    result = func(*args, **kwargs)
  File "C:\Proyectos\Bitacora E.E\backend\shared\decorators.py", line 27, in wrapper
    return func(*args, **kwargs)
  File "C:\Proyectos\Bitacora E.E\backend\buses\services\busae_service.py", line 210, in fetch_raw_data
    raise BusaeIntegrationError("Credenciales de BUSAE ausentes.")
shared.exceptions.BusaeIntegrationError: Credenciales de BUSAE ausentes.
{"timestamp": "2026-09-19T13:50:06-0500", "level": "INFO", "logger": "buses.tasks", "line": 35, "message": "[TASK_BUSAE] Ciclo completado: {'status': 'degraded', 'error': 'Credenciales de BUSAE ausentes.', 'cached_items': 0, 'fallback_applied': False}"}
{"timestamp": "2026-09-19T13:55:00-0500", "level": "INFO", "logger": "buses.tasks", "line": 31, "message": "[TASK_BUSAE] Iniciando ciclo de sincronización GPS BUSAE..."}
{"timestamp": "2026-09-19T13:55:00-0500", "level": "WARNING", "logger": "buses.services.busae", "line": 209, "message": "[BUSAE] Credenciales no configuradas."}
{"timestamp": "2026-09-19T13:55:02-0500", "level": "WARNING", "logger": "buses.services.busae", "line": 209, "message": "[BUSAE] Credenciales no configuradas."}
{"timestamp": "2026-09-19T13:55:06-0500", "level": "WARNING", "logger": "buses.services.busae", "line": 209, "message": "[BUSAE] Credenciales no configuradas."}
{"timestamp": "2026-09-19T13:55:06-0500", "level": "ERROR", "logger": "buses.services.busae", "line": 339, "message": "[BUSAE] Error durante ciclo de sincronización: Credenciales de BUSAE ausentes."}
Traceback (most recent call last):
  File "C:\Proyectos\Bitacora E.E\backend\buses\services\busae_service.py", line 317, in sync
    raw_items = self.fetch_raw_data()
  File "C:\Proyectos\Bitacora E.E\backend\shared\decorators.py", line 115, in wrapper
    result = func(*args, **kwargs)
  File "C:\Proyectos\Bitacora E.E\backend\shared\decorators.py", line 27, in wrapper
    return func(*args, **kwargs)
  File "C:\Proyectos\Bitacora E.E\backend\buses\services\busae_service.py", line 210, in fetch_raw_data
    raise BusaeIntegrationError("Credenciales de BUSAE ausentes.")
shared.exceptions.BusaeIntegrationError: Credenciales de BUSAE ausentes.
{"timestamp": "2026-09-19T13:55:06-0500", "level": "INFO", "logger": "buses.tasks", "line": 35, "message": "[TASK_BUSAE] Ciclo completado: {'status': 'degraded', 'error': 'Credenciales de BUSAE ausentes.', 'cached_items': 0, 'fallback_applied': False}"}
{"timestamp": "2026-09-19T14:00:00-0500", "level": "INFO", "logger": "buses.tasks", "line": 67, "message": "[TASK_GENESIS] Iniciando sincronización de datos Génesis..."}
{"timestamp": "2026-09-19T14:00:11-0500", "level": "WARNING", "logger": "buses.services.genesis", "line": 259, "message": "[GENESIS] Circuit breaker abierto: Circuito abierto para 'genesis_login'. Se reintentará en 300s."}
{"timestamp": "2026-09-19T14:00:11-0500", "level": "INFO", "logger": "buses.tasks", "line": 71, "message": "[TASK_GENESIS] Ciclo completado: {'status': 'circuit_open', 'message': "Circuito abierto para 'genesis_login'. Se reintentará en 300s.", 'fallback': True}"}
{"timestamp": "2026-09-19T14:00:11-0500", "level": "INFO", "logger": "buses.tasks", "line": 31, "message": "[TASK_BUSAE] Iniciando ciclo de sincronización GPS BUSAE..."}
{"timestamp": "2026-09-19T14:00:11-0500", "level": "WARNING", "logger": "buses.services.busae", "line": 209, "message": "[BUSAE] Credenciales no configuradas."}
{"timestamp": "2026-09-19T14:00:13-0500", "level": "WARNING", "logger": "buses.services.busae", "line": 209, "message": "[BUSAE] Credenciales no configuradas."}
{"timestamp": "2026-09-19T14:00:17-0500", "level": "WARNING", "logger": "buses.services.busae", "line": 209, "message": "[BUSAE] Credenciales no configuradas."}
{"timestamp": "2026-09-19T14:00:17-0500", "level": "ERROR", "logger": "buses.services.busae", "line": 339, "message": "[BUSAE] Error durante ciclo de sincronización: Credenciales de BUSAE ausentes."}
Traceback (most recent call last):
  File "C:\Proyectos\Bitacora E.E\backend\buses\services\busae_service.py", line 317, in sync
    raw_items = self.fetch_raw_data()
  File "C:\Proyectos\Bitacora E.E\backend\shared\decorators.py", line 115, in wrapper
    result = func(*args, **kwargs)
  File "C:\Proyectos\Bitacora E.E\backend\shared\decorators.py", line 27, in wrapper
    return func(*args, **kwargs)
  File "C:\Proyectos\Bitacora E.E\backend\buses\services\busae_service.py", line 210, in fetch_raw_data
    raise BusaeIntegrationError("Credenciales de BUSAE ausentes.")
shared.exceptions.BusaeIntegrationError: Credenciales de BUSAE ausentes.
{"timestamp": "2026-09-19T14:00:17-0500", "level": "INFO", "logger": "buses.tasks", "line": 35, "message": "[TASK_BUSAE] Ciclo completado: {'status': 'degraded', 'error': 'Credenciales de BUSAE ausentes.', 'cached_items': 0, 'fallback_applied': False}"}
{"timestamp": "2026-09-19T14:05:00-0500", "level": "INFO", "logger": "buses.tasks", "line": 31, "message": "[TASK_BUSAE] Iniciando ciclo de sincronización GPS BUSAE..."}
{"timestamp": "2026-09-19T14:05:00-0500", "level": "WARNING", "logger": "buses.services.busae", "line": 328, "message": "[BUSAE] Circuit Breaker abierto: Circuito abierto para 'busae_fetch'. Se reintentará en 300s.. Aplicando fallback de caché."}
{"timestamp": "2026-09-19T14:05:00-0500", "level": "INFO", "logger": "buses.tasks", "line": 35, "message": "[TASK_BUSAE] Ciclo completado: {'status': 'circuit_open', 'message': "Circuito abierto para 'busae_fetch'. Se reintentará en 300s.", 'cached_items': 0, 'fallback_applied': True}"}
{"timestamp": "2026-09-19T14:10:00-0500", "level": "INFO", "logger": "buses.tasks", "line": 31, "message": "[TASK_BUSAE] Iniciando ciclo de sincronización GPS BUSAE..."}
{"timestamp": "2026-09-19T14:10:00-0500", "level": "WARNING", "logger": "buses.services.busae", "line": 209, "message": "[BUSAE] Credenciales no configuradas."}
{"timestamp": "2026-09-19T14:10:02-0500", "level": "WARNING", "logger": "buses.services.busae", "line": 209, "message": "[BUSAE] Credenciales no configuradas."}
{"timestamp": "2026-09-19T14:10:06-0500", "level": "WARNING", "logger": "buses.services.busae", "line": 209, "message": "[BUSAE] Credenciales no configuradas."}
{"timestamp": "2026-09-19T14:10:06-0500", "level": "ERROR", "logger": "buses.services.busae", "line": 339, "message": "[BUSAE] Error durante ciclo de sincronización: Credenciales de BUSAE ausentes."}
Traceback (most recent call last):
  File "C:\Proyectos\Bitacora E.E\backend\buses\services\busae_service.py", line 317, in sync
    raw_items = self.fetch_raw_data()
  File "C:\Proyectos\Bitacora E.E\backend\shared\decorators.py", line 115, in wrapper
    result = func(*args, **kwargs)
  File "C:\Proyectos\Bitacora E.E\backend\shared\decorators.py", line 27, in wrapper
    return func(*args, **kwargs)
  File "C:\Proyectos\Bitacora E.E\backend\buses\services\busae_service.py", line 210, in fetch_raw_data
    raise BusaeIntegrationError("Credenciales de BUSAE ausentes.")
shared.exceptions.BusaeIntegrationError: Credenciales de BUSAE ausentes.
{"timestamp": "2026-09-19T14:10:06-0500", "level": "INFO", "logger": "buses.tasks", "line": 35, "message": "[TASK_BUSAE] Ciclo completado: {'status': 'degraded', 'error': 'Credenciales de BUSAE ausentes.', 'cached_items': 0, 'fallback_applied': False}"}
{"timestamp": "2026-09-19T14:11:28-0500", "level": "INFO", "logger": "poller.genesis", "line": 194, "message": "Genesis — iniciando ciclo de extracción..."}
{"timestamp": "2026-09-19T14:11:28-0500", "level": "INFO", "logger": "poller.genesis", "line": 55, "message": "Login Genesis exitoso ✓"}
{"timestamp": "2026-09-19T14:11:28-0500", "level": "INFO", "logger": "poller.genesis", "line": 75, "message": "Genesis monitoreo: 1465 registros ✓"}
{"timestamp": "2026-09-19T14:11:49-0500", "level": "INFO", "logger": "poller.genesis", "line": 205, "message": "Genesis — 1465 buses actualizados en BD ✓"}
{"timestamp": "2026-09-19T14:15:00-0500", "level": "INFO", "logger": "buses.tasks", "line": 67, "message": "[TASK_GENESIS] Iniciando sincronización de datos Génesis..."}
{"timestamp": "2026-09-19T14:15:00-0500", "level": "INFO", "logger": "buses.services.genesis", "line": 129, "message": "[GENESIS] Obtenidos 1465 registros frescos desde API."}
{"timestamp": "2026-09-19T14:15:07-0500", "level": "INFO", "logger": "buses.tasks", "line": 71, "message": "[TASK_GENESIS] Ciclo completado: {'status': 'success', 'fetched': 1465, 'saved_or_updated': 17, 'timestamp': '2026-09-19T19:15:07.779720+00:00'}"}
{"timestamp": "2026-09-19T14:15:07-0500", "level": "INFO", "logger": "buses.tasks", "line": 31, "message": "[TASK_BUSAE] Iniciando ciclo de sincronización GPS BUSAE..."}
{"timestamp": "2026-09-19T14:15:07-0500", "level": "WARNING", "logger": "buses.services.busae", "line": 209, "message": "[BUSAE] Credenciales no configuradas."}
{"timestamp": "2026-09-19T14:15:09-0500", "level": "WARNING", "logger": "buses.services.busae", "line": 209, "message": "[BUSAE] Credenciales no configuradas."}
{"timestamp": "2026-09-19T14:15:13-0500", "level": "WARNING", "logger": "buses.services.busae", "line": 209, "message": "[BUSAE] Credenciales no configuradas."}
{"timestamp": "2026-09-19T14:15:13-0500", "level": "ERROR", "logger": "buses.services.busae", "line": 339, "message": "[BUSAE] Error durante ciclo de sincronización: Credenciales de BUSAE ausentes."}
Traceback (most recent call last):
  File "C:\Proyectos\Bitacora E.E\backend\buses\services\busae_service.py", line 317, in sync
    raw_items = self.fetch_raw_data()
  File "C:\Proyectos\Bitacora E.E\backend\shared\decorators.py", line 115, in wrapper
    result = func(*args, **kwargs)
  File "C:\Proyectos\Bitacora E.E\backend\shared\decorators.py", line 27, in wrapper
    return func(*args, **kwargs)
  File "C:\Proyectos\Bitacora E.E\backend\buses\services\busae_service.py", line 210, in fetch_raw_data
    raise BusaeIntegrationError("Credenciales de BUSAE ausentes.")
shared.exceptions.BusaeIntegrationError: Credenciales de BUSAE ausentes.
{"timestamp": "2026-09-19T14:15:13-0500", "level": "INFO", "logger": "buses.tasks", "line": 35, "message": "[TASK_BUSAE] Ciclo completado: {'status': 'degraded', 'error': 'Credenciales de BUSAE ausentes.', 'cached_items': 0, 'fallback_applied': False}"}
{"timestamp": "2026-09-19T14:20:00-0500", "level": "INFO", "logger": "buses.tasks", "line": 31, "message": "[TASK_BUSAE] Iniciando ciclo de sincronización GPS BUSAE..."}
{"timestamp": "2026-09-19T14:20:00-0500", "level": "WARNING", "logger": "buses.services.busae", "line": 328, "message": "[BUSAE] Circuit Breaker abierto: Circuito abierto para 'busae_fetch'. Se reintentará en 300s.. Aplicando fallback de caché."}
{"timestamp": "2026-09-19T14:20:00-0500", "level": "INFO", "logger": "buses.tasks", "line": 35, "message": "[TASK_BUSAE] Ciclo completado: {'status': 'circuit_open', 'message': "Circuito abierto para 'busae_fetch'. Se reintentará en 300s.", 'cached_items': 0, 'fallback_applied': True}"}
{"timestamp": "2026-09-19T14:25:00-0500", "level": "INFO", "logger": "buses.tasks", "line": 31, "message": "[TASK_BUSAE] Iniciando ciclo de sincronización GPS BUSAE..."}
{"timestamp": "2026-09-19T14:25:00-0500", "level": "WARNING", "logger": "buses.services.busae", "line": 209, "message": "[BUSAE] Credenciales no configuradas."}
{"timestamp": "2026-09-19T14:25:02-0500", "level": "WARNING", "logger": "buses.services.busae", "line": 209, "message": "[BUSAE] Credenciales no configuradas."}
{"timestamp": "2026-09-19T14:25:06-0500", "level": "WARNING", "logger": "buses.services.busae", "line": 209, "message": "[BUSAE] Credenciales no configuradas."}
{"timestamp": "2026-09-19T14:25:06-0500", "level": "ERROR", "logger": "buses.services.busae", "line": 339, "message": "[BUSAE] Error durante ciclo de sincronización: Credenciales de BUSAE ausentes."}
Traceback (most recent call last):
  File "C:\Proyectos\Bitacora E.E\backend\buses\services\busae_service.py", line 317, in sync
    raw_items = self.fetch_raw_data()
  File "C:\Proyectos\Bitacora E.E\backend\shared\decorators.py", line 115, in wrapper
    result = func(*args, **kwargs)
  File "C:\Proyectos\Bitacora E.E\backend\shared\decorators.py", line 27, in wrapper
    return func(*args, **kwargs)
  File "C:\Proyectos\Bitacora E.E\backend\buses\services\busae_service.py", line 210, in fetch_raw_data
    raise BusaeIntegrationError("Credenciales de BUSAE ausentes.")
shared.exceptions.BusaeIntegrationError: Credenciales de BUSAE ausentes.
{"timestamp": "2026-09-19T14:25:06-0500", "level": "INFO", "logger": "buses.tasks", "line": 35, "message": "[TASK_BUSAE] Ciclo completado: {'status': 'degraded', 'error': 'Credenciales de BUSAE ausentes.', 'cached_items': 0, 'fallback_applied': False}"}
{"timestamp": "2026-09-19T14:25:42-0500", "level": "INFO", "logger": "poller.genesis", "line": 194, "message": "Genesis — iniciando ciclo de extracción..."}
{"timestamp": "2026-09-19T14:25:42-0500", "level": "INFO", "logger": "poller.genesis", "line": 55, "message": "Login Genesis exitoso ✓"}
{"timestamp": "2026-09-19T14:25:43-0500", "level": "INFO", "logger": "poller.genesis", "line": 75, "message": "Genesis monitoreo: 1465 registros ✓"}
{"timestamp": "2026-09-19T14:25:56-0500", "level": "INFO", "logger": "poller.genesis", "line": 205, "message": "Genesis — 1465 buses actualizados en BD ✓"}
{"timestamp": "2026-09-19T14:26:54-0500", "level": "INFO", "logger": "poller.busae", "line": 246, "message": "BUSAE — ciclo 1"}
{"timestamp": "2026-09-19T14:26:54-0500", "level": "ERROR", "logger": "poller.busae", "line": 103, "message": "Error iniciando browser BUSAE: No module named 'greenlet._greenlet'"}
{"timestamp": "2026-09-19T14:26:54-0500", "level": "WARNING", "logger": "poller.busae", "line": 258, "message": "BUSAE — sin datos en este ciclo"}
{"timestamp": "2026-09-19T14:27:50-0500", "level": "INFO", "logger": "poller.busae", "line": 246, "message": "BUSAE — ciclo 1"}
{"timestamp": "2026-09-19T14:27:50-0500", "level": "ERROR", "logger": "poller.busae", "line": 103, "message": "Error iniciando browser BUSAE: No module named 'greenlet._greenlet'"}
{"timestamp": "2026-09-19T14:27:50-0500", "level": "WARNING", "logger": "poller.busae", "line": 258, "message": "BUSAE — sin datos en este ciclo"}
{"timestamp": "2026-09-19T14:29:25-0500", "level": "INFO", "logger": "poller.busae", "line": 246, "message": "BUSAE — ciclo 1"}
{"timestamp": "2026-09-19T14:29:26-0500", "level": "INFO", "logger": "poller.busae", "line": 77, "message": "Iniciando navegador Playwright (BUSAE)..."}
{"timestamp": "2026-09-19T14:29:47-0500", "level": "INFO", "logger": "poller.busae", "line": 99, "message": "Login BUSAE exitoso ✓"}
{"timestamp": "2026-09-19T14:29:47-0500", "level": "WARNING", "logger": "poller.busae", "line": 132, "message": "Respuesta BUSAE inesperada"}
{"timestamp": "2026-09-19T14:29:47-0500", "level": "WARNING", "logger": "poller.busae", "line": 258, "message": "BUSAE — sin datos en este ciclo"}
{"timestamp": "2026-09-19T14:30:00-0500", "level": "INFO", "logger": "buses.tasks", "line": 31, "message": "[TASK_BUSAE] Iniciando ciclo de sincronización GPS BUSAE..."}
{"timestamp": "2026-09-19T14:30:00-0500", "level": "WARNING", "logger": "buses.services.busae", "line": 328, "message": "[BUSAE] Circuit Breaker abierto: Circuito abierto para 'busae_fetch'. Se reintentará en 300s.. Aplicando fallback de caché."}
{"timestamp": "2026-09-19T14:30:00-0500", "level": "INFO", "logger": "buses.tasks", "line": 35, "message": "[TASK_BUSAE] Ciclo completado: {'status': 'circuit_open', 'message': "Circuito abierto para 'busae_fetch'. Se reintentará en 300s.", 'cached_items': 0, 'fallback_applied': True}"}
{"timestamp": "2026-09-19T14:30:00-0500", "level": "INFO", "logger": "buses.tasks", "line": 67, "message": "[TASK_GENESIS] Iniciando sincronización de datos Génesis..."}
{"timestamp": "2026-09-19T14:30:00-0500", "level": "INFO", "logger": "buses.services.genesis", "line": 107, "message": "[GENESIS] Usando datos de caché Redis (TTL 1h)."}
{"timestamp": "2026-09-19T14:30:06-0500", "level": "INFO", "logger": "buses.tasks", "line": 71, "message": "[TASK_GENESIS] Ciclo completado: {'status': 'success', 'fetched': 1465, 'saved_or_updated': 57, 'timestamp': '2026-09-19T19:30:06.726185+00:00'}"}
{"timestamp": "2026-09-19T14:35:00-0500", "level": "INFO", "logger": "buses.tasks", "line": 31, "message": "[TASK_BUSAE] Iniciando ciclo de sincronización GPS BUSAE..."}
{"timestamp": "2026-09-19T14:35:00-0500", "level": "INFO", "logger": "buses.services.busae", "line": 216, "message": "[BUSAE] Ejecutando extracción headless mediante Playwright..."}
{"timestamp": "2026-09-19T14:35:07-0500", "level": "INFO", "logger": "buses.services.busae", "line": 216, "message": "[BUSAE] Ejecutando extracción headless mediante Playwright..."}
{"timestamp": "2026-09-19T14:35:15-0500", "level": "INFO", "logger": "buses.services.busae", "line": 216, "message": "[BUSAE] Ejecutando extracción headless mediante Playwright..."}
{"timestamp": "2026-09-19T14:35:18-0500", "level": "ERROR", "logger": "buses.services.busae", "line": 339, "message": "[BUSAE] Error durante ciclo de sincronización: La respuesta de BUSAE no contiene datos."}
Traceback (most recent call last):
  File "C:\Proyectos\Bitacora E.E\backend\buses\services\busae_service.py", line 317, in sync
    raw_items = self.fetch_raw_data()
  File "C:\Proyectos\Bitacora E.E\backend\shared\decorators.py", line 115, in wrapper
    result = func(*args, **kwargs)
  File "C:\Proyectos\Bitacora E.E\backend\shared\decorators.py", line 27, in wrapper
    return func(*args, **kwargs)
  File "C:\Proyectos\Bitacora E.E\backend\buses\services\busae_service.py", line 220, in fetch_raw_data
    raise BusaeIntegrationError("La respuesta de BUSAE no contiene datos.")
shared.exceptions.BusaeIntegrationError: La respuesta de BUSAE no contiene datos.
{"timestamp": "2026-09-19T14:35:18-0500", "level": "INFO", "logger": "buses.tasks", "line": 35, "message": "[TASK_BUSAE] Ciclo completado: {'status': 'degraded', 'error': 'La respuesta de BUSAE no contiene datos.', 'cached_items': 0, 'fallback_applied': False}"}
{"timestamp": "2026-09-19T14:35:52-0500", "level": "ERROR", "logger": "asyncio", "line": 1886, "message": "Task was destroyed but it is pending!
task: <Task pending name='Task-2' coro=<Connection.run() running at C:\Proyectos\Bitacora E.E\backend\venv\Lib\site-packages\playwright\_impl\_connection.py:356> wait_for=<Future pending cb=[Task.task_wakeup()]>>"}
{"timestamp": "2026-09-19T14:40:00-0500", "level": "INFO", "logger": "buses.tasks", "line": 31, "message": "[TASK_BUSAE] Iniciando ciclo de sincronización GPS BUSAE..."}
{"timestamp": "2026-09-19T14:40:00-0500", "level": "WARNING", "logger": "buses.services.busae", "line": 328, "message": "[BUSAE] Circuit Breaker abierto: Circuito abierto para 'busae_fetch'. Se reintentará en 300s.. Aplicando fallback de caché."}
{"timestamp": "2026-09-19T14:40:00-0500", "level": "INFO", "logger": "buses.tasks", "line": 35, "message": "[TASK_BUSAE] Ciclo completado: {'status': 'circuit_open', 'message': "Circuito abierto para 'busae_fetch'. Se reintentará en 300s.", 'cached_items': 0, 'fallback_applied': True}"}
{"timestamp": "2026-09-19T14:44:52-0500", "level": "INFO", "logger": "poller.busae", "line": 77, "message": "Iniciando navegador Playwright (BUSAE)..."}
{"timestamp": "2026-09-19T14:44:59-0500", "level": "INFO", "logger": "poller.busae", "line": 99, "message": "Login BUSAE exitoso ✓"}
{"timestamp": "2026-09-19T14:45:00-0500", "level": "INFO", "logger": "buses.tasks", "line": 67, "message": "[TASK_GENESIS] Iniciando sincronización de datos Génesis..."}
{"timestamp": "2026-09-19T14:45:00-0500", "level": "INFO", "logger": "buses.services.genesis", "line": 107, "message": "[GENESIS] Usando datos de caché Redis (TTL 1h)."}
{"timestamp": "2026-09-19T14:45:04-0500", "level": "INFO", "logger": "buses.tasks", "line": 71, "message": "[TASK_GENESIS] Ciclo completado: {'status': 'success', 'fetched': 1465, 'saved_or_updated': 0, 'timestamp': '2026-09-19T19:45:04.275691+00:00'}"}
{"timestamp": "2026-09-19T14:45:04-0500", "level": "INFO", "logger": "buses.tasks", "line": 31, "message": "[TASK_BUSAE] Iniciando ciclo de sincronización GPS BUSAE..."}
{"timestamp": "2026-09-19T14:45:04-0500", "level": "INFO", "logger": "buses.services.busae", "line": 216, "message": "[BUSAE] Ejecutando extracción headless mediante Playwright..."}
{"timestamp": "2026-09-19T14:45:09-0500", "level": "INFO", "logger": "buses.services.busae", "line": 216, "message": "[BUSAE] Ejecutando extracción headless mediante Playwright..."}
{"timestamp": "2026-09-19T14:45:17-0500", "level": "INFO", "logger": "buses.services.busae", "line": 216, "message": "[BUSAE] Ejecutando extracción headless mediante Playwright..."}
{"timestamp": "2026-09-19T14:45:20-0500", "level": "ERROR", "logger": "buses.services.busae", "line": 339, "message": "[BUSAE] Error durante ciclo de sincronización: La respuesta de BUSAE no contiene datos."}
Traceback (most recent call last):
  File "C:\Proyectos\Bitacora E.E\backend\buses\services\busae_service.py", line 317, in sync
    raw_items = self.fetch_raw_data()
  File "C:\Proyectos\Bitacora E.E\backend\shared\decorators.py", line 115, in wrapper
    result = func(*args, **kwargs)
  File "C:\Proyectos\Bitacora E.E\backend\shared\decorators.py", line 27, in wrapper
    return func(*args, **kwargs)
  File "C:\Proyectos\Bitacora E.E\backend\buses\services\busae_service.py", line 220, in fetch_raw_data
    raise BusaeIntegrationError("La respuesta de BUSAE no contiene datos.")
shared.exceptions.BusaeIntegrationError: La respuesta de BUSAE no contiene datos.
{"timestamp": "2026-09-19T14:45:20-0500", "level": "INFO", "logger": "buses.tasks", "line": 35, "message": "[TASK_BUSAE] Ciclo completado: {'status': 'degraded', 'error': 'La respuesta de BUSAE no contiene datos.', 'cached_items': 0, 'fallback_applied': False}"}
{"timestamp": "2026-09-19T14:50:00-0500", "level": "INFO", "logger": "buses.tasks", "line": 31, "message": "[TASK_BUSAE] Iniciando ciclo de sincronización GPS BUSAE..."}
{"timestamp": "2026-09-19T14:50:00-0500", "level": "WARNING", "logger": "buses.services.busae", "line": 328, "message": "[BUSAE] Circuit Breaker abierto: Circuito abierto para 'busae_fetch'. Se reintentará en 300s.. Aplicando fallback de caché."}
{"timestamp": "2026-09-19T14:50:00-0500", "level": "INFO", "logger": "buses.tasks", "line": 35, "message": "[TASK_BUSAE] Ciclo completado: {'status': 'circuit_open', 'message': "Circuito abierto para 'busae_fetch'. Se reintentará en 300s.", 'cached_items': 0, 'fallback_applied': True}"}
{"timestamp": "2026-09-19T14:51:56-0500", "level": "INFO", "logger": "poller.busae", "line": 77, "message": "Iniciando navegador Playwright (BUSAE)..."}
{"timestamp": "2026-09-19T14:51:59-0500", "level": "INFO", "logger": "poller.busae", "line": 92, "message": "Banner de cookies aceptado"}
{"timestamp": "2026-09-19T14:52:00-0500", "level": "INFO", "logger": "poller.busae", "line": 103, "message": "URL después de login: https://login.busae.com/user-management/auth/login"}
{"timestamp": "2026-09-19T14:52:00-0500", "level": "ERROR", "logger": "poller.busae", "line": 107, "message": "Login BUSAE fallido — credenciales incorrectas o página de login"}
{"timestamp": "2026-09-19T14:55:00-0500", "level": "INFO", "logger": "buses.tasks", "line": 31, "message": "[TASK_BUSAE] Iniciando ciclo de sincronización GPS BUSAE..."}
{"timestamp": "2026-09-19T14:55:00-0500", "level": "INFO", "logger": "buses.services.busae", "line": 216, "message": "[BUSAE] Ejecutando extracción headless mediante Playwright..."}
{"timestamp": "2026-09-19T14:55:07-0500", "level": "INFO", "logger": "buses.services.busae", "line": 216, "message": "[BUSAE] Ejecutando extracción headless mediante Playwright..."}
{"timestamp": "2026-09-19T14:55:15-0500", "level": "INFO", "logger": "buses.services.busae", "line": 216, "message": "[BUSAE] Ejecutando extracción headless mediante Playwright..."}
{"timestamp": "2026-09-19T14:55:18-0500", "level": "ERROR", "logger": "buses.services.busae", "line": 339, "message": "[BUSAE] Error durante ciclo de sincronización: La respuesta de BUSAE no contiene datos."}
Traceback (most recent call last):
  File "C:\Proyectos\Bitacora E.E\backend\buses\services\busae_service.py", line 317, in sync
    raw_items = self.fetch_raw_data()
  File "C:\Proyectos\Bitacora E.E\backend\shared\decorators.py", line 115, in wrapper
    result = func(*args, **kwargs)
  File "C:\Proyectos\Bitacora E.E\backend\shared\decorators.py", line 27, in wrapper
    return func(*args, **kwargs)
  File "C:\Proyectos\Bitacora E.E\backend\buses\services\busae_service.py", line 220, in fetch_raw_data
    raise BusaeIntegrationError("La respuesta de BUSAE no contiene datos.")
shared.exceptions.BusaeIntegrationError: La respuesta de BUSAE no contiene datos.
{"timestamp": "2026-09-19T14:55:18-0500", "level": "INFO", "logger": "buses.tasks", "line": 35, "message": "[TASK_BUSAE] Ciclo completado: {'status': 'degraded', 'error': 'La respuesta de BUSAE no contiene datos.', 'cached_items': 0, 'fallback_applied': False}"}
{"timestamp": "2026-09-19T14:56:22-0500", "level": "INFO", "logger": "poller.busae", "line": 77, "message": "Iniciando navegador Playwright (BUSAE)..."}
{"timestamp": "2026-09-19T14:56:24-0500", "level": "INFO", "logger": "poller.busae", "line": 92, "message": "Banner de cookies aceptado"}
{"timestamp": "2026-09-19T14:56:25-0500", "level": "INFO", "logger": "poller.busae", "line": 103, "message": "URL después de login: https://login.busae.com/user-management/auth/login"}
{"timestamp": "2026-09-19T14:56:25-0500", "level": "ERROR", "logger": "poller.busae", "line": 107, "message": "Login BUSAE fallido — credenciales incorrectas o página de login"}
{"timestamp": "2026-09-19T15:00:00-0500", "level": "INFO", "logger": "buses.tasks", "line": 67, "message": "[TASK_GENESIS] Iniciando sincronización de datos Génesis..."}
{"timestamp": "2026-09-19T15:00:00-0500", "level": "INFO", "logger": "buses.services.genesis", "line": 107, "message": "[GENESIS] Usando datos de caché Redis (TTL 1h)."}
{"timestamp": "2026-09-19T15:00:04-0500", "level": "INFO", "logger": "buses.tasks", "line": 71, "message": "[TASK_GENESIS] Ciclo completado: {'status': 'success', 'fetched': 1465, 'saved_or_updated': 0, 'timestamp': '2026-09-19T20:00:04.742537+00:00'}"}
{"timestamp": "2026-09-19T15:00:04-0500", "level": "INFO", "logger": "buses.tasks", "line": 31, "message": "[TASK_BUSAE] Iniciando ciclo de sincronización GPS BUSAE..."}
{"timestamp": "2026-09-19T15:00:04-0500", "level": "WARNING", "logger": "buses.services.busae", "line": 328, "message": "[BUSAE] Circuit Breaker abierto: Circuito abierto para 'busae_fetch'. Se reintentará en 300s.. Aplicando fallback de caché."}
{"timestamp": "2026-09-19T15:00:04-0500", "level": "INFO", "logger": "buses.tasks", "line": 35, "message": "[TASK_BUSAE] Ciclo completado: {'status': 'circuit_open', 'message': "Circuito abierto para 'busae_fetch'. Se reintentará en 300s.", 'cached_items': 0, 'fallback_applied': True}"}
{"timestamp": "2026-09-19T15:01:07-0500", "level": "INFO", "logger": "poller.busae", "line": 258, "message": "BUSAE — ciclo 1"}
{"timestamp": "2026-09-19T15:01:07-0500", "level": "INFO", "logger": "poller.busae", "line": 77, "message": "Iniciando navegador Playwright (BUSAE)..."}
{"timestamp": "2026-09-19T15:01:11-0500", "level": "INFO", "logger": "poller.busae", "line": 92, "message": "Banner de cookies aceptado"}
{"timestamp": "2026-09-19T15:01:12-0500", "level": "INFO", "logger": "poller.busae", "line": 103, "message": "URL después de login: https://login.busae.com/user-management/auth/login"}
{"timestamp": "2026-09-19T15:01:12-0500", "level": "ERROR", "logger": "poller.busae", "line": 107, "message": "Login BUSAE fallido — credenciales incorrectas o página de login"}
{"timestamp": "2026-09-19T15:01:12-0500", "level": "WARNING", "logger": "poller.busae", "line": 270, "message": "BUSAE — sin datos en este ciclo"}
{"timestamp": "2026-09-19T15:02:06-0500", "level": "INFO", "logger": "poller.busae", "line": 77, "message": "Iniciando navegador Playwright (BUSAE)..."}
{"timestamp": "2026-09-19T15:02:08-0500", "level": "INFO", "logger": "poller.busae", "line": 92, "message": "Banner de cookies aceptado"}
{"timestamp": "2026-09-19T15:02:09-0500", "level": "INFO", "logger": "poller.busae", "line": 103, "message": "URL después de login: https://login.busae.com/user-management/auth/login"}
{"timestamp": "2026-09-19T15:02:09-0500", "level": "ERROR", "logger": "poller.busae", "line": 107, "message": "Login BUSAE fallido — credenciales incorrectas o página de login"}
{"timestamp": "2026-09-19T15:05:00-0500", "level": "INFO", "logger": "buses.tasks", "line": 31, "message": "[TASK_BUSAE] Iniciando ciclo de sincronización GPS BUSAE..."}
{"timestamp": "2026-09-19T15:05:00-0500", "level": "INFO", "logger": "buses.services.busae", "line": 216, "message": "[BUSAE] Ejecutando extracción headless mediante Playwright..."}
{"timestamp": "2026-09-19T15:05:07-0500", "level": "INFO", "logger": "buses.services.busae", "line": 216, "message": "[BUSAE] Ejecutando extracción headless mediante Playwright..."}
{"timestamp": "2026-09-19T15:05:15-0500", "level": "INFO", "logger": "buses.services.busae", "line": 216, "message": "[BUSAE] Ejecutando extracción headless mediante Playwright..."}
{"timestamp": "2026-09-19T15:05:18-0500", "level": "ERROR", "logger": "buses.services.busae", "line": 339, "message": "[BUSAE] Error durante ciclo de sincronización: La respuesta de BUSAE no contiene datos."}
Traceback (most recent call last):
  File "C:\Proyectos\Bitacora E.E\backend\buses\services\busae_service.py", line 317, in sync
    raw_items = self.fetch_raw_data()
  File "C:\Proyectos\Bitacora E.E\backend\shared\decorators.py", line 115, in wrapper
    result = func(*args, **kwargs)
  File "C:\Proyectos\Bitacora E.E\backend\shared\decorators.py", line 27, in wrapper
    return func(*args, **kwargs)
  File "C:\Proyectos\Bitacora E.E\backend\buses\services\busae_service.py", line 220, in fetch_raw_data
    raise BusaeIntegrationError("La respuesta de BUSAE no contiene datos.")
shared.exceptions.BusaeIntegrationError: La respuesta de BUSAE no contiene datos.
{"timestamp": "2026-09-19T15:05:18-0500", "level": "INFO", "logger": "buses.tasks", "line": 35, "message": "[TASK_BUSAE] Ciclo completado: {'status': 'degraded', 'error': 'La respuesta de BUSAE no contiene datos.', 'cached_items': 0, 'fallback_applied': False}"}
{"timestamp": "2026-09-19T15:07:56-0500", "level": "INFO", "logger": "poller.busae", "line": 77, "message": "Iniciando navegador Playwright (BUSAE)..."}
{"timestamp": "2026-09-19T15:07:58-0500", "level": "INFO", "logger": "poller.busae", "line": 92, "message": "Banner de cookies aceptado"}
{"timestamp": "2026-09-19T15:07:59-0500", "level": "INFO", "logger": "poller.busae", "line": 103, "message": "URL después de login: https://login.busae.com/user-management/auth/login"}
{"timestamp": "2026-09-19T15:07:59-0500", "level": "ERROR", "logger": "poller.busae", "line": 107, "message": "Login BUSAE fallido — credenciales incorrectas o página de login"}
{"timestamp": "2026-09-19T15:09:25-0500", "level": "INFO", "logger": "poller.busae", "line": 74, "message": "Iniciando navegador Playwright (BUSAE)..."}
{"timestamp": "2026-09-19T15:09:27-0500", "level": "INFO", "logger": "poller.busae", "line": 89, "message": "Banner de cookies aceptado"}
{"timestamp": "2026-09-19T15:09:32-0500", "level": "INFO", "logger": "poller.busae", "line": 103, "message": "URL después de login: https://login.busae.com/"}
{"timestamp": "2026-09-19T15:09:32-0500", "level": "INFO", "logger": "poller.busae", "line": 110, "message": "Login BUSAE exitoso ✓"}
{"timestamp": "2026-09-19T15:10:00-0500", "level": "INFO", "logger": "buses.tasks", "line": 31, "message": "[TASK_BUSAE] Iniciando ciclo de sincronización GPS BUSAE..."}
{"timestamp": "2026-09-19T15:10:00-0500", "level": "WARNING", "logger": "buses.services.busae", "line": 328, "message": "[BUSAE] Circuit Breaker abierto: Circuito abierto para 'busae_fetch'. Se reintentará en 300s.. Aplicando fallback de caché."}
{"timestamp": "2026-09-19T15:10:00-0500", "level": "INFO", "logger": "buses.tasks", "line": 35, "message": "[TASK_BUSAE] Ciclo completado: {'status': 'circuit_open', 'message': "Circuito abierto para 'busae_fetch'. Se reintentará en 300s.", 'cached_items': 0, 'fallback_applied': True}"}
{"timestamp": "2026-09-19T15:10:57-0500", "level": "INFO", "logger": "poller.busae", "line": 257, "message": "BUSAE — ciclo 1"}
{"timestamp": "2026-09-19T15:10:57-0500", "level": "INFO", "logger": "poller.busae", "line": 74, "message": "Iniciando navegador Playwright (BUSAE)..."}
{"timestamp": "2026-09-19T15:11:00-0500", "level": "INFO", "logger": "poller.busae", "line": 89, "message": "Banner de cookies aceptado"}
{"timestamp": "2026-09-19T15:11:05-0500", "level": "INFO", "logger": "poller.busae", "line": 103, "message": "URL después de login: https://login.busae.com/user-management/auth/login"}
{"timestamp": "2026-09-19T15:11:05-0500", "level": "ERROR", "logger": "poller.busae", "line": 106, "message": "Login BUSAE fallido — credenciales incorrectas o página de login"}
{"timestamp": "2026-09-19T15:11:05-0500", "level": "WARNING", "logger": "poller.busae", "line": 269, "message": "BUSAE — sin datos en este ciclo"}
{"timestamp": "2026-09-19T15:15:00-0500", "level": "INFO", "logger": "buses.tasks", "line": 31, "message": "[TASK_BUSAE] Iniciando ciclo de sincronización GPS BUSAE..."}
{"timestamp": "2026-09-19T15:15:01-0500", "level": "INFO", "logger": "buses.services.busae", "line": 216, "message": "[BUSAE] Ejecutando extracción headless mediante Playwright..."}
{"timestamp": "2026-09-19T15:15:13-0500", "level": "INFO", "logger": "buses.services.busae", "line": 216, "message": "[BUSAE] Ejecutando extracción headless mediante Playwright..."}
{"timestamp": "2026-09-19T15:15:25-0500", "level": "INFO", "logger": "buses.services.busae", "line": 216, "message": "[BUSAE] Ejecutando extracción headless mediante Playwright..."}
{"timestamp": "2026-09-19T15:15:31-0500", "level": "ERROR", "logger": "buses.services.busae", "line": 339, "message": "[BUSAE] Error durante ciclo de sincronización: La respuesta de BUSAE no contiene datos."}
Traceback (most recent call last):
  File "C:\Proyectos\Bitacora E.E\backend\buses\services\busae_service.py", line 317, in sync
    raw_items = self.fetch_raw_data()
  File "C:\Proyectos\Bitacora E.E\backend\shared\decorators.py", line 115, in wrapper
    result = func(*args, **kwargs)
  File "C:\Proyectos\Bitacora E.E\backend\shared\decorators.py", line 27, in wrapper
    return func(*args, **kwargs)
  File "C:\Proyectos\Bitacora E.E\backend\buses\services\busae_service.py", line 220, in fetch_raw_data
    raise BusaeIntegrationError("La respuesta de BUSAE no contiene datos.")
shared.exceptions.BusaeIntegrationError: La respuesta de BUSAE no contiene datos.
{"timestamp": "2026-09-19T15:15:31-0500", "level": "INFO", "logger": "buses.tasks", "line": 35, "message": "[TASK_BUSAE] Ciclo completado: {'status': 'degraded', 'error': 'La respuesta de BUSAE no contiene datos.', 'cached_items': 0, 'fallback_applied': False}"}
{"timestamp": "2026-09-19T15:15:31-0500", "level": "INFO", "logger": "buses.tasks", "line": 67, "message": "[TASK_GENESIS] Iniciando sincronización de datos Génesis..."}
{"timestamp": "2026-09-19T15:15:31-0500", "level": "INFO", "logger": "buses.services.genesis", "line": 129, "message": "[GENESIS] Obtenidos 1465 registros frescos desde API."}
{"timestamp": "2026-09-19T15:15:44-0500", "level": "INFO", "logger": "buses.tasks", "line": 71, "message": "[TASK_GENESIS] Ciclo completado: {'status': 'success', 'fetched': 1465, 'saved_or_updated': 256, 'timestamp': '2026-09-19T20:15:44.029854+00:00'}"}
{"timestamp": "2026-09-19T15:20:00-0500", "level": "INFO", "logger": "buses.tasks", "line": 31, "message": "[TASK_BUSAE] Iniciando ciclo de sincronización GPS BUSAE..."}
{"timestamp": "2026-09-19T15:20:00-0500", "level": "WARNING", "logger": "buses.services.busae", "line": 328, "message": "[BUSAE] Circuit Breaker abierto: Circuito abierto para 'busae_fetch'. Se reintentará en 300s.. Aplicando fallback de caché."}
{"timestamp": "2026-09-19T15:20:00-0500", "level": "INFO", "logger": "buses.tasks", "line": 35, "message": "[TASK_BUSAE] Ciclo completado: {'status': 'circuit_open', 'message': "Circuito abierto para 'busae_fetch'. Se reintentará en 300s.", 'cached_items': 0, 'fallback_applied': True}"}
{"timestamp": "2026-09-19T15:22:31-0500", "level": "INFO", "logger": "apscheduler.scheduler", "line": 507, "message": "Adding job tentatively -- it will be properly scheduled when the scheduler starts"}
{"timestamp": "2026-09-19T15:22:31-0500", "level": "INFO", "logger": "apscheduler.scheduler", "line": 507, "message": "Adding job tentatively -- it will be properly scheduled when the scheduler starts"}
{"timestamp": "2026-09-19T15:22:31-0500", "level": "INFO", "logger": "apscheduler.scheduler", "line": 1092, "message": "Added job "Actualizar datos Genesis" to job store "default""}
{"timestamp": "2026-09-19T15:22:31-0500", "level": "INFO", "logger": "apscheduler.scheduler", "line": 1092, "message": "Added job "Actualizar estado GPS (BUSAE)" to job store "default""}
{"timestamp": "2026-09-19T15:22:31-0500", "level": "INFO", "logger": "apscheduler.scheduler", "line": 214, "message": "Scheduler started"}
{"timestamp": "2026-09-19T15:22:31-0500", "level": "INFO", "logger": "poller.scheduler", "line": 56, "message": "Scheduler iniciado — ciclos cada 5 min (Genesis + BUSAE)"}
{"timestamp": "2026-09-19T15:22:31-0500", "level": "INFO", "logger": "apscheduler.scheduler", "line": 1092, "message": "Added job "Ciclo inicial Genesis + BUSAE" to job store "default""}
{"timestamp": "2026-09-19T15:22:31-0500", "level": "INFO", "logger": "apscheduler.executors.default", "line": 129, "message": "Running job "Ciclo inicial Genesis + BUSAE (trigger: date[2026-09-19 15:22:31 EST], next run at: 2026-09-19 15:22:31 EST)" (scheduled at 2026-09-19 15:22:31.561835-05:00)"}
{"timestamp": "2026-09-19T15:22:31-0500", "level": "INFO", "logger": "poller.scheduler", "line": 83, "message": "Ejecutando ciclo (Genesis → BUSAE)..."}
{"timestamp": "2026-09-19T15:22:31-0500", "level": "INFO", "logger": "apscheduler.scheduler", "line": 728, "message": "Removed job poller_bootstrap"}
{"timestamp": "2026-09-19T15:22:31-0500", "level": "INFO", "logger": "poller.genesis", "line": 197, "message": "Genesis — iniciando ciclo de extracción..."}
{"timestamp": "2026-09-19T15:22:31-0500", "level": "INFO", "logger": "apscheduler.scheduler", "line": 507, "message": "Adding job tentatively -- it will be properly scheduled when the scheduler starts"}
{"timestamp": "2026-09-19T15:22:31-0500", "level": "INFO", "logger": "apscheduler.scheduler", "line": 507, "message": "Adding job tentatively -- it will be properly scheduled when the scheduler starts"}
{"timestamp": "2026-09-19T15:22:31-0500", "level": "INFO", "logger": "apscheduler.scheduler", "line": 1092, "message": "Added job "Actualizar datos Genesis" to job store "default""}
{"timestamp": "2026-09-19T15:22:31-0500", "level": "INFO", "logger": "apscheduler.scheduler", "line": 1092, "message": "Added job "Actualizar estado GPS (BUSAE)" to job store "default""}
{"timestamp": "2026-09-19T15:22:31-0500", "level": "INFO", "logger": "apscheduler.scheduler", "line": 214, "message": "Scheduler started"}
{"timestamp": "2026-09-19T15:22:31-0500", "level": "INFO", "logger": "poller.scheduler", "line": 56, "message": "Scheduler iniciado — ciclos cada 5 min (Genesis + BUSAE)"}
{"timestamp": "2026-09-19T15:22:31-0500", "level": "INFO", "logger": "apscheduler.scheduler", "line": 1092, "message": "Added job "Ciclo inicial Genesis + BUSAE" to job store "default""}
{"timestamp": "2026-09-19T15:22:31-0500", "level": "INFO", "logger": "apscheduler.executors.default", "line": 129, "message": "Running job "Ciclo inicial Genesis + BUSAE (trigger: date[2026-09-19 15:22:31 EST], next run at: 2026-09-19 15:22:31 EST)" (scheduled at 2026-09-19 15:22:31.817113-05:00)"}
{"timestamp": "2026-09-19T15:22:31-0500", "level": "INFO", "logger": "apscheduler.scheduler", "line": 728, "message": "Removed job poller_bootstrap"}
{"timestamp": "2026-09-19T15:22:31-0500", "level": "INFO", "logger": "poller.scheduler", "line": 83, "message": "Ejecutando ciclo (Genesis → BUSAE)..."}
{"timestamp": "2026-09-19T15:22:31-0500", "level": "INFO", "logger": "poller.genesis", "line": 197, "message": "Genesis — iniciando ciclo de extracción..."}
{"timestamp": "2026-09-19T15:22:31-0500", "level": "INFO", "logger": "poller.genesis", "line": 56, "message": "Login Genesis exitoso"}
{"timestamp": "2026-09-19T15:22:32-0500", "level": "INFO", "logger": "poller.genesis", "line": 56, "message": "Login Genesis exitoso"}
{"timestamp": "2026-09-19T15:22:32-0500", "level": "INFO", "logger": "poller.genesis", "line": 78, "message": "Genesis monitoreo: 1465 registros"}
{"timestamp": "2026-09-19T15:22:32-0500", "level": "INFO", "logger": "poller.genesis", "line": 78, "message": "Genesis monitoreo: 1465 registros"}
{"timestamp": "2026-09-19T15:22:49-0500", "level": "INFO", "logger": "poller.utils", "line": 125, "message": "Cruce Genesis actualizado en 1 reportes pendientes"}
{"timestamp": "2026-09-19T15:22:49-0500", "level": "INFO", "logger": "poller.genesis", "line": 213, "message": "Genesis — 1465 buses actualizados en BD"}
{"timestamp": "2026-09-19T15:22:49-0500", "level": "INFO", "logger": "poller.busae", "line": 286, "message": "BUSAE — ciclo 1"}
{"timestamp": "2026-09-19T15:22:49-0500", "level": "INFO", "logger": "poller.busae", "line": 86, "message": "Iniciando navegador Playwright (BUSAE)..."}
{"timestamp": "2026-09-19T15:23:03-0500", "level": "INFO", "logger": "poller.busae", "line": 118, "message": "URL después de login: https://login.busae.com/user-management/auth/login"}
{"timestamp": "2026-09-19T15:23:03-0500", "level": "ERROR", "logger": "poller.busae", "line": 121, "message": "Login BUSAE fallido — credenciales incorrectas o página de login"}
{"timestamp": "2026-09-19T15:23:03-0500", "level": "WARNING", "logger": "poller.busae", "line": 299, "message": "BUSAE — sin datos en este ciclo"}
{"timestamp": "2026-09-19T15:23:03-0500", "level": "INFO", "logger": "poller.scheduler", "line": 86, "message": "Ciclo completado"}
{"timestamp": "2026-09-19T15:23:03-0500", "level": "INFO", "logger": "apscheduler.executors.default", "line": 156, "message": "Job "Ciclo inicial Genesis + BUSAE (trigger: date[2026-09-19 15:22:31 EST], next run at: 2026-09-19 15:22:31 EST)" executed successfully"}
{"timestamp": "2026-09-19T15:23:06-0500", "level": "INFO", "logger": "poller.genesis", "line": 213, "message": "Genesis — 1465 buses actualizados en BD"}
{"timestamp": "2026-09-19T15:23:06-0500", "level": "INFO", "logger": "poller.busae", "line": 286, "message": "BUSAE — ciclo 1"}
{"timestamp": "2026-09-19T15:23:06-0500", "level": "INFO", "logger": "poller.busae", "line": 86, "message": "Iniciando navegador Playwright (BUSAE)..."}
{"timestamp": "2026-09-19T15:23:07-0500", "level": "INFO", "logger": "apscheduler.scheduler", "line": 507, "message": "Adding job tentatively -- it will be properly scheduled when the scheduler starts"}
{"timestamp": "2026-09-19T15:23:07-0500", "level": "INFO", "logger": "apscheduler.scheduler", "line": 507, "message": "Adding job tentatively -- it will be properly scheduled when the scheduler starts"}
{"timestamp": "2026-09-19T15:23:07-0500", "level": "INFO", "logger": "apscheduler.scheduler", "line": 1092, "message": "Added job "Actualizar datos Genesis" to job store "default""}
{"timestamp": "2026-09-19T15:23:07-0500", "level": "INFO", "logger": "apscheduler.scheduler", "line": 1092, "message": "Added job "Actualizar estado GPS (BUSAE)" to job store "default""}
{"timestamp": "2026-09-19T15:23:07-0500", "level": "INFO", "logger": "apscheduler.scheduler", "line": 214, "message": "Scheduler started"}
{"timestamp": "2026-09-19T15:23:07-0500", "level": "INFO", "logger": "poller.scheduler", "line": 56, "message": "Scheduler iniciado — ciclos cada 5 min (Genesis + BUSAE)"}
{"timestamp": "2026-09-19T15:23:07-0500", "level": "INFO", "logger": "apscheduler.scheduler", "line": 1092, "message": "Added job "Ciclo inicial Genesis + BUSAE" to job store "default""}
{"timestamp": "2026-09-19T15:23:07-0500", "level": "INFO", "logger": "apscheduler.executors.default", "line": 129, "message": "Running job "Ciclo inicial Genesis + BUSAE (trigger: date[2026-09-19 15:23:07 EST], next run at: 2026-09-19 15:23:07 EST)" (scheduled at 2026-09-19 15:23:07.815293-05:00)"}
{"timestamp": "2026-09-19T15:23:07-0500", "level": "INFO", "logger": "poller.scheduler", "line": 83, "message": "Ejecutando ciclo (Genesis → BUSAE)..."}
{"timestamp": "2026-09-19T15:23:07-0500", "level": "INFO", "logger": "poller.genesis", "line": 197, "message": "Genesis — iniciando ciclo de extracción..."}
{"timestamp": "2026-09-19T15:23:07-0500", "level": "INFO", "logger": "apscheduler.scheduler", "line": 728, "message": "Removed job poller_bootstrap"}
{"timestamp": "2026-09-19T15:23:08-0500", "level": "INFO", "logger": "poller.genesis", "line": 56, "message": "Login Genesis exitoso"}
{"timestamp": "2026-09-19T15:23:08-0500", "level": "INFO", "logger": "poller.genesis", "line": 78, "message": "Genesis monitoreo: 1465 registros"}
{"timestamp": "2026-09-19T15:23:08-0500", "level": "WARNING", "logger": "poller.genesis", "line": 189, "message": "Error guardando Genesis bus 0001: 

IMPORTANT: PLEASE READ THIS FOR ADVICE ON HOW TO SOLVE THIS ISSUE!

Importing the numpy C-extensions failed. This error can happen for
many reasons, often due to issues with your setup or how NumPy was
installed.
The following compiled module files exist, but seem incompatible
with with either python 'cpython-314' or the platform 'win32':

  * _multiarray_umath.cp312-win_amd64.lib
  * _multiarray_umath.cp312-win_amd64.pyd

We have compiled some common reasons and troubleshooting tips at:

    https://numpy.org/devdocs/user/troubleshooting-importerror.html

Please note and check the following:

  * The Python version is: Python 3.14 from "C:\Proyectos\Bitacora E.E\backend\venv\Scripts\python.exe"
  * The NumPy version is: "2.5.3"

and make sure that they are the versions you expect.

Please carefully study the information and documentation linked above.
This is unlikely to be a NumPy issue but will be caused by a bad install
or environment on your machine.

Original error was: No module named 'numpy._core._multiarray_umath'
"}
{"timestamp": "2026-09-19T15:23:14-0500", "level": "INFO", "logger": "poller.busae", "line": 118, "message": "URL después de login: https://login.busae.com/user-management/auth/login"}
{"timestamp": "2026-09-19T15:23:14-0500", "level": "ERROR", "logger": "poller.busae", "line": 121, "message": "Login BUSAE fallido — credenciales incorrectas o página de login"}
{"timestamp": "2026-09-19T15:23:14-0500", "level": "WARNING", "logger": "poller.busae", "line": 299, "message": "BUSAE — sin datos en este ciclo"}
{"timestamp": "2026-09-19T15:23:14-0500", "level": "INFO", "logger": "poller.scheduler", "line": 86, "message": "Ciclo completado"}
{"timestamp": "2026-09-19T15:23:14-0500", "level": "INFO", "logger": "apscheduler.executors.default", "line": 156, "message": "Job "Ciclo inicial Genesis + BUSAE (trigger: date[2026-09-19 15:22:31 EST], next run at: 2026-09-19 15:22:31 EST)" executed successfully"}
{"timestamp": "2026-09-19T15:23:19-0500", "level": "INFO", "logger": "apscheduler.scheduler", "line": 507, "message": "Adding job tentatively -- it will be properly scheduled when the scheduler starts"}
{"timestamp": "2026-09-19T15:23:19-0500", "level": "INFO", "logger": "apscheduler.scheduler", "line": 507, "message": "Adding job tentatively -- it will be properly scheduled when the scheduler starts"}
{"timestamp": "2026-09-19T15:23:19-0500", "level": "INFO", "logger": "apscheduler.scheduler", "line": 1092, "message": "Added job "Actualizar datos Genesis" to job store "default""}
{"timestamp": "2026-09-19T15:23:19-0500", "level": "INFO", "logger": "apscheduler.scheduler", "line": 1092, "message": "Added job "Actualizar estado GPS (BUSAE)" to job store "default""}
{"timestamp": "2026-09-19T15:23:19-0500", "level": "INFO", "logger": "apscheduler.scheduler", "line": 214, "message": "Scheduler started"}
{"timestamp": "2026-09-19T15:23:19-0500", "level": "INFO", "logger": "poller.scheduler", "line": 56, "message": "Scheduler iniciado — ciclos cada 5 min (Genesis + BUSAE)"}
{"timestamp": "2026-09-19T15:23:19-0500", "level": "INFO", "logger": "apscheduler.scheduler", "line": 1092, "message": "Added job "Ciclo inicial Genesis + BUSAE" to job store "default""}
{"timestamp": "2026-09-19T15:23:25-0500", "level": "INFO", "logger": "poller.genesis", "line": 213, "message": "Genesis — 1464 buses actualizados en BD"}
{"timestamp": "2026-09-19T15:23:25-0500", "level": "INFO", "logger": "poller.busae", "line": 286, "message": "BUSAE — ciclo 1"}
{"timestamp": "2026-09-19T15:23:25-0500", "level": "INFO", "logger": "poller.busae", "line": 86, "message": "Iniciando navegador Playwright (BUSAE)..."}
{"timestamp": "2026-09-19T15:23:31-0500", "level": "INFO", "logger": "apscheduler.executors.default", "line": 129, "message": "Running job "Ciclo inicial Genesis + BUSAE (trigger: date[2026-09-19 20:23:31 UTC], next run at: 2026-09-19 20:23:31 UTC)" (scheduled at 2026-09-19 20:23:31.955158+00:00)"}
{"timestamp": "2026-09-19T15:23:31-0500", "level": "INFO", "logger": "apscheduler.scheduler", "line": 728, "message": "Removed job poller_bootstrap"}
{"timestamp": "2026-09-19T15:23:31-0500", "level": "INFO", "logger": "poller.scheduler", "line": 87, "message": "Ejecutando ciclo (Genesis → BUSAE)..."}
{"timestamp": "2026-09-19T15:23:31-0500", "level": "INFO", "logger": "poller.genesis", "line": 197, "message": "Genesis — iniciando ciclo de extracción..."}
{"timestamp": "2026-09-19T15:23:32-0500", "level": "INFO", "logger": "poller.genesis", "line": 56, "message": "Login Genesis exitoso"}
{"timestamp": "2026-09-19T15:23:32-0500", "level": "INFO", "logger": "poller.genesis", "line": 78, "message": "Genesis monitoreo: 1465 registros"}
{"timestamp": "2026-09-19T15:23:32-0500", "level": "INFO", "logger": "poller.busae", "line": 118, "message": "URL después de login: https://login.busae.com/user-management/auth/login"}
{"timestamp": "2026-09-19T15:23:32-0500", "level": "ERROR", "logger": "poller.busae", "line": 121, "message": "Login BUSAE fallido — credenciales incorrectas o página de login"}
{"timestamp": "2026-09-19T15:23:34-0500", "level": "WARNING", "logger": "poller.busae", "line": 299, "message": "BUSAE — sin datos en este ciclo"}
{"timestamp": "2026-09-19T15:23:34-0500", "level": "INFO", "logger": "poller.scheduler", "line": 86, "message": "Ciclo completado"}
{"timestamp": "2026-09-19T15:23:34-0500", "level": "INFO", "logger": "apscheduler.executors.default", "line": 156, "message": "Job "Ciclo inicial Genesis + BUSAE (trigger: date[2026-09-19 15:23:07 EST], next run at: 2026-09-19 15:23:07 EST)" executed successfully"}
{"timestamp": "2026-09-19T15:23:39-0500", "level": "INFO", "logger": "apscheduler.scheduler", "line": 507, "message": "Adding job tentatively -- it will be properly scheduled when the scheduler starts"}
{"timestamp": "2026-09-19T15:23:39-0500", "level": "INFO", "logger": "apscheduler.scheduler", "line": 507, "message": "Adding job tentatively -- it will be properly scheduled when the scheduler starts"}
{"timestamp": "2026-09-19T15:23:39-0500", "level": "INFO", "logger": "apscheduler.scheduler", "line": 1092, "message": "Added job "Actualizar datos Genesis" to job store "default""}
{"timestamp": "2026-09-19T15:23:39-0500", "level": "INFO", "logger": "apscheduler.scheduler", "line": 1092, "message": "Added job "Actualizar estado GPS (BUSAE)" to job store "default""}
{"timestamp": "2026-09-19T15:23:39-0500", "level": "INFO", "logger": "apscheduler.scheduler", "line": 214, "message": "Scheduler started"}
{"timestamp": "2026-09-19T15:23:39-0500", "level": "INFO", "logger": "poller.scheduler", "line": 56, "message": "Scheduler iniciado — ciclos cada 5 min (Genesis + BUSAE)"}
{"timestamp": "2026-09-19T15:23:39-0500", "level": "INFO", "logger": "apscheduler.scheduler", "line": 1092, "message": "Added job "Ciclo inicial Genesis + BUSAE" to job store "default""}
{"timestamp": "2026-09-19T15:23:50-0500", "level": "INFO", "logger": "poller.genesis", "line": 213, "message": "Genesis — 1465 buses actualizados en BD"}
{"timestamp": "2026-09-19T15:23:50-0500", "level": "INFO", "logger": "poller.busae", "line": 286, "message": "BUSAE — ciclo 1"}
{"timestamp": "2026-09-19T15:23:50-0500", "level": "INFO", "logger": "poller.busae", "line": 86, "message": "Iniciando navegador Playwright (BUSAE)..."}
{"timestamp": "2026-09-19T15:23:51-0500", "level": "INFO", "logger": "apscheduler.executors.default", "line": 129, "message": "Running job "Ciclo inicial Genesis + BUSAE (trigger: date[2026-09-19 20:23:51 UTC], next run at: 2026-09-19 20:23:51 UTC)" (scheduled at 2026-09-19 20:23:51.333206+00:00)"}
{"timestamp": "2026-09-19T15:23:51-0500", "level": "INFO", "logger": "apscheduler.scheduler", "line": 728, "message": "Removed job poller_bootstrap"}
{"timestamp": "2026-09-19T15:23:51-0500", "level": "INFO", "logger": "poller.scheduler", "line": 87, "message": "Ejecutando ciclo (Genesis → BUSAE)..."}
{"timestamp": "2026-09-19T15:23:51-0500", "level": "INFO", "logger": "poller.genesis", "line": 197, "message": "Genesis — iniciando ciclo de extracción..."}
{"timestamp": "2026-09-19T15:23:51-0500", "level": "INFO", "logger": "poller.genesis", "line": 56, "message": "Login Genesis exitoso"}
{"timestamp": "2026-09-19T15:23:51-0500", "level": "INFO", "logger": "poller.genesis", "line": 78, "message": "Genesis monitoreo: 1465 registros"}
{"timestamp": "2026-09-19T15:24:00-0500", "level": "INFO", "logger": "poller.busae", "line": 118, "message": "URL después de login: https://login.busae.com/user-management/auth/login"}
{"timestamp": "2026-09-19T15:24:00-0500", "level": "ERROR", "logger": "poller.busae", "line": 121, "message": "Login BUSAE fallido — credenciales incorrectas o página de login"}
{"timestamp": "2026-09-19T15:24:01-0500", "level": "WARNING", "logger": "poller.busae", "line": 299, "message": "BUSAE — sin datos en este ciclo"}
{"timestamp": "2026-09-19T15:24:01-0500", "level": "INFO", "logger": "poller.scheduler", "line": 90, "message": "Ciclo completado"}
{"timestamp": "2026-09-19T15:24:01-0500", "level": "INFO", "logger": "apscheduler.executors.default", "line": 156, "message": "Job "Ciclo inicial Genesis + BUSAE (trigger: date[2026-09-19 20:23:31 UTC], next run at: 2026-09-19 20:23:31 UTC)" executed successfully"}
{"timestamp": "2026-09-19T15:24:11-0500", "level": "INFO", "logger": "poller.genesis", "line": 213, "message": "Genesis — 1465 buses actualizados en BD"}
{"timestamp": "2026-09-19T15:24:11-0500", "level": "INFO", "logger": "poller.busae", "line": 286, "message": "BUSAE — ciclo 1"}
{"timestamp": "2026-09-19T15:24:11-0500", "level": "INFO", "logger": "poller.busae", "line": 86, "message": "Iniciando navegador Playwright (BUSAE)..."}
{"timestamp": "2026-09-19T15:24:11-0500", "level": "INFO", "logger": "apscheduler.scheduler", "line": 507, "message": "Adding job tentatively -- it will be properly scheduled when the scheduler starts"}
{"timestamp": "2026-09-19T15:24:11-0500", "level": "INFO", "logger": "apscheduler.scheduler", "line": 507, "message": "Adding job tentatively -- it will be properly scheduled when the scheduler starts"}
{"timestamp": "2026-09-19T15:24:11-0500", "level": "INFO", "logger": "apscheduler.scheduler", "line": 1092, "message": "Added job "Actualizar datos Genesis" to job store "default""}
{"timestamp": "2026-09-19T15:24:11-0500", "level": "INFO", "logger": "apscheduler.scheduler", "line": 1092, "message": "Added job "Actualizar estado GPS (BUSAE)" to job store "default""}
{"timestamp": "2026-09-19T15:24:11-0500", "level": "INFO", "logger": "apscheduler.scheduler", "line": 214, "message": "Scheduler started"}
{"timestamp": "2026-09-19T15:24:11-0500", "level": "INFO", "logger": "poller.scheduler", "line": 56, "message": "Scheduler iniciado — ciclos cada 5 min (Genesis + BUSAE)"}
{"timestamp": "2026-09-19T15:24:11-0500", "level": "INFO", "logger": "apscheduler.scheduler", "line": 1092, "message": "Added job "Ciclo inicial Genesis + BUSAE" to job store "default""}
{"timestamp": "2026-09-19T15:24:19-0500", "level": "INFO", "logger": "poller.busae", "line": 118, "message": "URL después de login: https://login.busae.com/user-management/auth/login"}
{"timestamp": "2026-09-19T15:24:19-0500", "level": "ERROR", "logger": "poller.busae", "line": 121, "message": "Login BUSAE fallido — credenciales incorrectas o página de login"}
{"timestamp": "2026-09-19T15:24:20-0500", "level": "WARNING", "logger": "poller.busae", "line": 299, "message": "BUSAE — sin datos en este ciclo"}
{"timestamp": "2026-09-19T15:24:20-0500", "level": "INFO", "logger": "poller.scheduler", "line": 90, "message": "Ciclo completado"}
{"timestamp": "2026-09-19T15:24:20-0500", "level": "INFO", "logger": "apscheduler.executors.default", "line": 156, "message": "Job "Ciclo inicial Genesis + BUSAE (trigger: date[2026-09-19 20:23:51 UTC], next run at: 2026-09-19 20:23:51 UTC)" executed successfully"}
{"timestamp": "2026-09-19T15:24:22-0500", "level": "INFO", "logger": "apscheduler.scheduler", "line": 507, "message": "Adding job tentatively -- it will be properly scheduled when the scheduler starts"}
{"timestamp": "2026-09-19T15:24:22-0500", "level": "INFO", "logger": "apscheduler.scheduler", "line": 507, "message": "Adding job tentatively -- it will be properly scheduled when the scheduler starts"}
{"timestamp": "2026-09-19T15:24:22-0500", "level": "INFO", "logger": "apscheduler.scheduler", "line": 1092, "message": "Added job "Actualizar datos Genesis" to job store "default""}
{"timestamp": "2026-09-19T15:24:22-0500", "level": "INFO", "logger": "apscheduler.scheduler", "line": 1092, "message": "Added job "Actualizar estado GPS (BUSAE)" to job store "default""}
{"timestamp": "2026-09-19T15:24:22-0500", "level": "INFO", "logger": "apscheduler.scheduler", "line": 214, "message": "Scheduler started"}
{"timestamp": "2026-09-19T15:24:22-0500", "level": "INFO", "logger": "poller.scheduler", "line": 56, "message": "Scheduler iniciado — ciclos cada 5 min (Genesis + BUSAE)"}
{"timestamp": "2026-09-19T15:24:22-0500", "level": "INFO", "logger": "apscheduler.scheduler", "line": 1092, "message": "Added job "Ciclo inicial Genesis + BUSAE" to job store "default""}
{"timestamp": "2026-09-19T15:24:24-0500", "level": "INFO", "logger": "apscheduler.scheduler", "line": 507, "message": "Adding job tentatively -- it will be properly scheduled when the scheduler starts"}
{"timestamp": "2026-09-19T15:24:24-0500", "level": "INFO", "logger": "apscheduler.scheduler", "line": 507, "message": "Adding job tentatively -- it will be properly scheduled when the scheduler starts"}
{"timestamp": "2026-09-19T15:24:24-0500", "level": "INFO", "logger": "apscheduler.scheduler", "line": 1092, "message": "Added job "Actualizar datos Genesis" to job store "default""}
{"timestamp": "2026-09-19T15:24:24-0500", "level": "INFO", "logger": "apscheduler.scheduler", "line": 1092, "message": "Added job "Actualizar estado GPS (BUSAE)" to job store "default""}
{"timestamp": "2026-09-19T15:24:24-0500", "level": "INFO", "logger": "apscheduler.scheduler", "line": 214, "message": "Scheduler started"}
{"timestamp": "2026-09-19T15:24:24-0500", "level": "INFO", "logger": "poller.scheduler", "line": 56, "message": "Scheduler iniciado — ciclos cada 5 min (Genesis + BUSAE)"}
{"timestamp": "2026-09-19T15:24:24-0500", "level": "INFO", "logger": "apscheduler.scheduler", "line": 1092, "message": "Added job "Ciclo inicial Genesis + BUSAE" to job store "default""}
{"timestamp": "2026-09-19T15:24:34-0500", "level": "INFO", "logger": "apscheduler.executors.default", "line": 129, "message": "Running job "Ciclo inicial Genesis + BUSAE (trigger: date[2026-09-19 20:24:34 UTC], next run at: 2026-09-19 20:24:34 UTC)" (scheduled at 2026-09-19 20:24:34.546196+00:00)"}
{"timestamp": "2026-09-19T15:24:34-0500", "level": "INFO", "logger": "apscheduler.scheduler", "line": 728, "message": "Removed job poller_bootstrap"}
{"timestamp": "2026-09-19T15:24:34-0500", "level": "INFO", "logger": "poller.scheduler", "line": 87, "message": "Ejecutando ciclo (Genesis → BUSAE)..."}
{"timestamp": "2026-09-19T15:24:34-0500", "level": "INFO", "logger": "poller.genesis", "line": 197, "message": "Genesis — iniciando ciclo de extracción..."}
{"timestamp": "2026-09-19T15:24:34-0500", "level": "INFO", "logger": "poller.genesis", "line": 56, "message": "Login Genesis exitoso"}
{"timestamp": "2026-09-19T15:24:35-0500", "level": "INFO", "logger": "poller.genesis", "line": 78, "message": "Genesis monitoreo: 1465 registros"}
{"timestamp": "2026-09-19T15:24:37-0500", "level": "INFO", "logger": "apscheduler.executors.default", "line": 129, "message": "Running job "Ciclo inicial Genesis + BUSAE (trigger: date[2026-09-19 20:24:36 UTC], next run at: 2026-09-19 20:24:36 UTC)" (scheduled at 2026-09-19 20:24:36.912913+00:00)"}
{"timestamp": "2026-09-19T15:24:37-0500", "level": "INFO", "logger": "poller.scheduler", "line": 87, "message": "Ejecutando ciclo (Genesis → BUSAE)..."}
{"timestamp": "2026-09-19T15:24:37-0500", "level": "INFO", "logger": "poller.genesis", "line": 197, "message": "Genesis — iniciando ciclo de extracción..."}
{"timestamp": "2026-09-19T15:24:37-0500", "level": "INFO", "logger": "apscheduler.scheduler", "line": 728, "message": "Removed job poller_bootstrap"}
{"timestamp": "2026-09-19T15:24:37-0500", "level": "INFO", "logger": "poller.genesis", "line": 56, "message": "Login Genesis exitoso"}
{"timestamp": "2026-09-19T15:24:37-0500", "level": "INFO", "logger": "poller.genesis", "line": 78, "message": "Genesis monitoreo: 1465 registros"}
{"timestamp": "2026-09-19T15:24:51-0500", "level": "INFO", "logger": "poller.genesis", "line": 213, "message": "Genesis — 1465 buses actualizados en BD"}
{"timestamp": "2026-09-19T15:24:51-0500", "level": "INFO", "logger": "poller.busae", "line": 286, "message": "BUSAE — ciclo 1"}
{"timestamp": "2026-09-19T15:24:52-0500", "level": "INFO", "logger": "poller.busae", "line": 86, "message": "Iniciando navegador Playwright (BUSAE)..."}
{"timestamp": "2026-09-19T15:25:00-0500", "level": "INFO", "logger": "buses.tasks", "line": 31, "message": "[TASK_BUSAE] Iniciando ciclo de sincronización GPS BUSAE..."}
{"timestamp": "2026-09-19T15:25:00-0500", "level": "INFO", "logger": "buses.services.busae", "line": 216, "message": "[BUSAE] Ejecutando extracción headless mediante Playwright..."}
{"timestamp": "2026-09-19T15:25:03-0500", "level": "INFO", "logger": "poller.busae", "line": 118, "message": "URL después de login: https://login.busae.com/user-management/auth/login"}
{"timestamp": "2026-09-19T15:25:03-0500", "level": "ERROR", "logger": "poller.busae", "line": 121, "message": "Login BUSAE fallido — credenciales incorrectas o página de login"}
{"timestamp": "2026-09-19T15:25:04-0500", "level": "WARNING", "logger": "poller.busae", "line": 299, "message": "BUSAE — sin datos en este ciclo"}
{"timestamp": "2026-09-19T15:25:04-0500", "level": "INFO", "logger": "poller.scheduler", "line": 90, "message": "Ciclo completado"}
{"timestamp": "2026-09-19T15:25:04-0500", "level": "INFO", "logger": "apscheduler.executors.default", "line": 156, "message": "Job "Ciclo inicial Genesis + BUSAE (trigger: date[2026-09-19 20:24:34 UTC], next run at: 2026-09-19 20:24:34 UTC)" executed successfully"}
{"timestamp": "2026-09-19T15:25:07-0500", "level": "INFO", "logger": "buses.services.busae", "line": 216, "message": "[BUSAE] Ejecutando extracción headless mediante Playwright..."}
{"timestamp": "2026-09-19T15:25:10-0500", "level": "INFO", "logger": "poller.genesis", "line": 213, "message": "Genesis — 1465 buses actualizados en BD"}
{"timestamp": "2026-09-19T15:25:10-0500", "level": "INFO", "logger": "poller.busae", "line": 286, "message": "BUSAE — ciclo 1"}
{"timestamp": "2026-09-19T15:25:10-0500", "level": "INFO", "logger": "poller.busae", "line": 86, "message": "Iniciando navegador Playwright (BUSAE)..."}
{"timestamp": "2026-09-19T15:25:17-0500", "level": "INFO", "logger": "buses.services.busae", "line": 216, "message": "[BUSAE] Ejecutando extracción headless mediante Playwright..."}
{"timestamp": "2026-09-19T15:25:18-0500", "level": "INFO", "logger": "poller.busae", "line": 118, "message": "URL después de login: https://login.busae.com/user-management/auth/login"}
{"timestamp": "2026-09-19T15:25:18-0500", "level": "ERROR", "logger": "poller.busae", "line": 121, "message": "Login BUSAE fallido — credenciales incorrectas o página de login"}
{"timestamp": "2026-09-19T15:25:19-0500", "level": "WARNING", "logger": "poller.busae", "line": 299, "message": "BUSAE — sin datos en este ciclo"}
{"timestamp": "2026-09-19T15:25:19-0500", "level": "INFO", "logger": "poller.scheduler", "line": 90, "message": "Ciclo completado"}
{"timestamp": "2026-09-19T15:25:19-0500", "level": "INFO", "logger": "apscheduler.executors.default", "line": 156, "message": "Job "Ciclo inicial Genesis + BUSAE (trigger: date[2026-09-19 20:24:36 UTC], next run at: 2026-09-19 20:24:36 UTC)" executed successfully"}
{"timestamp": "2026-09-19T15:25:21-0500", "level": "ERROR", "logger": "buses.services.busae", "line": 339, "message": "[BUSAE] Error durante ciclo de sincronización: La respuesta de BUSAE no contiene datos."}
Traceback (most recent call last):
  File "C:\Proyectos\Bitacora E.E\backend\buses\services\busae_service.py", line 317, in sync
    # Cache de datos validados para fallback graceful
  File "C:\Proyectos\Bitacora E.E\backend\shared\decorators.py", line 115, in wrapper
    result = func(*args, **kwargs)
  File "C:\Proyectos\Bitacora E.E\backend\shared\decorators.py", line 27, in wrapper
    return func(*args, **kwargs)
  File "C:\Proyectos\Bitacora E.E\backend\buses\services\busae_service.py", line 220, in fetch_raw_data
    logger.info("[BUSAE] Ejecutando extracción headless mediante Playwright...")
    ^^^^^^^^^^^^^^^^^^^^^^^^^^^^^^^^^^^^^^^^^^^^^^^^^^^^^^^^^^^^^^^^^^^^^^
shared.exceptions.BusaeIntegrationError: La respuesta de BUSAE no contiene datos.
{"timestamp": "2026-09-19T15:25:21-0500", "level": "INFO", "logger": "buses.tasks", "line": 35, "message": "[TASK_BUSAE] Ciclo completado: {'status': 'degraded', 'error': 'La respuesta de BUSAE no contiene datos.', 'cached_items': 0, 'fallback_applied': False}"}
{"timestamp": "2026-09-19T15:30:00-0500", "level": "INFO", "logger": "buses.tasks", "line": 31, "message": "[TASK_BUSAE] Iniciando ciclo de sincronización GPS BUSAE..."}
{"timestamp": "2026-09-19T15:30:00-0500", "level": "WARNING", "logger": "buses.services.busae", "line": 328, "message": "[BUSAE] Circuit Breaker abierto: Circuito abierto para 'busae_fetch'. Se reintentará en 300s.. Aplicando fallback de caché."}
{"timestamp": "2026-09-19T15:30:00-0500", "level": "INFO", "logger": "buses.tasks", "line": 35, "message": "[TASK_BUSAE] Ciclo completado: {'status': 'circuit_open', 'message': "Circuito abierto para 'busae_fetch'. Se reintentará en 300s.", 'cached_items': 0, 'fallback_applied': True}"}
{"timestamp": "2026-09-19T15:30:00-0500", "level": "INFO", "logger": "buses.tasks", "line": 67, "message": "[TASK_GENESIS] Iniciando sincronización de datos Génesis..."}
{"timestamp": "2026-09-19T15:30:00-0500", "level": "INFO", "logger": "buses.services.genesis", "line": 107, "message": "[GENESIS] Usando datos de caché Redis (TTL 1h)."}
{"timestamp": "2026-09-19T15:30:05-0500", "level": "INFO", "logger": "buses.tasks", "line": 71, "message": "[TASK_GENESIS] Ciclo completado: {'status': 'success', 'fetched': 1465, 'saved_or_updated': 40, 'timestamp': '2026-09-19T20:30:05.949929+00:00'}"}
{"timestamp": "2026-09-19T15:32:01-0500", "level": "INFO", "logger": "apscheduler.scheduler", "line": 507, "message": "Adding job tentatively -- it will be properly scheduled when the scheduler starts"}
{"timestamp": "2026-09-19T15:32:01-0500", "level": "INFO", "logger": "apscheduler.scheduler", "line": 507, "message": "Adding job tentatively -- it will be properly scheduled when the scheduler starts"}
{"timestamp": "2026-09-19T15:32:01-0500", "level": "INFO", "logger": "apscheduler.scheduler", "line": 507, "message": "Adding job tentatively -- it will be properly scheduled when the scheduler starts"}
{"timestamp": "2026-09-19T15:32:01-0500", "level": "INFO", "logger": "apscheduler.scheduler", "line": 1092, "message": "Added job "Actualizar datos Genesis" to job store "default""}
{"timestamp": "2026-09-19T15:32:01-0500", "level": "INFO", "logger": "apscheduler.scheduler", "line": 507, "message": "Adding job tentatively -- it will be properly scheduled when the scheduler starts"}
{"timestamp": "2026-09-19T15:32:01-0500", "level": "INFO", "logger": "apscheduler.scheduler", "line": 1092, "message": "Added job "Actualizar estado GPS (BUSAE)" to job store "default""}
{"timestamp": "2026-09-19T15:32:01-0500", "level": "INFO", "logger": "apscheduler.scheduler", "line": 214, "message": "Scheduler started"}
{"timestamp": "2026-09-19T15:32:01-0500", "level": "INFO", "logger": "apscheduler.scheduler", "line": 1092, "message": "Added job "Actualizar datos Genesis" to job store "default""}
{"timestamp": "2026-09-19T15:32:01-0500", "level": "INFO", "logger": "apscheduler.scheduler", "line": 1092, "message": "Added job "Actualizar estado GPS (BUSAE)" to job store "default""}
{"timestamp": "2026-09-19T15:32:01-0500", "level": "INFO", "logger": "poller.scheduler", "line": 56, "message": "Scheduler iniciado — ciclos cada 5 min (Genesis + BUSAE)"}
{"timestamp": "2026-09-19T15:32:01-0500", "level": "INFO", "logger": "apscheduler.scheduler", "line": 214, "message": "Scheduler started"}
{"timestamp": "2026-09-19T15:32:01-0500", "level": "INFO", "logger": "apscheduler.scheduler", "line": 1092, "message": "Added job "Ciclo inicial Genesis + BUSAE" to job store "default""}
{"timestamp": "2026-09-19T15:32:01-0500", "level": "INFO", "logger": "poller.scheduler", "line": 56, "message": "Scheduler iniciado — ciclos cada 5 min (Genesis + BUSAE)"}
{"timestamp": "2026-09-19T15:32:01-0500", "level": "INFO", "logger": "apscheduler.scheduler", "line": 1092, "message": "Added job "Ciclo inicial Genesis + BUSAE" to job store "default""}
{"timestamp": "2026-09-19T15:32:13-0500", "level": "INFO", "logger": "apscheduler.executors.default", "line": 129, "message": "Running job "Ciclo inicial Genesis + BUSAE (trigger: date[2026-09-19 20:32:13 UTC], next run at: 2026-09-19 20:32:13 UTC)" (scheduled at 2026-09-19 20:32:13.298451+00:00)"}
{"timestamp": "2026-09-19T15:32:13-0500", "level": "INFO", "logger": "apscheduler.scheduler", "line": 728, "message": "Removed job poller_bootstrap"}
{"timestamp": "2026-09-19T15:32:13-0500", "level": "INFO", "logger": "poller.scheduler", "line": 87, "message": "Ejecutando ciclo (Genesis → BUSAE)..."}
{"timestamp": "2026-09-19T15:32:13-0500", "level": "INFO", "logger": "poller.genesis", "line": 197, "message": "Genesis — iniciando ciclo de extracción..."}
{"timestamp": "2026-09-19T15:32:13-0500", "level": "INFO", "logger": "apscheduler.executors.default", "line": 129, "message": "Running job "Ciclo inicial Genesis + BUSAE (trigger: date[2026-09-19 20:32:13 UTC], next run at: 2026-09-19 20:32:13 UTC)" (scheduled at 2026-09-19 20:32:13.304448+00:00)"}
{"timestamp": "2026-09-19T15:32:13-0500", "level": "INFO", "logger": "apscheduler.scheduler", "line": 728, "message": "Removed job poller_bootstrap"}
{"timestamp": "2026-09-19T15:32:13-0500", "level": "INFO", "logger": "poller.scheduler", "line": 87, "message": "Ejecutando ciclo (Genesis → BUSAE)..."}
{"timestamp": "2026-09-19T15:32:13-0500", "level": "INFO", "logger": "poller.genesis", "line": 197, "message": "Genesis — iniciando ciclo de extracción..."}
{"timestamp": "2026-09-19T15:32:13-0500", "level": "INFO", "logger": "poller.genesis", "line": 56, "message": "Login Genesis exitoso"}
{"timestamp": "2026-09-19T15:32:13-0500", "level": "INFO", "logger": "poller.genesis", "line": 56, "message": "Login Genesis exitoso"}
{"timestamp": "2026-09-19T15:32:13-0500", "level": "INFO", "logger": "poller.genesis", "line": 78, "message": "Genesis monitoreo: 1465 registros"}
{"timestamp": "2026-09-19T15:32:13-0500", "level": "INFO", "logger": "poller.genesis", "line": 78, "message": "Genesis monitoreo: 1465 registros"}
{"timestamp": "2026-09-19T15:32:28-0500", "level": "INFO", "logger": "poller.genesis", "line": 213, "message": "Genesis — 1465 buses actualizados en BD"}
{"timestamp": "2026-09-19T15:32:28-0500", "level": "INFO", "logger": "poller.busae", "line": 286, "message": "BUSAE — ciclo 1"}
{"timestamp": "2026-09-19T15:32:28-0500", "level": "INFO", "logger": "poller.busae", "line": 86, "message": "Iniciando navegador Playwright (BUSAE)..."}
{"timestamp": "2026-09-19T15:32:38-0500", "level": "INFO", "logger": "poller.busae", "line": 118, "message": "URL después de login: https://login.busae.com/user-management/auth/login"}
{"timestamp": "2026-09-19T15:32:38-0500", "level": "ERROR", "logger": "poller.busae", "line": 121, "message": "Login BUSAE fallido — credenciales incorrectas o página de login"}
{"timestamp": "2026-09-19T15:32:39-0500", "level": "WARNING", "logger": "poller.busae", "line": 299, "message": "BUSAE — sin datos en este ciclo"}
{"timestamp": "2026-09-19T15:32:39-0500", "level": "INFO", "logger": "poller.scheduler", "line": 90, "message": "Ciclo completado"}
{"timestamp": "2026-09-19T15:32:39-0500", "level": "INFO", "logger": "apscheduler.executors.default", "line": 156, "message": "Job "Ciclo inicial Genesis + BUSAE (trigger: date[2026-09-19 20:32:13 UTC], next run at: 2026-09-19 20:32:13 UTC)" executed successfully"}
{"timestamp": "2026-09-19T15:32:45-0500", "level": "INFO", "logger": "poller.genesis", "line": 213, "message": "Genesis — 1465 buses actualizados en BD"}
{"timestamp": "2026-09-19T15:32:45-0500", "level": "INFO", "logger": "poller.busae", "line": 286, "message": "BUSAE — ciclo 1"}
{"timestamp": "2026-09-19T15:32:45-0500", "level": "INFO", "logger": "poller.busae", "line": 86, "message": "Iniciando navegador Playwright (BUSAE)..."}
{"timestamp": "2026-09-19T15:32:53-0500", "level": "INFO", "logger": "poller.busae", "line": 118, "message": "URL después de login: https://login.busae.com/user-management/auth/login"}
{"timestamp": "2026-09-19T15:32:53-0500", "level": "ERROR", "logger": "poller.busae", "line": 121, "message": "Login BUSAE fallido — credenciales incorrectas o página de login"}
{"timestamp": "2026-09-19T15:32:53-0500", "level": "WARNING", "logger": "poller.busae", "line": 299, "message": "BUSAE — sin datos en este ciclo"}
{"timestamp": "2026-09-19T15:32:53-0500", "level": "INFO", "logger": "poller.scheduler", "line": 90, "message": "Ciclo completado"}
{"timestamp": "2026-09-19T15:32:53-0500", "level": "INFO", "logger": "apscheduler.executors.default", "line": 156, "message": "Job "Ciclo inicial Genesis + BUSAE (trigger: date[2026-09-19 20:32:13 UTC], next run at: 2026-09-19 20:32:13 UTC)" executed successfully"}
{"timestamp": "2026-09-19T15:35:00-0500", "level": "INFO", "logger": "buses.tasks", "line": 31, "message": "[TASK_BUSAE] Iniciando ciclo de sincronización GPS BUSAE..."}
{"timestamp": "2026-09-19T15:35:00-0500", "level": "INFO", "logger": "buses.services.busae", "line": 216, "message": "[BUSAE] Ejecutando extracción headless mediante Playwright..."}
{"timestamp": "2026-09-19T15:35:07-0500", "level": "INFO", "logger": "buses.services.busae", "line": 216, "message": "[BUSAE] Ejecutando extracción headless mediante Playwright..."}
{"timestamp": "2026-09-19T15:35:15-0500", "level": "INFO", "logger": "buses.services.busae", "line": 216, "message": "[BUSAE] Ejecutando extracción headless mediante Playwright..."}
{"timestamp": "2026-09-19T15:35:20-0500", "level": "ERROR", "logger": "buses.services.busae", "line": 339, "message": "[BUSAE] Error durante ciclo de sincronización: La respuesta de BUSAE no contiene datos."}
Traceback (most recent call last):
  File "C:\Proyectos\Bitacora E.E\backend\buses\services\busae_service.py", line 317, in sync
    # Cache de datos validados para fallback graceful
  File "C:\Proyectos\Bitacora E.E\backend\shared\decorators.py", line 115, in wrapper
    result = func(*args, **kwargs)
  File "C:\Proyectos\Bitacora E.E\backend\shared\decorators.py", line 27, in wrapper
    return func(*args, **kwargs)
  File "C:\Proyectos\Bitacora E.E\backend\buses\services\busae_service.py", line 220, in fetch_raw_data
    logger.info("[BUSAE] Ejecutando extracción headless mediante Playwright...")
    ^^^^^^^^^^^^^^^^^^^^^^^^^^^^^^^^^^^^^^^^^^^^^^^^^^^^^^^^^^^^^^^^^^^^^^
shared.exceptions.BusaeIntegrationError: La respuesta de BUSAE no contiene datos.
{"timestamp": "2026-09-19T15:35:20-0500", "level": "INFO", "logger": "buses.tasks", "line": 35, "message": "[TASK_BUSAE] Ciclo completado: {'status': 'degraded', 'error': 'La respuesta de BUSAE no contiene datos.', 'cached_items': 0, 'fallback_applied': False}"}
{"timestamp": "2026-09-19T15:40:00-0500", "level": "INFO", "logger": "buses.tasks", "line": 31, "message": "[TASK_BUSAE] Iniciando ciclo de sincronización GPS BUSAE..."}
{"timestamp": "2026-09-19T15:40:00-0500", "level": "WARNING", "logger": "buses.services.busae", "line": 328, "message": "[BUSAE] Circuit Breaker abierto: Circuito abierto para 'busae_fetch'. Se reintentará en 300s.. Aplicando fallback de caché."}
{"timestamp": "2026-09-19T15:40:00-0500", "level": "INFO", "logger": "buses.tasks", "line": 35, "message": "[TASK_BUSAE] Ciclo completado: {'status': 'circuit_open', 'message': "Circuito abierto para 'busae_fetch'. Se reintentará en 300s.", 'cached_items': 0, 'fallback_applied': True}"}
{"timestamp": "2026-09-19T15:45:00-0500", "level": "INFO", "logger": "buses.tasks", "line": 67, "message": "[TASK_GENESIS] Iniciando sincronización de datos Génesis..."}
{"timestamp": "2026-09-19T15:45:00-0500", "level": "INFO", "logger": "buses.services.genesis", "line": 107, "message": "[GENESIS] Usando datos de caché Redis (TTL 1h)."}
{"timestamp": "2026-09-19T15:45:05-0500", "level": "INFO", "logger": "buses.tasks", "line": 71, "message": "[TASK_GENESIS] Ciclo completado: {'status': 'success', 'fetched': 1465, 'saved_or_updated': 81, 'timestamp': '2026-09-19T20:45:05.960231+00:00'}"}
{"timestamp": "2026-09-19T15:45:05-0500", "level": "INFO", "logger": "buses.tasks", "line": 31, "message": "[TASK_BUSAE] Iniciando ciclo de sincronización GPS BUSAE..."}
{"timestamp": "2026-09-19T15:45:06-0500", "level": "INFO", "logger": "buses.services.busae", "line": 216, "message": "[BUSAE] Ejecutando extracción headless mediante Playwright..."}
{"timestamp": "2026-09-19T15:45:15-0500", "level": "INFO", "logger": "buses.services.busae", "line": 216, "message": "[BUSAE] Ejecutando extracción headless mediante Playwright..."}
{"timestamp": "2026-09-19T15:45:25-0500", "level": "INFO", "logger": "buses.services.busae", "line": 216, "message": "[BUSAE] Ejecutando extracción headless mediante Playwright..."}
{"timestamp": "2026-09-19T15:45:29-0500", "level": "ERROR", "logger": "buses.services.busae", "line": 339, "message": "[BUSAE] Error durante ciclo de sincronización: La respuesta de BUSAE no contiene datos."}
Traceback (most recent call last):
  File "C:\Proyectos\Bitacora E.E\backend\buses\services\busae_service.py", line 317, in sync
    # Cache de datos validados para fallback graceful
  File "C:\Proyectos\Bitacora E.E\backend\shared\decorators.py", line 115, in wrapper
    result = func(*args, **kwargs)
  File "C:\Proyectos\Bitacora E.E\backend\shared\decorators.py", line 27, in wrapper
    return func(*args, **kwargs)
  File "C:\Proyectos\Bitacora E.E\backend\buses\services\busae_service.py", line 220, in fetch_raw_data
    logger.info("[BUSAE] Ejecutando extracción headless mediante Playwright...")
    ^^^^^^^^^^^^^^^^^^^^^^^^^^^^^^^^^^^^^^^^^^^^^^^^^^^^^^^^^^^^^^^^^^^^^^
shared.exceptions.BusaeIntegrationError: La respuesta de BUSAE no contiene datos.
{"timestamp": "2026-09-19T15:45:29-0500", "level": "INFO", "logger": "buses.tasks", "line": 35, "message": "[TASK_BUSAE] Ciclo completado: {'status': 'degraded', 'error': 'La respuesta de BUSAE no contiene datos.', 'cached_items': 0, 'fallback_applied': False}"}
{"timestamp": "2026-09-19T15:47:05-0500", "level": "INFO", "logger": "apscheduler.scheduler", "line": 507, "message": "Adding job tentatively -- it will be properly scheduled when the scheduler starts"}
{"timestamp": "2026-09-19T15:47:05-0500", "level": "INFO", "logger": "apscheduler.scheduler", "line": 507, "message": "Adding job tentatively -- it will be properly scheduled when the scheduler starts"}
{"timestamp": "2026-09-19T15:47:05-0500", "level": "INFO", "logger": "apscheduler.scheduler", "line": 1092, "message": "Added job "Actualizar datos Genesis" to job store "default""}
{"timestamp": "2026-09-19T15:47:05-0500", "level": "INFO", "logger": "apscheduler.scheduler", "line": 1092, "message": "Added job "Actualizar estado GPS (BUSAE)" to job store "default""}
{"timestamp": "2026-09-19T15:47:05-0500", "level": "INFO", "logger": "apscheduler.scheduler", "line": 214, "message": "Scheduler started"}
{"timestamp": "2026-09-19T15:47:05-0500", "level": "INFO", "logger": "poller.scheduler", "line": 56, "message": "Scheduler iniciado — ciclos cada 5 min (Genesis + BUSAE)"}
{"timestamp": "2026-09-19T15:47:05-0500", "level": "INFO", "logger": "apscheduler.scheduler", "line": 1092, "message": "Added job "Ciclo inicial Genesis + BUSAE" to job store "default""}
{"timestamp": "2026-09-19T15:47:05-0500", "level": "INFO", "logger": "apscheduler.scheduler", "line": 507, "message": "Adding job tentatively -- it will be properly scheduled when the scheduler starts"}
{"timestamp": "2026-09-19T15:47:05-0500", "level": "INFO", "logger": "apscheduler.scheduler", "line": 507, "message": "Adding job tentatively -- it will be properly scheduled when the scheduler starts"}
{"timestamp": "2026-09-19T15:47:05-0500", "level": "INFO", "logger": "apscheduler.scheduler", "line": 1092, "message": "Added job "Actualizar datos Genesis" to job store "default""}
{"timestamp": "2026-09-19T15:47:05-0500", "level": "INFO", "logger": "apscheduler.scheduler", "line": 1092, "message": "Added job "Actualizar estado GPS (BUSAE)" to job store "default""}
{"timestamp": "2026-09-19T15:47:05-0500", "level": "INFO", "logger": "apscheduler.scheduler", "line": 214, "message": "Scheduler started"}
{"timestamp": "2026-09-19T15:47:05-0500", "level": "INFO", "logger": "poller.scheduler", "line": 56, "message": "Scheduler iniciado — ciclos cada 5 min (Genesis + BUSAE)"}
{"timestamp": "2026-09-19T15:47:05-0500", "level": "INFO", "logger": "apscheduler.scheduler", "line": 1092, "message": "Added job "Ciclo inicial Genesis + BUSAE" to job store "default""}
{"timestamp": "2026-09-19T15:47:14-0500", "level": "INFO", "logger": "apscheduler.scheduler", "line": 507, "message": "Adding job tentatively -- it will be properly scheduled when the scheduler starts"}
{"timestamp": "2026-09-19T15:47:14-0500", "level": "INFO", "logger": "apscheduler.scheduler", "line": 507, "message": "Adding job tentatively -- it will be properly scheduled when the scheduler starts"}
{"timestamp": "2026-09-19T15:47:14-0500", "level": "INFO", "logger": "apscheduler.scheduler", "line": 1092, "message": "Added job "Actualizar datos Genesis" to job store "default""}
{"timestamp": "2026-09-19T15:47:14-0500", "level": "INFO", "logger": "apscheduler.scheduler", "line": 1092, "message": "Added job "Actualizar estado GPS (BUSAE)" to job store "default""}
{"timestamp": "2026-09-19T15:47:14-0500", "level": "INFO", "logger": "apscheduler.scheduler", "line": 214, "message": "Scheduler started"}
{"timestamp": "2026-09-19T15:47:14-0500", "level": "INFO", "logger": "poller.scheduler", "line": 56, "message": "Scheduler iniciado — ciclos cada 5 min (Genesis + BUSAE)"}
{"timestamp": "2026-09-19T15:47:14-0500", "level": "INFO", "logger": "apscheduler.scheduler", "line": 1092, "message": "Added job "Ciclo inicial Genesis + BUSAE" to job store "default""}
{"timestamp": "2026-09-19T15:47:14-0500", "level": "INFO", "logger": "apscheduler.scheduler", "line": 507, "message": "Adding job tentatively -- it will be properly scheduled when the scheduler starts"}
{"timestamp": "2026-09-19T15:47:14-0500", "level": "INFO", "logger": "apscheduler.scheduler", "line": 507, "message": "Adding job tentatively -- it will be properly scheduled when the scheduler starts"}
{"timestamp": "2026-09-19T15:47:14-0500", "level": "INFO", "logger": "apscheduler.scheduler", "line": 1092, "message": "Added job "Actualizar datos Genesis" to job store "default""}
{"timestamp": "2026-09-19T15:47:14-0500", "level": "INFO", "logger": "apscheduler.scheduler", "line": 1092, "message": "Added job "Actualizar estado GPS (BUSAE)" to job store "default""}
{"timestamp": "2026-09-19T15:47:14-0500", "level": "INFO", "logger": "apscheduler.scheduler", "line": 214, "message": "Scheduler started"}
{"timestamp": "2026-09-19T15:47:14-0500", "level": "INFO", "logger": "poller.scheduler", "line": 56, "message": "Scheduler iniciado — ciclos cada 5 min (Genesis + BUSAE)"}
{"timestamp": "2026-09-19T15:47:14-0500", "level": "INFO", "logger": "apscheduler.scheduler", "line": 1092, "message": "Added job "Ciclo inicial Genesis + BUSAE" to job store "default""}
{"timestamp": "2026-09-19T15:47:25-0500", "level": "INFO", "logger": "apscheduler.scheduler", "line": 507, "message": "Adding job tentatively -- it will be properly scheduled when the scheduler starts"}
{"timestamp": "2026-09-19T15:47:25-0500", "level": "INFO", "logger": "apscheduler.scheduler", "line": 507, "message": "Adding job tentatively -- it will be properly scheduled when the scheduler starts"}
{"timestamp": "2026-09-19T15:47:25-0500", "level": "INFO", "logger": "apscheduler.scheduler", "line": 1092, "message": "Added job "Actualizar datos Genesis" to job store "default""}
{"timestamp": "2026-09-19T15:47:25-0500", "level": "INFO", "logger": "apscheduler.scheduler", "line": 1092, "message": "Added job "Actualizar estado GPS (BUSAE)" to job store "default""}
{"timestamp": "2026-09-19T15:47:25-0500", "level": "INFO", "logger": "apscheduler.scheduler", "line": 214, "message": "Scheduler started"}
{"timestamp": "2026-09-19T15:47:25-0500", "level": "INFO", "logger": "poller.scheduler", "line": 56, "message": "Scheduler iniciado — ciclos cada 5 min (Genesis + BUSAE)"}
{"timestamp": "2026-09-19T15:47:25-0500", "level": "INFO", "logger": "apscheduler.scheduler", "line": 1092, "message": "Added job "Ciclo inicial Genesis + BUSAE" to job store "default""}
{"timestamp": "2026-09-19T15:47:25-0500", "level": "INFO", "logger": "apscheduler.scheduler", "line": 507, "message": "Adding job tentatively -- it will be properly scheduled when the scheduler starts"}
{"timestamp": "2026-09-19T15:47:25-0500", "level": "INFO", "logger": "apscheduler.scheduler", "line": 507, "message": "Adding job tentatively -- it will be properly scheduled when the scheduler starts"}
{"timestamp": "2026-09-19T15:47:25-0500", "level": "INFO", "logger": "apscheduler.scheduler", "line": 1092, "message": "Added job "Actualizar datos Genesis" to job store "default""}
{"timestamp": "2026-09-19T15:47:25-0500", "level": "INFO", "logger": "apscheduler.scheduler", "line": 1092, "message": "Added job "Actualizar estado GPS (BUSAE)" to job store "default""}
{"timestamp": "2026-09-19T15:47:25-0500", "level": "INFO", "logger": "apscheduler.scheduler", "line": 214, "message": "Scheduler started"}
{"timestamp": "2026-09-19T15:47:25-0500", "level": "INFO", "logger": "poller.scheduler", "line": 56, "message": "Scheduler iniciado — ciclos cada 5 min (Genesis + BUSAE)"}
{"timestamp": "2026-09-19T15:47:25-0500", "level": "INFO", "logger": "apscheduler.scheduler", "line": 1092, "message": "Added job "Ciclo inicial Genesis + BUSAE" to job store "default""}
{"timestamp": "2026-09-19T15:47:34-0500", "level": "INFO", "logger": "apscheduler.scheduler", "line": 507, "message": "Adding job tentatively -- it will be properly scheduled when the scheduler starts"}
{"timestamp": "2026-09-19T15:47:34-0500", "level": "INFO", "logger": "apscheduler.scheduler", "line": 507, "message": "Adding job tentatively -- it will be properly scheduled when the scheduler starts"}
{"timestamp": "2026-09-19T15:47:34-0500", "level": "INFO", "logger": "apscheduler.scheduler", "line": 507, "message": "Adding job tentatively -- it will be properly scheduled when the scheduler starts"}
{"timestamp": "2026-09-19T15:47:34-0500", "level": "INFO", "logger": "apscheduler.scheduler", "line": 507, "message": "Adding job tentatively -- it will be properly scheduled when the scheduler starts"}
{"timestamp": "2026-09-19T15:47:34-0500", "level": "INFO", "logger": "apscheduler.scheduler", "line": 1092, "message": "Added job "Actualizar datos Genesis" to job store "default""}
{"timestamp": "2026-09-19T15:47:34-0500", "level": "INFO", "logger": "apscheduler.scheduler", "line": 1092, "message": "Added job "Actualizar estado GPS (BUSAE)" to job store "default""}
{"timestamp": "2026-09-19T15:47:34-0500", "level": "INFO", "logger": "apscheduler.scheduler", "line": 214, "message": "Scheduler started"}
{"timestamp": "2026-09-19T15:47:34-0500", "level": "INFO", "logger": "apscheduler.scheduler", "line": 1092, "message": "Added job "Actualizar datos Genesis" to job store "default""}
{"timestamp": "2026-09-19T15:47:34-0500", "level": "INFO", "logger": "apscheduler.scheduler", "line": 1092, "message": "Added job "Actualizar estado GPS (BUSAE)" to job store "default""}
{"timestamp": "2026-09-19T15:47:34-0500", "level": "INFO", "logger": "apscheduler.scheduler", "line": 214, "message": "Scheduler started"}
{"timestamp": "2026-09-19T15:47:34-0500", "level": "INFO", "logger": "poller.scheduler", "line": 56, "message": "Scheduler iniciado — ciclos cada 5 min (Genesis + BUSAE)"}
{"timestamp": "2026-09-19T15:47:34-0500", "level": "INFO", "logger": "apscheduler.scheduler", "line": 1092, "message": "Added job "Ciclo inicial Genesis + BUSAE" to job store "default""}
{"timestamp": "2026-09-19T15:47:34-0500", "level": "INFO", "logger": "poller.scheduler", "line": 56, "message": "Scheduler iniciado — ciclos cada 5 min (Genesis + BUSAE)"}
{"timestamp": "2026-09-19T15:47:34-0500", "level": "INFO", "logger": "apscheduler.scheduler", "line": 1092, "message": "Added job "Ciclo inicial Genesis + BUSAE" to job store "default""}
{"timestamp": "2026-09-19T15:47:46-0500", "level": "INFO", "logger": "apscheduler.executors.default", "line": 129, "message": "Running job "Ciclo inicial Genesis + BUSAE (trigger: date[2026-09-19 20:47:46 UTC], next run at: 2026-09-19 20:47:46 UTC)" (scheduled at 2026-09-19 20:47:46.362993+00:00)"}
{"timestamp": "2026-09-19T15:47:46-0500", "level": "INFO", "logger": "apscheduler.scheduler", "line": 728, "message": "Removed job poller_bootstrap"}
{"timestamp": "2026-09-19T15:47:46-0500", "level": "INFO", "logger": "poller.scheduler", "line": 87, "message": "Ejecutando ciclo (Genesis → BUSAE)..."}
{"timestamp": "2026-09-19T15:47:46-0500", "level": "INFO", "logger": "poller.genesis", "line": 202, "message": "Genesis — iniciando ciclo de extracción..."}
{"timestamp": "2026-09-19T15:47:46-0500", "level": "INFO", "logger": "apscheduler.executors.default", "line": 129, "message": "Running job "Ciclo inicial Genesis + BUSAE (trigger: date[2026-09-19 20:47:46 UTC], next run at: 2026-09-19 20:47:46 UTC)" (scheduled at 2026-09-19 20:47:46.411385+00:00)"}
{"timestamp": "2026-09-19T15:47:46-0500", "level": "INFO", "logger": "poller.scheduler", "line": 87, "message": "Ejecutando ciclo (Genesis → BUSAE)..."}
{"timestamp": "2026-09-19T15:47:46-0500", "level": "INFO", "logger": "poller.genesis", "line": 202, "message": "Genesis — iniciando ciclo de extracción..."}
{"timestamp": "2026-09-19T15:47:46-0500", "level": "INFO", "logger": "apscheduler.scheduler", "line": 728, "message": "Removed job poller_bootstrap"}
{"timestamp": "2026-09-19T15:47:46-0500", "level": "INFO", "logger": "poller.genesis", "line": 57, "message": "Login Genesis exitoso"}
{"timestamp": "2026-09-19T15:47:46-0500", "level": "INFO", "logger": "poller.genesis", "line": 57, "message": "Login Genesis exitoso"}
{"timestamp": "2026-09-19T15:47:47-0500", "level": "INFO", "logger": "poller.genesis", "line": 83, "message": "Genesis monitoreo: 1465 registros"}
{"timestamp": "2026-09-19T15:47:47-0500", "level": "INFO", "logger": "poller.genesis", "line": 83, "message": "Genesis monitoreo: 1465 registros"}
{"timestamp": "2026-09-19T15:48:09-0500", "level": "INFO", "logger": "poller.genesis", "line": 218, "message": "Genesis — 1465 buses actualizados en BD"}
{"timestamp": "2026-09-19T15:48:09-0500", "level": "INFO", "logger": "poller.busae", "line": 287, "message": "BUSAE — ciclo 1"}
{"timestamp": "2026-09-19T15:48:10-0500", "level": "INFO", "logger": "poller.busae", "line": 86, "message": "Iniciando navegador Playwright (BUSAE)..."}
{"timestamp": "2026-09-19T15:48:23-0500", "level": "INFO", "logger": "poller.busae", "line": 118, "message": "URL después de login: https://login.busae.com/user-management/auth/login"}
{"timestamp": "2026-09-19T15:48:23-0500", "level": "ERROR", "logger": "poller.busae", "line": 121, "message": "Login BUSAE fallido — credenciales incorrectas o página de login"}
{"timestamp": "2026-09-19T15:48:26-0500", "level": "WARNING", "logger": "poller.busae", "line": 300, "message": "BUSAE — sin datos en este ciclo"}
{"timestamp": "2026-09-19T15:48:26-0500", "level": "INFO", "logger": "poller.scheduler", "line": 90, "message": "Ciclo completado"}
{"timestamp": "2026-09-19T15:48:26-0500", "level": "INFO", "logger": "apscheduler.executors.default", "line": 156, "message": "Job "Ciclo inicial Genesis + BUSAE (trigger: date[2026-09-19 20:47:46 UTC], next run at: 2026-09-19 20:47:46 UTC)" executed successfully"}
{"timestamp": "2026-09-19T15:48:29-0500", "level": "INFO", "logger": "poller.genesis", "line": 218, "message": "Genesis — 1465 buses actualizados en BD"}
{"timestamp": "2026-09-19T15:48:29-0500", "level": "INFO", "logger": "poller.busae", "line": 287, "message": "BUSAE — ciclo 1"}
{"timestamp": "2026-09-19T15:48:30-0500", "level": "INFO", "logger": "poller.busae", "line": 86, "message": "Iniciando navegador Playwright (BUSAE)..."}
{"timestamp": "2026-09-19T15:48:38-0500", "level": "INFO", "logger": "poller.busae", "line": 118, "message": "URL después de login: https://login.busae.com/user-management/auth/login"}
{"timestamp": "2026-09-19T15:48:38-0500", "level": "ERROR", "logger": "poller.busae", "line": 121, "message": "Login BUSAE fallido — credenciales incorrectas o página de login"}
{"timestamp": "2026-09-19T15:48:38-0500", "level": "WARNING", "logger": "poller.busae", "line": 300, "message": "BUSAE — sin datos en este ciclo"}
{"timestamp": "2026-09-19T15:48:38-0500", "level": "INFO", "logger": "poller.scheduler", "line": 90, "message": "Ciclo completado"}
{"timestamp": "2026-09-19T15:48:38-0500", "level": "INFO", "logger": "apscheduler.executors.default", "line": 156, "message": "Job "Ciclo inicial Genesis + BUSAE (trigger: date[2026-09-19 20:47:46 UTC], next run at: 2026-09-19 20:47:46 UTC)" executed successfully"}
{"timestamp": "2026-09-19T15:50:00-0500", "level": "INFO", "logger": "buses.tasks", "line": 31, "message": "[TASK_BUSAE] Iniciando ciclo de sincronización GPS BUSAE..."}
{"timestamp": "2026-09-19T15:50:00-0500", "level": "WARNING", "logger": "buses.services.busae", "line": 328, "message": "[BUSAE] Circuit Breaker abierto: Circuito abierto para 'busae_fetch'. Se reintentará en 300s.. Aplicando fallback de caché."}
{"timestamp": "2026-09-19T15:50:00-0500", "level": "INFO", "logger": "buses.tasks", "line": 35, "message": "[TASK_BUSAE] Ciclo completado: {'status': 'circuit_open', 'message': "Circuito abierto para 'busae_fetch'. Se reintentará en 300s.", 'cached_items': 0, 'fallback_applied': True}"}
{"timestamp": "2026-09-19T15:55:00-0500", "level": "INFO", "logger": "buses.tasks", "line": 31, "message": "[TASK_BUSAE] Iniciando ciclo de sincronización GPS BUSAE..."}
{"timestamp": "2026-09-19T15:55:01-0500", "level": "INFO", "logger": "buses.services.busae", "line": 216, "message": "[BUSAE] Ejecutando extracción headless mediante Playwright..."}
{"timestamp": "2026-09-19T15:55:09-0500", "level": "INFO", "logger": "buses.services.busae", "line": 216, "message": "[BUSAE] Ejecutando extracción headless mediante Playwright..."}
{"timestamp": "2026-09-19T15:55:18-0500", "level": "INFO", "logger": "buses.services.busae", "line": 216, "message": "[BUSAE] Ejecutando extracción headless mediante Playwright..."}
{"timestamp": "2026-09-19T15:55:21-0500", "level": "ERROR", "logger": "buses.services.busae", "line": 339, "message": "[BUSAE] Error durante ciclo de sincronización: La respuesta de BUSAE no contiene datos."}
Traceback (most recent call last):
  File "C:\Proyectos\Bitacora E.E\backend\buses\services\busae_service.py", line 317, in sync
    # Cache de datos validados para fallback graceful
  File "C:\Proyectos\Bitacora E.E\backend\shared\decorators.py", line 115, in wrapper
    result = func(*args, **kwargs)
  File "C:\Proyectos\Bitacora E.E\backend\shared\decorators.py", line 27, in wrapper
    return func(*args, **kwargs)
  File "C:\Proyectos\Bitacora E.E\backend\buses\services\busae_service.py", line 220, in fetch_raw_data
    logger.info("[BUSAE] Ejecutando extracción headless mediante Playwright...")
    ^^^^^^^^^^^^^^^^^^^^^^^^^^^^^^^^^^^^^^^^^^^^^^^^^^^^^^^^^^^^^^^^^^^^^^
shared.exceptions.BusaeIntegrationError: La respuesta de BUSAE no contiene datos.
{"timestamp": "2026-09-19T15:55:21-0500", "level": "INFO", "logger": "buses.tasks", "line": 35, "message": "[TASK_BUSAE] Ciclo completado: {'status': 'degraded', 'error': 'La respuesta de BUSAE no contiene datos.', 'cached_items': 0, 'fallback_applied': False}"}
{"timestamp": "2026-09-19T16:00:00-0500", "level": "INFO", "logger": "buses.tasks", "line": 67, "message": "[TASK_GENESIS] Iniciando sincronización de datos Génesis..."}
{"timestamp": "2026-09-19T16:00:00-0500", "level": "INFO", "logger": "buses.services.genesis", "line": 107, "message": "[GENESIS] Usando datos de caché Redis (TTL 1h)."}
{"timestamp": "2026-09-19T16:00:05-0500", "level": "INFO", "logger": "buses.tasks", "line": 71, "message": "[TASK_GENESIS] Ciclo completado: {'status': 'success', 'fetched': 1465, 'saved_or_updated': 159, 'timestamp': '2026-09-19T21:00:05.721868+00:00'}"}
{"timestamp": "2026-09-19T16:00:05-0500", "level": "INFO", "logger": "buses.tasks", "line": 31, "message": "[TASK_BUSAE] Iniciando ciclo de sincronización GPS BUSAE..."}
{"timestamp": "2026-09-19T16:00:05-0500", "level": "WARNING", "logger": "buses.services.busae", "line": 328, "message": "[BUSAE] Circuit Breaker abierto: Circuito abierto para 'busae_fetch'. Se reintentará en 300s.. Aplicando fallback de caché."}
{"timestamp": "2026-09-19T16:00:05-0500", "level": "INFO", "logger": "buses.tasks", "line": 35, "message": "[TASK_BUSAE] Ciclo completado: {'status': 'circuit_open', 'message': "Circuito abierto para 'busae_fetch'. Se reintentará en 300s.", 'cached_items': 0, 'fallback_applied': True}"}
{"timestamp": "2026-09-19T16:05:00-0500", "level": "INFO", "logger": "buses.tasks", "line": 31, "message": "[TASK_BUSAE] Iniciando ciclo de sincronización GPS BUSAE..."}
{"timestamp": "2026-09-19T16:05:00-0500", "level": "INFO", "logger": "buses.services.busae", "line": 216, "message": "[BUSAE] Ejecutando extracción headless mediante Playwright..."}
{"timestamp": "2026-09-19T16:05:04-0500", "level": "INFO", "logger": "apscheduler.scheduler", "line": 507, "message": "Adding job tentatively -- it will be properly scheduled when the scheduler starts"}
{"timestamp": "2026-09-19T16:05:04-0500", "level": "INFO", "logger": "apscheduler.scheduler", "line": 507, "message": "Adding job tentatively -- it will be properly scheduled when the scheduler starts"}
{"timestamp": "2026-09-19T16:05:04-0500", "level": "INFO", "logger": "apscheduler.scheduler", "line": 1092, "message": "Added job "Actualizar datos Genesis" to job store "default""}
{"timestamp": "2026-09-19T16:05:04-0500", "level": "INFO", "logger": "apscheduler.scheduler", "line": 1092, "message": "Added job "Actualizar estado GPS (BUSAE)" to job store "default""}
{"timestamp": "2026-09-19T16:05:04-0500", "level": "INFO", "logger": "apscheduler.scheduler", "line": 214, "message": "Scheduler started"}
{"timestamp": "2026-09-19T16:05:04-0500", "level": "INFO", "logger": "apscheduler.scheduler", "line": 507, "message": "Adding job tentatively -- it will be properly scheduled when the scheduler starts"}
{"timestamp": "2026-09-19T16:05:04-0500", "level": "INFO", "logger": "apscheduler.scheduler", "line": 507, "message": "Adding job tentatively -- it will be properly scheduled when the scheduler starts"}
{"timestamp": "2026-09-19T16:05:04-0500", "level": "INFO", "logger": "apscheduler.scheduler", "line": 1092, "message": "Added job "Actualizar datos Genesis" to job store "default""}
{"timestamp": "2026-09-19T16:05:04-0500", "level": "INFO", "logger": "apscheduler.scheduler", "line": 1092, "message": "Added job "Actualizar estado GPS (BUSAE)" to job store "default""}
{"timestamp": "2026-09-19T16:05:04-0500", "level": "INFO", "logger": "apscheduler.scheduler", "line": 214, "message": "Scheduler started"}
{"timestamp": "2026-09-19T16:05:04-0500", "level": "INFO", "logger": "poller.scheduler", "line": 56, "message": "Scheduler iniciado — ciclos cada 5 min (Genesis + BUSAE)"}
{"timestamp": "2026-09-19T16:05:04-0500", "level": "INFO", "logger": "apscheduler.scheduler", "line": 1092, "message": "Added job "Ciclo inicial Genesis + BUSAE" to job store "default""}
{"timestamp": "2026-09-19T16:05:04-0500", "level": "INFO", "logger": "poller.scheduler", "line": 56, "message": "Scheduler iniciado — ciclos cada 5 min (Genesis + BUSAE)"}
{"timestamp": "2026-09-19T16:05:04-0500", "level": "INFO", "logger": "apscheduler.scheduler", "line": 1092, "message": "Added job "Ciclo inicial Genesis + BUSAE" to job store "default""}
{"timestamp": "2026-09-19T16:05:14-0500", "level": "INFO", "logger": "buses.services.busae", "line": 216, "message": "[BUSAE] Ejecutando extracción headless mediante Playwright..."}
{"timestamp": "2026-09-19T16:05:16-0500", "level": "INFO", "logger": "apscheduler.executors.default", "line": 129, "message": "Running job "Ciclo inicial Genesis + BUSAE (trigger: date[2026-09-19 21:05:16 UTC], next run at: 2026-09-19 21:05:16 UTC)" (scheduled at 2026-09-19 21:05:16.087367+00:00)"}
{"timestamp": "2026-09-19T16:05:16-0500", "level": "INFO", "logger": "apscheduler.scheduler", "line": 728, "message": "Removed job poller_bootstrap"}
{"timestamp": "2026-09-19T16:05:16-0500", "level": "INFO", "logger": "apscheduler.executors.default", "line": 129, "message": "Running job "Ciclo inicial Genesis + BUSAE (trigger: date[2026-09-19 21:05:16 UTC], next run at: 2026-09-19 21:05:16 UTC)" (scheduled at 2026-09-19 21:05:16.120454+00:00)"}
{"timestamp": "2026-09-19T16:05:16-0500", "level": "INFO", "logger": "poller.scheduler", "line": 87, "message": "Ejecutando ciclo (Genesis → BUSAE)..."}
{"timestamp": "2026-09-19T16:05:16-0500", "level": "INFO", "logger": "poller.genesis", "line": 202, "message": "Genesis — iniciando ciclo de extracción..."}
{"timestamp": "2026-09-19T16:05:16-0500", "level": "INFO", "logger": "poller.scheduler", "line": 87, "message": "Ejecutando ciclo (Genesis → BUSAE)..."}
{"timestamp": "2026-09-19T16:05:16-0500", "level": "INFO", "logger": "apscheduler.scheduler", "line": 728, "message": "Removed job poller_bootstrap"}
{"timestamp": "2026-09-19T16:05:16-0500", "level": "INFO", "logger": "poller.genesis", "line": 202, "message": "Genesis — iniciando ciclo de extracción..."}
{"timestamp": "2026-09-19T16:05:16-0500", "level": "INFO", "logger": "poller.genesis", "line": 57, "message": "Login Genesis exitoso"}
{"timestamp": "2026-09-19T16:05:16-0500", "level": "INFO", "logger": "poller.genesis", "line": 57, "message": "Login Genesis exitoso"}
{"timestamp": "2026-09-19T16:05:16-0500", "level": "INFO", "logger": "poller.genesis", "line": 83, "message": "Genesis monitoreo: 1465 registros"}
{"timestamp": "2026-09-19T16:05:16-0500", "level": "INFO", "logger": "poller.genesis", "line": 83, "message": "Genesis monitoreo: 1465 registros"}
{"timestamp": "2026-09-19T16:05:36-0500", "level": "INFO", "logger": "buses.services.busae", "line": 216, "message": "[BUSAE] Ejecutando extracción headless mediante Playwright..."}
{"timestamp": "2026-09-19T16:05:44-0500", "level": "INFO", "logger": "poller.genesis", "line": 218, "message": "Genesis — 1465 buses actualizados en BD"}
{"timestamp": "2026-09-19T16:05:44-0500", "level": "INFO", "logger": "poller.busae", "line": 126, "message": "BUSAE — ciclo 1"}
{"timestamp": "2026-09-19T16:05:45-0500", "level": "ERROR", "logger": "poller.busae", "line": 154, "message": "Login BUSAE HTTP fallido — sigue en página de login"}
{"timestamp": "2026-09-19T16:05:45-0500", "level": "INFO", "logger": "poller.busae", "line": 243, "message": "BUSAE — extrayendo con Playwright..."}
{"timestamp": "2026-09-19T16:05:57-0500", "level": "ERROR", "logger": "buses.services.busae", "line": 339, "message": "[BUSAE] Error durante ciclo de sincronización: La respuesta de BUSAE no contiene datos."}
Traceback (most recent call last):
  File "C:\Proyectos\Bitacora E.E\backend\buses\services\busae_service.py", line 317, in sync
  File "C:\Proyectos\Bitacora E.E\backend\shared\decorators.py", line 115, in wrapper
    result = func(*args, **kwargs)
  File "C:\Proyectos\Bitacora E.E\backend\shared\decorators.py", line 27, in wrapper
    return func(*args, **kwargs)
  File "C:\Proyectos\Bitacora E.E\backend\buses\services\busae_service.py", line 220, in fetch_raw_data
    err_msg = str(exc)
shared.exceptions.BusaeIntegrationError: La respuesta de BUSAE no contiene datos.
{"timestamp": "2026-09-19T16:05:57-0500", "level": "INFO", "logger": "buses.tasks", "line": 35, "message": "[TASK_BUSAE] Ciclo completado: {'status': 'degraded', 'error': 'La respuesta de BUSAE no contiene datos.', 'cached_items': 0, 'fallback_applied': False}"}
{"timestamp": "2026-09-19T16:06:08-0500", "level": "INFO", "logger": "poller.genesis", "line": 218, "message": "Genesis — 1465 buses actualizados en BD"}
{"timestamp": "2026-09-19T16:06:08-0500", "level": "INFO", "logger": "poller.busae", "line": 126, "message": "BUSAE — ciclo 1"}
{"timestamp": "2026-09-19T16:06:08-0500", "level": "ERROR", "logger": "poller.busae", "line": 154, "message": "Login BUSAE HTTP fallido — sigue en página de login"}
{"timestamp": "2026-09-19T16:06:08-0500", "level": "INFO", "logger": "poller.busae", "line": 243, "message": "BUSAE — extrayendo con Playwright..."}
{"timestamp": "2026-09-19T16:06:41-0500", "level": "ERROR", "logger": "poller.busae", "line": 139, "message": "Error crítico en ciclo BUSAE: duplicate key value violates unique constraint "buses_reportependiente_report_id_key"
DETAIL:  Key (report_id)=(REP-20260919-2) already exists."}
{"timestamp": "2026-09-19T16:06:41-0500", "level": "INFO", "logger": "poller.scheduler", "line": 90, "message": "Ciclo completado"}
{"timestamp": "2026-09-19T16:06:41-0500", "level": "INFO", "logger": "apscheduler.executors.default", "line": 156, "message": "Job "Ciclo inicial Genesis + BUSAE (trigger: date[2026-09-19 21:05:16 UTC], next run at: 2026-09-19 21:05:16 UTC)" executed successfully"}
{"timestamp": "2026-09-19T16:06:42-0500", "level": "INFO", "logger": "poller.busae", "line": 132, "message": "BUSAE — 1183 buses guardados en BD"}
{"timestamp": "2026-09-19T16:06:42-0500", "level": "INFO", "logger": "poller.scheduler", "line": 90, "message": "Ciclo completado"}
{"timestamp": "2026-09-19T16:06:42-0500", "level": "INFO", "logger": "apscheduler.executors.default", "line": 156, "message": "Job "Ciclo inicial Genesis + BUSAE (trigger: date[2026-09-19 21:05:16 UTC], next run at: 2026-09-19 21:05:16 UTC)" executed successfully"}
{"timestamp": "2026-09-19T16:06:48-0500", "level": "INFO", "logger": "apscheduler.scheduler", "line": 507, "message": "Adding job tentatively -- it will be properly scheduled when the scheduler starts"}
{"timestamp": "2026-09-19T16:06:48-0500", "level": "INFO", "logger": "apscheduler.scheduler", "line": 507, "message": "Adding job tentatively -- it will be properly scheduled when the scheduler starts"}
{"timestamp": "2026-09-19T16:06:48-0500", "level": "INFO", "logger": "apscheduler.scheduler", "line": 507, "message": "Adding job tentatively -- it will be properly scheduled when the scheduler starts"}
{"timestamp": "2026-09-19T16:06:48-0500", "level": "INFO", "logger": "apscheduler.scheduler", "line": 507, "message": "Adding job tentatively -- it will be properly scheduled when the scheduler starts"}
{"timestamp": "2026-09-19T16:06:48-0500", "level": "INFO", "logger": "apscheduler.scheduler", "line": 1092, "message": "Added job "Actualizar estado GPS (BUSAE)" to job store "default""}
{"timestamp": "2026-09-19T16:06:48-0500", "level": "INFO", "logger": "apscheduler.scheduler", "line": 214, "message": "Scheduler started"}
{"timestamp": "2026-09-19T16:06:48-0500", "level": "INFO", "logger": "apscheduler.scheduler", "line": 1092, "message": "Added job "Actualizar datos Genesis" to job store "default""}
{"timestamp": "2026-09-19T16:06:48-0500", "level": "INFO", "logger": "apscheduler.scheduler", "line": 1092, "message": "Added job "Actualizar estado GPS (BUSAE)" to job store "default""}
{"timestamp": "2026-09-19T16:06:48-0500", "level": "INFO", "logger": "apscheduler.scheduler", "line": 214, "message": "Scheduler started"}
{"timestamp": "2026-09-19T16:06:48-0500", "level": "INFO", "logger": "poller.scheduler", "line": 56, "message": "Scheduler iniciado — ciclos cada 5 min (Genesis + BUSAE)"}
{"timestamp": "2026-09-19T16:06:48-0500", "level": "INFO", "logger": "apscheduler.scheduler", "line": 1092, "message": "Added job "Ciclo inicial Genesis + BUSAE" to job store "default""}
{"timestamp": "2026-09-19T16:06:48-0500", "level": "INFO", "logger": "poller.scheduler", "line": 56, "message": "Scheduler iniciado — ciclos cada 5 min (Genesis + BUSAE)"}
{"timestamp": "2026-09-19T16:06:48-0500", "level": "INFO", "logger": "apscheduler.scheduler", "line": 1092, "message": "Added job "Ciclo inicial Genesis + BUSAE" to job store "default""}
{"timestamp": "2026-09-19T16:07:00-0500", "level": "INFO", "logger": "apscheduler.scheduler", "line": 507, "message": "Adding job tentatively -- it will be properly scheduled when the scheduler starts"}
{"timestamp": "2026-09-19T16:07:00-0500", "level": "INFO", "logger": "apscheduler.scheduler", "line": 507, "message": "Adding job tentatively -- it will be properly scheduled when the scheduler starts"}
{"timestamp": "2026-09-19T16:07:00-0500", "level": "INFO", "logger": "apscheduler.scheduler", "line": 1092, "message": "Added job "Actualizar datos Genesis" to job store "default""}
{"timestamp": "2026-09-19T16:07:00-0500", "level": "INFO", "logger": "apscheduler.scheduler", "line": 1092, "message": "Added job "Actualizar estado GPS (BUSAE)" to job store "default""}
{"timestamp": "2026-09-19T16:07:00-0500", "level": "INFO", "logger": "apscheduler.scheduler", "line": 214, "message": "Scheduler started"}
{"timestamp": "2026-09-19T16:07:00-0500", "level": "INFO", "logger": "poller.scheduler", "line": 56, "message": "Scheduler iniciado — ciclos cada 5 min (Genesis + BUSAE)"}
{"timestamp": "2026-09-19T16:07:00-0500", "level": "INFO", "logger": "apscheduler.scheduler", "line": 1092, "message": "Added job "Ciclo inicial Genesis + BUSAE" to job store "default""}
{"timestamp": "2026-09-19T16:07:00-0500", "level": "INFO", "logger": "apscheduler.executors.default", "line": 129, "message": "Running job "Ciclo inicial Genesis + BUSAE (trigger: date[2026-09-19 21:07:00 UTC], next run at: 2026-09-19 21:07:00 UTC)" (scheduled at 2026-09-19 21:07:00.507729+00:00)"}
{"timestamp": "2026-09-19T16:07:00-0500", "level": "INFO", "logger": "apscheduler.scheduler", "line": 728, "message": "Removed job poller_bootstrap"}
{"timestamp": "2026-09-19T16:07:00-0500", "level": "INFO", "logger": "poller.scheduler", "line": 87, "message": "Ejecutando ciclo (Genesis → BUSAE)..."}
{"timestamp": "2026-09-19T16:07:00-0500", "level": "INFO", "logger": "poller.genesis", "line": 202, "message": "Genesis — iniciando ciclo de extracción..."}
{"timestamp": "2026-09-19T16:07:00-0500", "level": "INFO", "logger": "apscheduler.executors.default", "line": 129, "message": "Running job "Ciclo inicial Genesis + BUSAE (trigger: date[2026-09-19 21:07:00 UTC], next run at: 2026-09-19 21:07:00 UTC)" (scheduled at 2026-09-19 21:07:00.525937+00:00)"}
{"timestamp": "2026-09-19T16:07:00-0500", "level": "INFO", "logger": "apscheduler.scheduler", "line": 728, "message": "Removed job poller_bootstrap"}
{"timestamp": "2026-09-19T16:07:00-0500", "level": "INFO", "logger": "poller.scheduler", "line": 87, "message": "Ejecutando ciclo (Genesis → BUSAE)..."}
{"timestamp": "2026-09-19T16:07:00-0500", "level": "INFO", "logger": "poller.genesis", "line": 202, "message": "Genesis — iniciando ciclo de extracción..."}
{"timestamp": "2026-09-19T16:07:00-0500", "level": "INFO", "logger": "poller.genesis", "line": 57, "message": "Login Genesis exitoso"}
{"timestamp": "2026-09-19T16:07:00-0500", "level": "INFO", "logger": "poller.genesis", "line": 57, "message": "Login Genesis exitoso"}
{"timestamp": "2026-09-19T16:07:01-0500", "level": "INFO", "logger": "poller.genesis", "line": 83, "message": "Genesis monitoreo: 1465 registros"}
{"timestamp": "2026-09-19T16:07:01-0500", "level": "INFO", "logger": "poller.genesis", "line": 83, "message": "Genesis monitoreo: 1465 registros"}
{"timestamp": "2026-09-19T16:07:01-0500", "level": "ERROR", "logger": "poller.busae", "line": 154, "message": "Login BUSAE HTTP fallido — sigue en página de login"}
{"timestamp": "2026-09-19T16:07:01-0500", "level": "INFO", "logger": "poller.busae", "line": 243, "message": "BUSAE — extrayendo con Playwright..."}
{"timestamp": "2026-09-19T16:07:03-0500", "level": "ERROR", "logger": "poller.busae", "line": 246, "message": "Error Playwright BUSAE: BrowserType.launch: Executable doesn't exist at C:\Users\Jerald\AppData\Local\Temp\cursor-sandbox-cache\6b9754d2786fc911214b416734422a18\playwright\chromium_headless_shell-1243\chrome-headless-shell-win64\chrome-headless-shell.exe
╔════════════════════════════════════════════════════════════╗
║ Looks like Playwright was just installed or updated.       ║
║ Please run the following command to download new browsers: ║
║                                                            ║
║     playwright install                                     ║
║                                                            ║
║ <3 Playwright Team                                         ║
╚════════════════════════════════════════════════════════════╝"}
{"timestamp": "2026-09-19T16:07:03-0500", "level": "WARNING", "logger": "shared.decorators", "line": 36, "message": "[RETRY] Intento 1/3 para fetch_raw_data falló (La respuesta de BUSAE no contiene datos.). Reintentando en 2.00 segundos..."}
{"timestamp": "2026-09-19T16:07:05-0500", "level": "ERROR", "logger": "poller.busae", "line": 154, "message": "Login BUSAE HTTP fallido — sigue en página de login"}
{"timestamp": "2026-09-19T16:07:05-0500", "level": "INFO", "logger": "poller.busae", "line": 243, "message": "BUSAE — extrayendo con Playwright..."}
{"timestamp": "2026-09-19T16:07:07-0500", "level": "ERROR", "logger": "poller.busae", "line": 246, "message": "Error Playwright BUSAE: BrowserType.launch: Executable doesn't exist at C:\Users\Jerald\AppData\Local\Temp\cursor-sandbox-cache\6b9754d2786fc911214b416734422a18\playwright\chromium_headless_shell-1243\chrome-headless-shell-win64\chrome-headless-shell.exe
╔════════════════════════════════════════════════════════════╗
║ Looks like Playwright was just installed or updated.       ║
║ Please run the following command to download new browsers: ║
║                                                            ║
║     playwright install                                     ║
║                                                            ║
║ <3 Playwright Team                                         ║
╚════════════════════════════════════════════════════════════╝"}
{"timestamp": "2026-09-19T16:07:07-0500", "level": "WARNING", "logger": "shared.decorators", "line": 36, "message": "[RETRY] Intento 2/3 para fetch_raw_data falló (La respuesta de BUSAE no contiene datos.). Reintentando en 4.00 segundos..."}
{"timestamp": "2026-09-19T16:07:11-0500", "level": "ERROR", "logger": "poller.busae", "line": 154, "message": "Login BUSAE HTTP fallido — sigue en página de login"}
{"timestamp": "2026-09-19T16:07:11-0500", "level": "INFO", "logger": "poller.busae", "line": 243, "message": "BUSAE — extrayendo con Playwright..."}
{"timestamp": "2026-09-19T16:07:12-0500", "level": "INFO", "logger": "apscheduler.executors.default", "line": 129, "message": "Running job "Ciclo inicial Genesis + BUSAE (trigger: date[2026-09-19 21:07:12 UTC], next run at: 2026-09-19 21:07:12 UTC)" (scheduled at 2026-09-19 21:07:12.011727+00:00)"}
{"timestamp": "2026-09-19T16:07:12-0500", "level": "INFO", "logger": "apscheduler.scheduler", "line": 728, "message": "Removed job poller_bootstrap"}
{"timestamp": "2026-09-19T16:07:12-0500", "level": "INFO", "logger": "poller.scheduler", "line": 87, "message": "Ejecutando ciclo (Genesis → BUSAE)..."}
{"timestamp": "2026-09-19T16:07:12-0500", "level": "INFO", "logger": "poller.genesis", "line": 202, "message": "Genesis — iniciando ciclo de extracción..."}
{"timestamp": "2026-09-19T16:07:12-0500", "level": "INFO", "logger": "poller.genesis", "line": 57, "message": "Login Genesis exitoso"}
{"timestamp": "2026-09-19T16:07:12-0500", "level": "INFO", "logger": "poller.genesis", "line": 83, "message": "Genesis monitoreo: 1465 registros"}
{"timestamp": "2026-09-19T16:07:13-0500", "level": "ERROR", "logger": "poller.busae", "line": 246, "message": "Error Playwright BUSAE: BrowserType.launch: Executable doesn't exist at C:\Users\Jerald\AppData\Local\Temp\cursor-sandbox-cache\6b9754d2786fc911214b416734422a18\playwright\chromium_headless_shell-1243\chrome-headless-shell-win64\chrome-headless-shell.exe
╔════════════════════════════════════════════════════════════╗
║ Looks like Playwright was just installed or updated.       ║
║ Please run the following command to download new browsers: ║
║                                                            ║
║     playwright install                                     ║
║                                                            ║
║ <3 Playwright Team                                         ║
╚════════════════════════════════════════════════════════════╝"}
{"timestamp": "2026-09-19T16:07:13-0500", "level": "ERROR", "logger": "shared.decorators", "line": 31, "message": "[RETRY] Función fetch_raw_data falló tras 3 intentos. Error: La respuesta de BUSAE no contiene datos."}
Traceback (most recent call last):
  File "C:\Proyectos\Bitacora E.E\backend\shared\decorators.py", line 27, in wrapper
    return func(*args, **kwargs)
  File "C:\Proyectos\Bitacora E.E\backend\buses\services\busae_service.py", line 103, in fetch_raw_data
    raise BusaeIntegrationError("La respuesta de BUSAE no contiene datos.")
shared.exceptions.BusaeIntegrationError: La respuesta de BUSAE no contiene datos.
{"timestamp": "2026-09-19T16:07:13-0500", "level": "ERROR", "logger": "buses.services.busae", "line": 221, "message": "[BUSAE] Error durante ciclo de sincronización: La respuesta de BUSAE no contiene datos."}
Traceback (most recent call last):
  File "C:\Proyectos\Bitacora E.E\backend\buses\services\busae_service.py", line 199, in sync
    raw_items = self.fetch_raw_data()
  File "C:\Proyectos\Bitacora E.E\backend\shared\decorators.py", line 115, in wrapper
    result = func(*args, **kwargs)
  File "C:\Proyectos\Bitacora E.E\backend\shared\decorators.py", line 27, in wrapper
    return func(*args, **kwargs)
  File "C:\Proyectos\Bitacora E.E\backend\buses\services\busae_service.py", line 103, in fetch_raw_data
    raise BusaeIntegrationError("La respuesta de BUSAE no contiene datos.")
shared.exceptions.BusaeIntegrationError: La respuesta de BUSAE no contiene datos.
{"timestamp": "2026-09-19T16:07:18-0500", "level": "INFO", "logger": "poller.utils", "line": 125, "message": "Cruce Genesis actualizado en 96 reportes pendientes"}
{"timestamp": "2026-09-19T16:07:18-0500", "level": "INFO", "logger": "poller.genesis", "line": 218, "message": "Genesis — 1465 buses actualizados en BD"}
{"timestamp": "2026-09-19T16:07:18-0500", "level": "INFO", "logger": "poller.busae", "line": 126, "message": "BUSAE — ciclo 1"}
{"timestamp": "2026-09-19T16:07:19-0500", "level": "ERROR", "logger": "poller.busae", "line": 154, "message": "Login BUSAE HTTP fallido — sigue en página de login"}
{"timestamp": "2026-09-19T16:07:19-0500", "level": "INFO", "logger": "poller.busae", "line": 243, "message": "BUSAE — extrayendo con Playwright..."}
{"timestamp": "2026-09-19T16:07:39-0500", "level": "INFO", "logger": "poller.genesis", "line": 218, "message": "Genesis — 1465 buses actualizados en BD"}
{"timestamp": "2026-09-19T16:07:39-0500", "level": "INFO", "logger": "poller.busae", "line": 126, "message": "BUSAE — ciclo 1"}
{"timestamp": "2026-09-19T16:07:39-0500", "level": "ERROR", "logger": "poller.busae", "line": 154, "message": "Login BUSAE HTTP fallido — sigue en página de login"}
{"timestamp": "2026-09-19T16:07:39-0500", "level": "INFO", "logger": "poller.busae", "line": 243, "message": "BUSAE — extrayendo con Playwright..."}
{"timestamp": "2026-09-19T16:08:32-0500", "level": "INFO", "logger": "poller.utils", "line": 125, "message": "Cruce Genesis actualizado en 96 reportes pendientes"}
{"timestamp": "2026-09-19T16:08:32-0500", "level": "INFO", "logger": "poller.utils", "line": 125, "message": "Cruce Genesis actualizado en 65 reportes pendientes"}
{"timestamp": "2026-09-19T16:08:32-0500", "level": "INFO", "logger": "poller.genesis", "line": 218, "message": "Genesis — 1465 buses actualizados en BD"}
{"timestamp": "2026-09-19T16:08:32-0500", "level": "INFO", "logger": "poller.busae", "line": 132, "message": "BUSAE — 1183 buses guardados en BD"}
{"timestamp": "2026-09-19T16:08:32-0500", "level": "INFO", "logger": "poller.busae", "line": 126, "message": "BUSAE — ciclo 1"}
{"timestamp": "2026-09-19T16:08:32-0500", "level": "INFO", "logger": "poller.scheduler", "line": 90, "message": "Ciclo completado"}
{"timestamp": "2026-09-19T16:08:32-0500", "level": "INFO", "logger": "apscheduler.executors.default", "line": 156, "message": "Job "Ciclo inicial Genesis + BUSAE (trigger: date[2026-09-19 21:07:00 UTC], next run at: 2026-09-19 21:07:00 UTC)" executed successfully"}
{"timestamp": "2026-09-19T16:08:32-0500", "level": "INFO", "logger": "poller.utils", "line": 125, "message": "Cruce Genesis actualizado en 1 reportes pendientes"}
{"timestamp": "2026-09-19T16:08:32-0500", "level": "ERROR", "logger": "poller.busae", "line": 154, "message": "Login BUSAE HTTP fallido — sigue en página de login"}
{"timestamp": "2026-09-19T16:08:32-0500", "level": "INFO", "logger": "poller.busae", "line": 132, "message": "BUSAE — 1183 buses guardados en BD"}
{"timestamp": "2026-09-19T16:08:32-0500", "level": "INFO", "logger": "poller.scheduler", "line": 90, "message": "Ciclo completado"}
{"timestamp": "2026-09-19T16:08:32-0500", "level": "INFO", "logger": "poller.busae", "line": 243, "message": "BUSAE — extrayendo con Playwright..."}
{"timestamp": "2026-09-19T16:08:32-0500", "level": "INFO", "logger": "apscheduler.executors.default", "line": 156, "message": "Job "Ciclo inicial Genesis + BUSAE (trigger: date[2026-09-19 21:07:00 UTC], next run at: 2026-09-19 21:07:00 UTC)" executed successfully"}
{"timestamp": "2026-09-19T16:08:34-0500", "level": "ERROR", "logger": "poller.busae", "line": 246, "message": "Error Playwright BUSAE: BrowserType.launch: Executable doesn't exist at C:\Users\Jerald\AppData\Local\Temp\cursor-sandbox-cache\6b9754d2786fc911214b416734422a18\playwright\chromium_headless_shell-1243\chrome-headless-shell-win64\chrome-headless-shell.exe
╔════════════════════════════════════════════════════════════╗
║ Looks like Playwright was just installed or updated.       ║
║ Please run the following command to download new browsers: ║
║                                                            ║
║     playwright install                                     ║
║                                                            ║
║ <3 Playwright Team                                         ║
╚════════════════════════════════════════════════════════════╝"}
{"timestamp": "2026-09-19T16:08:34-0500", "level": "WARNING", "logger": "poller.busae", "line": 135, "message": "BUSAE — sin datos en este ciclo"}
{"timestamp": "2026-09-19T16:08:34-0500", "level": "INFO", "logger": "poller.scheduler", "line": 90, "message": "Ciclo completado"}
{"timestamp": "2026-09-19T16:08:34-0500", "level": "INFO", "logger": "apscheduler.executors.default", "line": 156, "message": "Job "Ciclo inicial Genesis + BUSAE (trigger: date[2026-09-19 21:07:12 UTC], next run at: 2026-09-19 21:07:12 UTC)" executed successfully"}
{"timestamp": "2026-09-19T16:10:00-0500", "level": "INFO", "logger": "buses.tasks", "line": 31, "message": "[TASK_BUSAE] Iniciando ciclo de sincronización GPS BUSAE..."}
{"timestamp": "2026-09-19T16:10:00-0500", "level": "WARNING", "logger": "buses.services.busae", "line": 328, "message": "[BUSAE] Circuit Breaker abierto: Circuito abierto para 'busae_fetch'. Se reintentará en 300s.. Aplicando fallback de caché."}
{"timestamp": "2026-09-19T16:10:00-0500", "level": "INFO", "logger": "buses.tasks", "line": 35, "message": "[TASK_BUSAE] Ciclo completado: {'status': 'circuit_open', 'message': "Circuito abierto para 'busae_fetch'. Se reintentará en 300s.", 'cached_items': 0, 'fallback_applied': True}"}
{"timestamp": "2026-09-19T16:15:00-0500", "level": "INFO", "logger": "buses.tasks", "line": 67, "message": "[TASK_GENESIS] Iniciando sincronización de datos Génesis..."}
{"timestamp": "2026-09-19T16:15:00-0500", "level": "INFO", "logger": "buses.services.genesis", "line": 107, "message": "[GENESIS] Usando datos de caché Redis (TTL 1h)."}
{"timestamp": "2026-09-19T16:15:07-0500", "level": "INFO", "logger": "buses.tasks", "line": 71, "message": "[TASK_GENESIS] Ciclo completado: {'status': 'success', 'fetched': 1465, 'saved_or_updated': 229, 'timestamp': '2026-09-19T21:15:07.889119+00:00'}"}
{"timestamp": "2026-09-19T16:15:07-0500", "level": "INFO", "logger": "buses.tasks", "line": 31, "message": "[TASK_BUSAE] Iniciando ciclo de sincronización GPS BUSAE..."}
{"timestamp": "2026-09-19T16:15:08-0500", "level": "INFO", "logger": "buses.services.busae", "line": 216, "message": "[BUSAE] Ejecutando extracción headless mediante Playwright..."}
{"timestamp": "2026-09-19T16:15:15-0500", "level": "INFO", "logger": "buses.services.busae", "line": 216, "message": "[BUSAE] Ejecutando extracción headless mediante Playwright..."}
{"timestamp": "2026-09-19T16:15:23-0500", "level": "INFO", "logger": "buses.services.busae", "line": 216, "message": "[BUSAE] Ejecutando extracción headless mediante Playwright..."}
{"timestamp": "2026-09-19T16:15:29-0500", "level": "ERROR", "logger": "buses.services.busae", "line": 339, "message": "[BUSAE] Error durante ciclo de sincronización: La respuesta de BUSAE no contiene datos."}
Traceback (most recent call last):
  File "C:\Proyectos\Bitacora E.E\backend\buses\services\busae_service.py", line 317, in sync
  File "C:\Proyectos\Bitacora E.E\backend\shared\decorators.py", line 115, in wrapper
    result = func(*args, **kwargs)
  File "C:\Proyectos\Bitacora E.E\backend\shared\decorators.py", line 27, in wrapper
    return func(*args, **kwargs)
  File "C:\Proyectos\Bitacora E.E\backend\buses\services\busae_service.py", line 220, in fetch_raw_data
    err_msg = str(exc)
shared.exceptions.BusaeIntegrationError: La respuesta de BUSAE no contiene datos.
{"timestamp": "2026-09-19T16:15:29-0500", "level": "INFO", "logger": "buses.tasks", "line": 35, "message": "[TASK_BUSAE] Ciclo completado: {'status': 'degraded', 'error': 'La respuesta de BUSAE no contiene datos.', 'cached_items': 0, 'fallback_applied': False}"}
{"timestamp": "2026-09-19T16:17:36-0500", "level": "INFO", "logger": "apscheduler.scheduler", "line": 507, "message": "Adding job tentatively -- it will be properly scheduled when the scheduler starts"}
{"timestamp": "2026-09-19T16:17:36-0500", "level": "INFO", "logger": "apscheduler.scheduler", "line": 507, "message": "Adding job tentatively -- it will be properly scheduled when the scheduler starts"}
{"timestamp": "2026-09-19T16:17:36-0500", "level": "INFO", "logger": "apscheduler.scheduler", "line": 507, "message": "Adding job tentatively -- it will be properly scheduled when the scheduler starts"}
{"timestamp": "2026-09-19T16:17:36-0500", "level": "INFO", "logger": "apscheduler.scheduler", "line": 1092, "message": "Added job "Actualizar datos Genesis" to job store "default""}
{"timestamp": "2026-09-19T16:17:36-0500", "level": "INFO", "logger": "apscheduler.scheduler", "line": 507, "message": "Adding job tentatively -- it will be properly scheduled when the scheduler starts"}
{"timestamp": "2026-09-19T16:17:36-0500", "level": "INFO", "logger": "apscheduler.scheduler", "line": 1092, "message": "Added job "Actualizar estado GPS (BUSAE)" to job store "default""}
{"timestamp": "2026-09-19T16:17:36-0500", "level": "INFO", "logger": "apscheduler.scheduler", "line": 214, "message": "Scheduler started"}
{"timestamp": "2026-09-19T16:17:36-0500", "level": "INFO", "logger": "apscheduler.scheduler", "line": 1092, "message": "Added job "Actualizar datos Genesis" to job store "default""}
{"timestamp": "2026-09-19T16:17:36-0500", "level": "INFO", "logger": "apscheduler.scheduler", "line": 1092, "message": "Added job "Actualizar estado GPS (BUSAE)" to job store "default""}
{"timestamp": "2026-09-19T16:17:36-0500", "level": "INFO", "logger": "apscheduler.scheduler", "line": 214, "message": "Scheduler started"}
{"timestamp": "2026-09-19T16:17:36-0500", "level": "INFO", "logger": "poller.scheduler", "line": 56, "message": "Scheduler iniciado — ciclos cada 5 min (Genesis + BUSAE)"}
{"timestamp": "2026-09-19T16:17:36-0500", "level": "INFO", "logger": "apscheduler.scheduler", "line": 1092, "message": "Added job "Ciclo inicial Genesis + BUSAE" to job store "default""}
{"timestamp": "2026-09-19T16:17:36-0500", "level": "INFO", "logger": "poller.scheduler", "line": 56, "message": "Scheduler iniciado — ciclos cada 5 min (Genesis + BUSAE)"}
{"timestamp": "2026-09-19T16:17:36-0500", "level": "INFO", "logger": "apscheduler.scheduler", "line": 1092, "message": "Added job "Ciclo inicial Genesis + BUSAE" to job store "default""}
{"timestamp": "2026-09-19T16:17:48-0500", "level": "INFO", "logger": "apscheduler.executors.default", "line": 129, "message": "Running job "Ciclo inicial Genesis + BUSAE (trigger: date[2026-09-19 21:17:48 UTC], next run at: 2026-09-19 21:17:48 UTC)" (scheduled at 2026-09-19 21:17:48.189518+00:00)"}
{"timestamp": "2026-09-19T16:17:48-0500", "level": "INFO", "logger": "apscheduler.scheduler", "line": 728, "message": "Removed job poller_bootstrap"}
{"timestamp": "2026-09-19T16:17:48-0500", "level": "INFO", "logger": "poller.scheduler", "line": 87, "message": "Ejecutando ciclo (Genesis → BUSAE)..."}
{"timestamp": "2026-09-19T16:17:48-0500", "level": "INFO", "logger": "poller.genesis", "line": 202, "message": "Genesis — iniciando ciclo de extracción..."}
{"timestamp": "2026-09-19T16:17:48-0500", "level": "INFO", "logger": "apscheduler.executors.default", "line": 129, "message": "Running job "Ciclo inicial Genesis + BUSAE (trigger: date[2026-09-19 21:17:48 UTC], next run at: 2026-09-19 21:17:48 UTC)" (scheduled at 2026-09-19 21:17:48.225875+00:00)"}
{"timestamp": "2026-09-19T16:17:48-0500", "level": "INFO", "logger": "apscheduler.scheduler", "line": 728, "message": "Removed job poller_bootstrap"}
{"timestamp": "2026-09-19T16:17:48-0500", "level": "INFO", "logger": "poller.scheduler", "line": 87, "message": "Ejecutando ciclo (Genesis → BUSAE)..."}
{"timestamp": "2026-09-19T16:17:48-0500", "level": "INFO", "logger": "poller.genesis", "line": 202, "message": "Genesis — iniciando ciclo de extracción..."}
{"timestamp": "2026-09-19T16:17:48-0500", "level": "INFO", "logger": "poller.genesis", "line": 57, "message": "Login Genesis exitoso"}
{"timestamp": "2026-09-19T16:17:48-0500", "level": "INFO", "logger": "poller.genesis", "line": 57, "message": "Login Genesis exitoso"}
{"timestamp": "2026-09-19T16:17:48-0500", "level": "INFO", "logger": "poller.genesis", "line": 83, "message": "Genesis monitoreo: 1465 registros"}
{"timestamp": "2026-09-19T16:17:48-0500", "level": "INFO", "logger": "poller.genesis", "line": 83, "message": "Genesis monitoreo: 1465 registros"}
{"timestamp": "2026-09-19T16:18:09-0500", "level": "INFO", "logger": "poller.utils", "line": 125, "message": "Cruce Genesis actualizado en 117 reportes pendientes"}
{"timestamp": "2026-09-19T16:18:09-0500", "level": "INFO", "logger": "poller.genesis", "line": 218, "message": "Genesis — 1465 buses actualizados en BD"}
{"timestamp": "2026-09-19T16:18:09-0500", "level": "INFO", "logger": "poller.busae", "line": 126, "message": "BUSAE — ciclo 1"}
{"timestamp": "2026-09-19T16:18:10-0500", "level": "ERROR", "logger": "poller.busae", "line": 154, "message": "Login BUSAE HTTP fallido — sigue en página de login"}
{"timestamp": "2026-09-19T16:18:10-0500", "level": "INFO", "logger": "poller.busae", "line": 243, "message": "BUSAE — extrayendo con Playwright..."}
{"timestamp": "2026-09-19T16:18:29-0500", "level": "INFO", "logger": "poller.genesis", "line": 218, "message": "Genesis — 1465 buses actualizados en BD"}
{"timestamp": "2026-09-19T16:18:29-0500", "level": "INFO", "logger": "poller.busae", "line": 126, "message": "BUSAE — ciclo 1"}
{"timestamp": "2026-09-19T16:18:29-0500", "level": "ERROR", "logger": "poller.busae", "line": 154, "message": "Login BUSAE HTTP fallido — sigue en página de login"}
{"timestamp": "2026-09-19T16:18:29-0500", "level": "INFO", "logger": "poller.busae", "line": 243, "message": "BUSAE — extrayendo con Playwright..."}
{"timestamp": "2026-09-19T16:18:48-0500", "level": "INFO", "logger": "poller.busae", "line": 132, "message": "BUSAE — 1183 buses guardados en BD"}
{"timestamp": "2026-09-19T16:18:48-0500", "level": "INFO", "logger": "poller.scheduler", "line": 90, "message": "Ciclo completado"}
{"timestamp": "2026-09-19T16:18:48-0500", "level": "INFO", "logger": "apscheduler.executors.default", "line": 156, "message": "Job "Ciclo inicial Genesis + BUSAE (trigger: date[2026-09-19 21:17:48 UTC], next run at: 2026-09-19 21:17:48 UTC)" executed successfully"}
{"timestamp": "2026-09-19T16:19:01-0500", "level": "INFO", "logger": "poller.busae", "line": 132, "message": "BUSAE — 1183 buses guardados en BD"}
{"timestamp": "2026-09-19T16:19:01-0500", "level": "INFO", "logger": "poller.scheduler", "line": 90, "message": "Ciclo completado"}
{"timestamp": "2026-09-19T16:19:01-0500", "level": "INFO", "logger": "apscheduler.executors.default", "line": 156, "message": "Job "Ciclo inicial Genesis + BUSAE (trigger: date[2026-09-19 21:17:48 UTC], next run at: 2026-09-19 21:17:48 UTC)" executed successfully"}
{"timestamp": "2026-09-19T16:20:00-0500", "level": "INFO", "logger": "buses.tasks", "line": 31, "message": "[TASK_BUSAE] Iniciando ciclo de sincronización GPS BUSAE..."}
{"timestamp": "2026-09-19T16:20:00-0500", "level": "WARNING", "logger": "buses.services.busae", "line": 328, "message": "[BUSAE] Circuit Breaker abierto: Circuito abierto para 'busae_fetch'. Se reintentará en 300s.. Aplicando fallback de caché."}
{"timestamp": "2026-09-19T16:20:00-0500", "level": "INFO", "logger": "buses.tasks", "line": 35, "message": "[TASK_BUSAE] Ciclo completado: {'status': 'circuit_open', 'message': "Circuito abierto para 'busae_fetch'. Se reintentará en 300s.", 'cached_items': 0, 'fallback_applied': True}"}
{"timestamp": "2026-09-19T16:25:00-0500", "level": "INFO", "logger": "buses.tasks", "line": 31, "message": "[TASK_BUSAE] Iniciando ciclo de sincronización GPS BUSAE..."}
{"timestamp": "2026-09-19T16:25:00-0500", "level": "INFO", "logger": "buses.services.busae", "line": 216, "message": "[BUSAE] Ejecutando extracción headless mediante Playwright..."}
{"timestamp": "2026-09-19T16:25:07-0500", "level": "INFO", "logger": "buses.services.busae", "line": 216, "message": "[BUSAE] Ejecutando extracción headless mediante Playwright..."}
{"timestamp": "2026-09-19T16:25:22-0500", "level": "INFO", "logger": "buses.services.busae", "line": 216, "message": "[BUSAE] Ejecutando extracción headless mediante Playwright..."}
{"timestamp": "2026-09-19T16:25:25-0500", "level": "ERROR", "logger": "buses.services.busae", "line": 339, "message": "[BUSAE] Error durante ciclo de sincronización: La respuesta de BUSAE no contiene datos."}
Traceback (most recent call last):
  File "C:\Proyectos\Bitacora E.E\backend\buses\services\busae_service.py", line 317, in sync
  File "C:\Proyectos\Bitacora E.E\backend\shared\decorators.py", line 115, in wrapper
    result = func(*args, **kwargs)
  File "C:\Proyectos\Bitacora E.E\backend\shared\decorators.py", line 27, in wrapper
    return func(*args, **kwargs)
  File "C:\Proyectos\Bitacora E.E\backend\buses\services\busae_service.py", line 220, in fetch_raw_data
    err_msg = str(exc)
shared.exceptions.BusaeIntegrationError: La respuesta de BUSAE no contiene datos.
{"timestamp": "2026-09-19T16:25:25-0500", "level": "INFO", "logger": "buses.tasks", "line": 35, "message": "[TASK_BUSAE] Ciclo completado: {'status': 'degraded', 'error': 'La respuesta de BUSAE no contiene datos.', 'cached_items': 0, 'fallback_applied': False}"}
{"timestamp": "2026-09-19T16:30:00-0500", "level": "INFO", "logger": "buses.tasks", "line": 67, "message": "[TASK_GENESIS] Iniciando sincronización de datos Génesis..."}
{"timestamp": "2026-09-19T16:30:00-0500", "level": "INFO", "logger": "buses.services.genesis", "line": 129, "message": "[GENESIS] Obtenidos 1465 registros frescos desde API."}
{"timestamp": "2026-09-19T16:30:06-0500", "level": "INFO", "logger": "buses.tasks", "line": 71, "message": "[TASK_GENESIS] Ciclo completado: {'status': 'success', 'fetched': 1465, 'saved_or_updated': 73, 'timestamp': '2026-09-19T21:30:06.157508+00:00'}"}
{"timestamp": "2026-09-19T16:30:06-0500", "level": "INFO", "logger": "buses.tasks", "line": 31, "message": "[TASK_BUSAE] Iniciando ciclo de sincronización GPS BUSAE..."}
{"timestamp": "2026-09-19T16:30:06-0500", "level": "WARNING", "logger": "buses.services.busae", "line": 328, "message": "[BUSAE] Circuit Breaker abierto: Circuito abierto para 'busae_fetch'. Se reintentará en 300s.. Aplicando fallback de caché."}
{"timestamp": "2026-09-19T16:30:06-0500", "level": "INFO", "logger": "buses.tasks", "line": 35, "message": "[TASK_BUSAE] Ciclo completado: {'status': 'circuit_open', 'message': "Circuito abierto para 'busae_fetch'. Se reintentará en 300s.", 'cached_items': 0, 'fallback_applied': True}"}
{"timestamp": "2026-09-19T16:35:00-0500", "level": "INFO", "logger": "buses.tasks", "line": 31, "message": "[TASK_BUSAE] Iniciando ciclo de sincronización GPS BUSAE..."}
{"timestamp": "2026-09-19T16:35:00-0500", "level": "INFO", "logger": "buses.services.busae", "line": 216, "message": "[BUSAE] Ejecutando extracción headless mediante Playwright..."}
{"timestamp": "2026-09-19T16:35:13-0500", "level": "INFO", "logger": "buses.services.busae", "line": 216, "message": "[BUSAE] Ejecutando extracción headless mediante Playwright..."}
{"timestamp": "2026-09-19T16:35:38-0500", "level": "INFO", "logger": "buses.services.busae", "line": 216, "message": "[BUSAE] Ejecutando extracción headless mediante Playwright..."}
{"timestamp": "2026-09-19T16:35:43-0500", "level": "ERROR", "logger": "buses.services.busae", "line": 339, "message": "[BUSAE] Error durante ciclo de sincronización: La respuesta de BUSAE no contiene datos."}
Traceback (most recent call last):
  File "C:\Proyectos\Bitacora E.E\backend\buses\services\busae_service.py", line 317, in sync
  File "C:\Proyectos\Bitacora E.E\backend\shared\decorators.py", line 115, in wrapper
    result = func(*args, **kwargs)
  File "C:\Proyectos\Bitacora E.E\backend\shared\decorators.py", line 27, in wrapper
    return func(*args, **kwargs)
  File "C:\Proyectos\Bitacora E.E\backend\buses\services\busae_service.py", line 220, in fetch_raw_data
    err_msg = str(exc)
shared.exceptions.BusaeIntegrationError: La respuesta de BUSAE no contiene datos.
{"timestamp": "2026-09-19T16:35:43-0500", "level": "INFO", "logger": "buses.tasks", "line": 35, "message": "[TASK_BUSAE] Ciclo completado: {'status': 'degraded', 'error': 'La respuesta de BUSAE no contiene datos.', 'cached_items': 0, 'fallback_applied': False}"}
{"timestamp": "2026-09-19T16:40:00-0500", "level": "INFO", "logger": "buses.tasks", "line": 31, "message": "[TASK_BUSAE] Iniciando ciclo de sincronización GPS BUSAE..."}
{"timestamp": "2026-09-19T16:40:00-0500", "level": "WARNING", "logger": "buses.services.busae", "line": 328, "message": "[BUSAE] Circuit Breaker abierto: Circuito abierto para 'busae_fetch'. Se reintentará en 300s.. Aplicando fallback de caché."}
{"timestamp": "2026-09-19T16:40:00-0500", "level": "INFO", "logger": "buses.tasks", "line": 35, "message": "[TASK_BUSAE] Ciclo completado: {'status': 'circuit_open', 'message': "Circuito abierto para 'busae_fetch'. Se reintentará en 300s.", 'cached_items': 0, 'fallback_applied': True}"}
{"timestamp": "2026-09-19T16:45:00-0500", "level": "INFO", "logger": "buses.tasks", "line": 31, "message": "[TASK_BUSAE] Iniciando ciclo de sincronización GPS BUSAE..."}
{"timestamp": "2026-09-19T16:45:00-0500", "level": "INFO", "logger": "buses.services.busae", "line": 216, "message": "[BUSAE] Ejecutando extracción headless mediante Playwright..."}
{"timestamp": "2026-09-19T16:45:07-0500", "level": "INFO", "logger": "buses.services.busae", "line": 216, "message": "[BUSAE] Ejecutando extracción headless mediante Playwright..."}
{"timestamp": "2026-09-19T16:45:15-0500", "level": "INFO", "logger": "buses.services.busae", "line": 216, "message": "[BUSAE] Ejecutando extracción headless mediante Playwright..."}
{"timestamp": "2026-09-19T16:45:32-0500", "level": "ERROR", "logger": "buses.services.busae", "line": 339, "message": "[BUSAE] Error durante ciclo de sincronización: La respuesta de BUSAE no contiene datos."}
Traceback (most recent call last):
  File "C:\Proyectos\Bitacora E.E\backend\buses\services\busae_service.py", line 317, in sync
  File "C:\Proyectos\Bitacora E.E\backend\shared\decorators.py", line 115, in wrapper
    result = func(*args, **kwargs)
  File "C:\Proyectos\Bitacora E.E\backend\shared\decorators.py", line 27, in wrapper
    return func(*args, **kwargs)
  File "C:\Proyectos\Bitacora E.E\backend\buses\services\busae_service.py", line 220, in fetch_raw_data
    err_msg = str(exc)
shared.exceptions.BusaeIntegrationError: La respuesta de BUSAE no contiene datos.
{"timestamp": "2026-09-19T16:45:32-0500", "level": "INFO", "logger": "buses.tasks", "line": 35, "message": "[TASK_BUSAE] Ciclo completado: {'status': 'degraded', 'error': 'La respuesta de BUSAE no contiene datos.', 'cached_items': 0, 'fallback_applied': False}"}
{"timestamp": "2026-09-19T16:45:32-0500", "level": "INFO", "logger": "buses.tasks", "line": 67, "message": "[TASK_GENESIS] Iniciando sincronización de datos Génesis..."}
{"timestamp": "2026-09-19T16:45:32-0500", "level": "INFO", "logger": "buses.services.genesis", "line": 107, "message": "[GENESIS] Usando datos de caché Redis (TTL 1h)."}
{"timestamp": "2026-09-19T16:45:43-0500", "level": "INFO", "logger": "buses.tasks", "line": 71, "message": "[TASK_GENESIS] Ciclo completado: {'status': 'success', 'fetched': 1465, 'saved_or_updated': 0, 'timestamp': '2026-09-19T21:45:43.093009+00:00'}"}
{"timestamp": "2026-09-19T16:50:00-0500", "level": "INFO", "logger": "buses.tasks", "line": 31, "message": "[TASK_BUSAE] Iniciando ciclo de sincronización GPS BUSAE..."}
{"timestamp": "2026-09-19T16:50:00-0500", "level": "WARNING", "logger": "buses.services.busae", "line": 328, "message": "[BUSAE] Circuit Breaker abierto: Circuito abierto para 'busae_fetch'. Se reintentará en 300s.. Aplicando fallback de caché."}
{"timestamp": "2026-09-19T16:50:00-0500", "level": "INFO", "logger": "buses.tasks", "line": 35, "message": "[TASK_BUSAE] Ciclo completado: {'status': 'circuit_open', 'message': "Circuito abierto para 'busae_fetch'. Se reintentará en 300s.", 'cached_items': 0, 'fallback_applied': True}"}
{"timestamp": "2026-09-19T16:55:00-0500", "level": "INFO", "logger": "buses.tasks", "line": 31, "message": "[TASK_BUSAE] Iniciando ciclo de sincronización GPS BUSAE..."}
{"timestamp": "2026-09-19T16:55:00-0500", "level": "INFO", "logger": "buses.services.busae", "line": 216, "message": "[BUSAE] Ejecutando extracción headless mediante Playwright..."}
{"timestamp": "2026-09-19T16:55:10-0500", "level": "INFO", "logger": "buses.services.busae", "line": 216, "message": "[BUSAE] Ejecutando extracción headless mediante Playwright..."}
{"timestamp": "2026-09-19T16:55:29-0500", "level": "INFO", "logger": "buses.services.busae", "line": 216, "message": "[BUSAE] Ejecutando extracción headless mediante Playwright..."}
{"timestamp": "2026-09-19T16:55:37-0500", "level": "ERROR", "logger": "buses.services.busae", "line": 339, "message": "[BUSAE] Error durante ciclo de sincronización: La respuesta de BUSAE no contiene datos."}
Traceback (most recent call last):
  File "C:\Proyectos\Bitacora E.E\backend\buses\services\busae_service.py", line 317, in sync
  File "C:\Proyectos\Bitacora E.E\backend\shared\decorators.py", line 115, in wrapper
    result = func(*args, **kwargs)
  File "C:\Proyectos\Bitacora E.E\backend\shared\decorators.py", line 27, in wrapper
    return func(*args, **kwargs)
  File "C:\Proyectos\Bitacora E.E\backend\buses\services\busae_service.py", line 220, in fetch_raw_data
    err_msg = str(exc)
shared.exceptions.BusaeIntegrationError: La respuesta de BUSAE no contiene datos.
{"timestamp": "2026-09-19T16:55:37-0500", "level": "INFO", "logger": "buses.tasks", "line": 35, "message": "[TASK_BUSAE] Ciclo completado: {'status': 'degraded', 'error': 'La respuesta de BUSAE no contiene datos.', 'cached_items': 0, 'fallback_applied': False}"}
{"timestamp": "2026-09-19T16:59:38-0500", "level": "INFO", "logger": "apscheduler.scheduler", "line": 507, "message": "Adding job tentatively -- it will be properly scheduled when the scheduler starts"}
{"timestamp": "2026-09-19T16:59:38-0500", "level": "INFO", "logger": "apscheduler.scheduler", "line": 507, "message": "Adding job tentatively -- it will be properly scheduled when the scheduler starts"}
{"timestamp": "2026-09-19T16:59:38-0500", "level": "INFO", "logger": "apscheduler.scheduler", "line": 1092, "message": "Added job "Actualizar datos Genesis" to job store "default""}
{"timestamp": "2026-09-19T16:59:38-0500", "level": "INFO", "logger": "apscheduler.scheduler", "line": 1092, "message": "Added job "Actualizar estado GPS (BUSAE)" to job store "default""}
{"timestamp": "2026-09-19T16:59:38-0500", "level": "INFO", "logger": "apscheduler.scheduler", "line": 214, "message": "Scheduler started"}
{"timestamp": "2026-09-19T16:59:38-0500", "level": "INFO", "logger": "poller.scheduler", "line": 56, "message": "Scheduler iniciado — ciclos cada 5 min (Genesis + BUSAE)"}
{"timestamp": "2026-09-19T16:59:38-0500", "level": "INFO", "logger": "apscheduler.scheduler", "line": 1092, "message": "Added job "Ciclo inicial Genesis + BUSAE" to job store "default""}
{"timestamp": "2026-09-19T17:00:00-0500", "level": "INFO", "logger": "buses.tasks", "line": 31, "message": "[TASK_BUSAE] Iniciando ciclo de sincronización GPS BUSAE..."}
{"timestamp": "2026-09-19T17:00:00-0500", "level": "WARNING", "logger": "buses.services.busae", "line": 328, "message": "[BUSAE] Circuit Breaker abierto: Circuito abierto para 'busae_fetch'. Se reintentará en 300s.. Aplicando fallback de caché."}
{"timestamp": "2026-09-19T17:00:00-0500", "level": "INFO", "logger": "buses.tasks", "line": 35, "message": "[TASK_BUSAE] Ciclo completado: {'status': 'circuit_open', 'message': "Circuito abierto para 'busae_fetch'. Se reintentará en 300s.", 'cached_items': 0, 'fallback_applied': True}"}
{"timestamp": "2026-09-19T17:00:00-0500", "level": "INFO", "logger": "buses.tasks", "line": 67, "message": "[TASK_GENESIS] Iniciando sincronización de datos Génesis..."}
{"timestamp": "2026-09-19T17:00:00-0500", "level": "INFO", "logger": "buses.services.genesis", "line": 107, "message": "[GENESIS] Usando datos de caché Redis (TTL 1h)."}
{"timestamp": "2026-09-19T17:00:06-0500", "level": "INFO", "logger": "buses.tasks", "line": 71, "message": "[TASK_GENESIS] Ciclo completado: {'status': 'success', 'fetched': 1465, 'saved_or_updated': 0, 'timestamp': '2026-09-19T22:00:06.592199+00:00'}"}
{"timestamp": "2026-09-19T17:00:20-0500", "level": "INFO", "logger": "apscheduler.scheduler", "line": 507, "message": "Adding job tentatively -- it will be properly scheduled when the scheduler starts"}
{"timestamp": "2026-09-19T17:00:20-0500", "level": "INFO", "logger": "apscheduler.scheduler", "line": 507, "message": "Adding job tentatively -- it will be properly scheduled when the scheduler starts"}
{"timestamp": "2026-09-19T17:00:20-0500", "level": "INFO", "logger": "apscheduler.scheduler", "line": 1092, "message": "Added job "Actualizar datos Genesis" to job store "default""}
{"timestamp": "2026-09-19T17:00:20-0500", "level": "INFO", "logger": "apscheduler.scheduler", "line": 1092, "message": "Added job "Actualizar estado GPS (BUSAE)" to job store "default""}
{"timestamp": "2026-09-19T17:00:20-0500", "level": "INFO", "logger": "apscheduler.scheduler", "line": 214, "message": "Scheduler started"}
{"timestamp": "2026-09-19T17:00:20-0500", "level": "INFO", "logger": "poller.scheduler", "line": 56, "message": "Scheduler iniciado — ciclos cada 5 min (Genesis + BUSAE)"}
{"timestamp": "2026-09-19T17:00:20-0500", "level": "INFO", "logger": "apscheduler.scheduler", "line": 1092, "message": "Added job "Ciclo inicial Genesis + BUSAE" to job store "default""}
{"timestamp": "2026-09-19T17:00:44-0500", "level": "INFO", "logger": "apscheduler.scheduler", "line": 507, "message": "Adding job tentatively -- it will be properly scheduled when the scheduler starts"}
{"timestamp": "2026-09-19T17:00:44-0500", "level": "INFO", "logger": "apscheduler.scheduler", "line": 507, "message": "Adding job tentatively -- it will be properly scheduled when the scheduler starts"}
{"timestamp": "2026-09-19T17:00:44-0500", "level": "INFO", "logger": "apscheduler.scheduler", "line": 1092, "message": "Added job "Actualizar datos Genesis" to job store "default""}
{"timestamp": "2026-09-19T17:00:44-0500", "level": "INFO", "logger": "apscheduler.scheduler", "line": 1092, "message": "Added job "Actualizar estado GPS (BUSAE)" to job store "default""}
{"timestamp": "2026-09-19T17:00:44-0500", "level": "INFO", "logger": "apscheduler.scheduler", "line": 214, "message": "Scheduler started"}
{"timestamp": "2026-09-19T17:00:44-0500", "level": "INFO", "logger": "poller.scheduler", "line": 56, "message": "Scheduler iniciado — ciclos cada 5 min (Genesis + BUSAE)"}
{"timestamp": "2026-09-19T17:00:44-0500", "level": "INFO", "logger": "apscheduler.scheduler", "line": 1092, "message": "Added job "Ciclo inicial Genesis + BUSAE" to job store "default""}
{"timestamp": "2026-09-19T17:01:26-0500", "level": "INFO", "logger": "apscheduler.scheduler", "line": 507, "message": "Adding job tentatively -- it will be properly scheduled when the scheduler starts"}
{"timestamp": "2026-09-19T17:01:26-0500", "level": "INFO", "logger": "apscheduler.scheduler", "line": 507, "message": "Adding job tentatively -- it will be properly scheduled when the scheduler starts"}
{"timestamp": "2026-09-19T17:01:26-0500", "level": "INFO", "logger": "apscheduler.scheduler", "line": 1092, "message": "Added job "Actualizar datos Genesis" to job store "default""}
{"timestamp": "2026-09-19T17:01:26-0500", "level": "INFO", "logger": "apscheduler.scheduler", "line": 1092, "message": "Added job "Actualizar estado GPS (BUSAE)" to job store "default""}
{"timestamp": "2026-09-19T17:01:26-0500", "level": "INFO", "logger": "apscheduler.scheduler", "line": 214, "message": "Scheduler started"}
{"timestamp": "2026-09-19T17:01:26-0500", "level": "INFO", "logger": "poller.scheduler", "line": 56, "message": "Scheduler iniciado — ciclos cada 5 min (Genesis + BUSAE)"}
{"timestamp": "2026-09-19T17:01:26-0500", "level": "INFO", "logger": "apscheduler.scheduler", "line": 1092, "message": "Added job "Ciclo inicial Genesis + BUSAE" to job store "default""}
{"timestamp": "2026-09-19T17:01:37-0500", "level": "INFO", "logger": "apscheduler.scheduler", "line": 507, "message": "Adding job tentatively -- it will be properly scheduled when the scheduler starts"}
{"timestamp": "2026-09-19T17:01:37-0500", "level": "INFO", "logger": "apscheduler.scheduler", "line": 507, "message": "Adding job tentatively -- it will be properly scheduled when the scheduler starts"}
{"timestamp": "2026-09-19T17:01:37-0500", "level": "INFO", "logger": "apscheduler.scheduler", "line": 1092, "message": "Added job "Actualizar datos Genesis" to job store "default""}
{"timestamp": "2026-09-19T17:01:37-0500", "level": "INFO", "logger": "apscheduler.scheduler", "line": 1092, "message": "Added job "Actualizar estado GPS (BUSAE)" to job store "default""}
{"timestamp": "2026-09-19T17:01:37-0500", "level": "INFO", "logger": "apscheduler.scheduler", "line": 214, "message": "Scheduler started"}
{"timestamp": "2026-09-19T17:01:37-0500", "level": "INFO", "logger": "poller.scheduler", "line": 56, "message": "Scheduler iniciado — ciclos cada 5 min (Genesis + BUSAE)"}
{"timestamp": "2026-09-19T17:01:37-0500", "level": "INFO", "logger": "apscheduler.scheduler", "line": 1092, "message": "Added job "Ciclo inicial Genesis + BUSAE" to job store "default""}
{"timestamp": "2026-09-19T17:01:57-0500", "level": "INFO", "logger": "apscheduler.scheduler", "line": 507, "message": "Adding job tentatively -- it will be properly scheduled when the scheduler starts"}
{"timestamp": "2026-09-19T17:01:57-0500", "level": "INFO", "logger": "apscheduler.scheduler", "line": 507, "message": "Adding job tentatively -- it will be properly scheduled when the scheduler starts"}
{"timestamp": "2026-09-19T17:01:57-0500", "level": "INFO", "logger": "apscheduler.scheduler", "line": 1092, "message": "Added job "Actualizar datos Genesis" to job store "default""}
{"timestamp": "2026-09-19T17:01:57-0500", "level": "INFO", "logger": "apscheduler.scheduler", "line": 1092, "message": "Added job "Actualizar estado GPS (BUSAE)" to job store "default""}
{"timestamp": "2026-09-19T17:01:57-0500", "level": "INFO", "logger": "apscheduler.scheduler", "line": 214, "message": "Scheduler started"}
{"timestamp": "2026-09-19T17:01:57-0500", "level": "INFO", "logger": "poller.scheduler", "line": 56, "message": "Scheduler iniciado — ciclos cada 5 min (Genesis + BUSAE)"}
{"timestamp": "2026-09-19T17:01:57-0500", "level": "INFO", "logger": "apscheduler.scheduler", "line": 1092, "message": "Added job "Ciclo inicial Genesis + BUSAE" to job store "default""}
{"timestamp": "2026-09-19T17:02:23-0500", "level": "INFO", "logger": "apscheduler.scheduler", "line": 507, "message": "Adding job tentatively -- it will be properly scheduled when the scheduler starts"}
{"timestamp": "2026-09-19T17:02:23-0500", "level": "INFO", "logger": "apscheduler.scheduler", "line": 507, "message": "Adding job tentatively -- it will be properly scheduled when the scheduler starts"}
{"timestamp": "2026-09-19T17:02:23-0500", "level": "INFO", "logger": "apscheduler.scheduler", "line": 1092, "message": "Added job "Actualizar datos Genesis" to job store "default""}
{"timestamp": "2026-09-19T17:02:23-0500", "level": "INFO", "logger": "apscheduler.scheduler", "line": 1092, "message": "Added job "Actualizar estado GPS (BUSAE)" to job store "default""}
{"timestamp": "2026-09-19T17:02:23-0500", "level": "INFO", "logger": "apscheduler.scheduler", "line": 214, "message": "Scheduler started"}
{"timestamp": "2026-09-19T17:02:23-0500", "level": "INFO", "logger": "poller.scheduler", "line": 56, "message": "Scheduler iniciado — ciclos cada 5 min (Genesis + BUSAE)"}
{"timestamp": "2026-09-19T17:02:23-0500", "level": "INFO", "logger": "apscheduler.scheduler", "line": 1092, "message": "Added job "Ciclo inicial Genesis + BUSAE" to job store "default""}
{"timestamp": "2026-09-19T17:03:22-0500", "level": "INFO", "logger": "apscheduler.scheduler", "line": 507, "message": "Adding job tentatively -- it will be properly scheduled when the scheduler starts"}
{"timestamp": "2026-09-19T17:03:22-0500", "level": "INFO", "logger": "apscheduler.scheduler", "line": 507, "message": "Adding job tentatively -- it will be properly scheduled when the scheduler starts"}
{"timestamp": "2026-09-19T17:03:22-0500", "level": "INFO", "logger": "apscheduler.scheduler", "line": 1092, "message": "Added job "Actualizar datos Genesis" to job store "default""}
{"timestamp": "2026-09-19T17:03:22-0500", "level": "INFO", "logger": "apscheduler.scheduler", "line": 1092, "message": "Added job "Actualizar estado GPS (BUSAE)" to job store "default""}
{"timestamp": "2026-09-19T17:03:22-0500", "level": "INFO", "logger": "apscheduler.scheduler", "line": 214, "message": "Scheduler started"}
{"timestamp": "2026-09-19T17:03:22-0500", "level": "INFO", "logger": "poller.scheduler", "line": 56, "message": "Scheduler iniciado — ciclos cada 5 min (Genesis + BUSAE)"}
{"timestamp": "2026-09-19T17:03:22-0500", "level": "INFO", "logger": "apscheduler.scheduler", "line": 1092, "message": "Added job "Ciclo inicial Genesis + BUSAE" to job store "default""}
{"timestamp": "2026-09-19T17:05:00-0500", "level": "INFO", "logger": "buses.tasks", "line": 31, "message": "[TASK_BUSAE] Iniciando ciclo de sincronización GPS BUSAE..."}
{"timestamp": "2026-09-19T17:05:00-0500", "level": "INFO", "logger": "buses.services.busae", "line": 216, "message": "[BUSAE] Ejecutando extracción headless mediante Playwright..."}
{"timestamp": "2026-09-19T17:05:09-0500", "level": "INFO", "logger": "buses.services.busae", "line": 216, "message": "[BUSAE] Ejecutando extracción headless mediante Playwright..."}
{"timestamp": "2026-09-19T17:05:17-0500", "level": "INFO", "logger": "buses.services.busae", "line": 216, "message": "[BUSAE] Ejecutando extracción headless mediante Playwright..."}
{"timestamp": "2026-09-19T17:05:20-0500", "level": "ERROR", "logger": "buses.services.busae", "line": 339, "message": "[BUSAE] Error durante ciclo de sincronización: La respuesta de BUSAE no contiene datos."}
Traceback (most recent call last):
  File "C:\Proyectos\Bitacora E.E\backend\buses\services\busae_service.py", line 317, in sync
  File "C:\Proyectos\Bitacora E.E\backend\shared\decorators.py", line 115, in wrapper
    result = func(*args, **kwargs)
  File "C:\Proyectos\Bitacora E.E\backend\shared\decorators.py", line 27, in wrapper
    return func(*args, **kwargs)
  File "C:\Proyectos\Bitacora E.E\backend\buses\services\busae_service.py", line 220, in fetch_raw_data
    err_msg = str(exc)
shared.exceptions.BusaeIntegrationError: La respuesta de BUSAE no contiene datos.
{"timestamp": "2026-09-19T17:05:20-0500", "level": "INFO", "logger": "buses.tasks", "line": 35, "message": "[TASK_BUSAE] Ciclo completado: {'status': 'degraded', 'error': 'La respuesta de BUSAE no contiene datos.', 'cached_items': 0, 'fallback_applied': False}"}
{"timestamp": "2026-09-19T17:08:53-0500", "level": "INFO", "logger": "apscheduler.scheduler", "line": 507, "message": "Adding job tentatively -- it will be properly scheduled when the scheduler starts"}
{"timestamp": "2026-09-19T17:08:53-0500", "level": "INFO", "logger": "apscheduler.scheduler", "line": 507, "message": "Adding job tentatively -- it will be properly scheduled when the scheduler starts"}
{"timestamp": "2026-09-19T17:08:53-0500", "level": "INFO", "logger": "apscheduler.scheduler", "line": 1092, "message": "Added job "Actualizar datos Genesis" to job store "default""}
{"timestamp": "2026-09-19T17:08:53-0500", "level": "INFO", "logger": "apscheduler.scheduler", "line": 1092, "message": "Added job "Actualizar estado GPS (BUSAE)" to job store "default""}
{"timestamp": "2026-09-19T17:08:53-0500", "level": "INFO", "logger": "apscheduler.scheduler", "line": 214, "message": "Scheduler started"}
{"timestamp": "2026-09-19T17:08:53-0500", "level": "INFO", "logger": "poller.scheduler", "line": 56, "message": "Scheduler iniciado — ciclos cada 5 min (Genesis + BUSAE)"}
{"timestamp": "2026-09-19T17:08:53-0500", "level": "INFO", "logger": "apscheduler.scheduler", "line": 1092, "message": "Added job "Ciclo inicial Genesis + BUSAE" to job store "default""}
{"timestamp": "2026-09-19T17:09:11-0500", "level": "INFO", "logger": "apscheduler.scheduler", "line": 507, "message": "Adding job tentatively -- it will be properly scheduled when the scheduler starts"}
{"timestamp": "2026-09-19T17:09:11-0500", "level": "INFO", "logger": "apscheduler.scheduler", "line": 507, "message": "Adding job tentatively -- it will be properly scheduled when the scheduler starts"}
{"timestamp": "2026-09-19T17:09:11-0500", "level": "INFO", "logger": "apscheduler.scheduler", "line": 1092, "message": "Added job "Actualizar datos Genesis" to job store "default""}
{"timestamp": "2026-09-19T17:09:11-0500", "level": "INFO", "logger": "apscheduler.scheduler", "line": 1092, "message": "Added job "Actualizar estado GPS (BUSAE)" to job store "default""}
{"timestamp": "2026-09-19T17:09:11-0500", "level": "INFO", "logger": "apscheduler.scheduler", "line": 214, "message": "Scheduler started"}
{"timestamp": "2026-09-19T17:09:11-0500", "level": "INFO", "logger": "poller.scheduler", "line": 56, "message": "Scheduler iniciado — ciclos cada 5 min (Genesis + BUSAE)"}
{"timestamp": "2026-09-19T17:09:11-0500", "level": "INFO", "logger": "apscheduler.scheduler", "line": 1092, "message": "Added job "Ciclo inicial Genesis + BUSAE" to job store "default""}
{"timestamp": "2026-09-19T17:09:11-0500", "level": "INFO", "logger": "poller.busae", "line": 126, "message": "BUSAE — ciclo 1"}
{"timestamp": "2026-09-19T17:09:12-0500", "level": "ERROR", "logger": "poller.busae", "line": 154, "message": "Login BUSAE HTTP fallido — sigue en página de login"}
{"timestamp": "2026-09-19T17:09:12-0500", "level": "INFO", "logger": "poller.busae", "line": 243, "message": "BUSAE — extrayendo con Playwright..."}
{"timestamp": "2026-09-19T17:09:23-0500", "level": "INFO", "logger": "apscheduler.executors.default", "line": 129, "message": "Running job "Ciclo inicial Genesis + BUSAE (trigger: date[2026-09-19 22:09:23 UTC], next run at: 2026-09-19 22:09:23 UTC)" (scheduled at 2026-09-19 22:09:23.892613+00:00)"}
{"timestamp": "2026-09-19T17:09:23-0500", "level": "INFO", "logger": "poller.scheduler", "line": 87, "message": "Ejecutando ciclo (Genesis → BUSAE)..."}
{"timestamp": "2026-09-19T17:09:23-0500", "level": "INFO", "logger": "apscheduler.scheduler", "line": 728, "message": "Removed job poller_bootstrap"}
{"timestamp": "2026-09-19T17:09:23-0500", "level": "INFO", "logger": "poller.genesis", "line": 202, "message": "Genesis — iniciando ciclo de extracción..."}
{"timestamp": "2026-09-19T17:09:24-0500", "level": "INFO", "logger": "poller.genesis", "line": 57, "message": "Login Genesis exitoso"}
{"timestamp": "2026-09-19T17:09:24-0500", "level": "INFO", "logger": "poller.genesis", "line": 83, "message": "Genesis monitoreo: 1465 registros"}
{"timestamp": "2026-09-19T17:09:39-0500", "level": "INFO", "logger": "poller.utils", "line": 125, "message": "Cruce Genesis actualizado en 2 reportes pendientes"}
{"timestamp": "2026-09-19T17:09:39-0500", "level": "INFO", "logger": "poller.busae", "line": 132, "message": "BUSAE — 1183 buses guardados en BD"}
{"timestamp": "2026-09-19T17:09:43-0500", "level": "INFO", "logger": "poller.utils", "line": 125, "message": "Cruce Genesis actualizado en 120 reportes pendientes"}
{"timestamp": "2026-09-19T17:09:43-0500", "level": "INFO", "logger": "poller.genesis", "line": 218, "message": "Genesis — 1465 buses actualizados en BD"}
{"timestamp": "2026-09-19T17:09:43-0500", "level": "INFO", "logger": "poller.busae", "line": 126, "message": "BUSAE — ciclo 2"}
{"timestamp": "2026-09-19T17:09:44-0500", "level": "ERROR", "logger": "poller.busae", "line": 154, "message": "Login BUSAE HTTP fallido — sigue en página de login"}
{"timestamp": "2026-09-19T17:09:44-0500", "level": "INFO", "logger": "poller.busae", "line": 243, "message": "BUSAE — extrayendo con Playwright..."}
{"timestamp": "2026-09-19T17:10:00-0500", "level": "INFO", "logger": "buses.tasks", "line": 31, "message": "[TASK_BUSAE] Iniciando ciclo de sincronización GPS BUSAE..."}
{"timestamp": "2026-09-19T17:10:00-0500", "level": "WARNING", "logger": "buses.services.busae", "line": 328, "message": "[BUSAE] Circuit Breaker abierto: Circuito abierto para 'busae_fetch'. Se reintentará en 300s.. Aplicando fallback de caché."}
{"timestamp": "2026-09-19T17:10:00-0500", "level": "INFO", "logger": "buses.tasks", "line": 35, "message": "[TASK_BUSAE] Ciclo completado: {'status': 'circuit_open', 'message': "Circuito abierto para 'busae_fetch'. Se reintentará en 300s.", 'cached_items': 0, 'fallback_applied': True}"}
{"timestamp": "2026-09-19T17:10:08-0500", "level": "INFO", "logger": "poller.busae", "line": 132, "message": "BUSAE — 1183 buses guardados en BD"}
{"timestamp": "2026-09-19T17:10:08-0500", "level": "INFO", "logger": "poller.scheduler", "line": 90, "message": "Ciclo completado"}
{"timestamp": "2026-09-19T17:10:08-0500", "level": "INFO", "logger": "apscheduler.executors.default", "line": 156, "message": "Job "Ciclo inicial Genesis + BUSAE (trigger: date[2026-09-19 22:09:23 UTC], next run at: 2026-09-19 22:09:23 UTC)" executed successfully"}
{"timestamp": "2026-09-19T17:10:37-0500", "level": "INFO", "logger": "apscheduler.scheduler", "line": 507, "message": "Adding job tentatively -- it will be properly scheduled when the scheduler starts"}
{"timestamp": "2026-09-19T17:10:37-0500", "level": "INFO", "logger": "apscheduler.scheduler", "line": 507, "message": "Adding job tentatively -- it will be properly scheduled when the scheduler starts"}
{"timestamp": "2026-09-19T17:10:37-0500", "level": "INFO", "logger": "apscheduler.scheduler", "line": 1092, "message": "Added job "Actualizar datos Genesis" to job store "default""}
{"timestamp": "2026-09-19T17:10:37-0500", "level": "INFO", "logger": "apscheduler.scheduler", "line": 1092, "message": "Added job "Actualizar estado GPS (BUSAE)" to job store "default""}
{"timestamp": "2026-09-19T17:10:37-0500", "level": "INFO", "logger": "apscheduler.scheduler", "line": 214, "message": "Scheduler started"}
{"timestamp": "2026-09-19T17:10:37-0500", "level": "INFO", "logger": "poller.scheduler", "line": 56, "message": "Scheduler iniciado — ciclos cada 5 min (Genesis + BUSAE)"}
{"timestamp": "2026-09-19T17:10:37-0500", "level": "INFO", "logger": "apscheduler.scheduler", "line": 1092, "message": "Added job "Ciclo inicial Genesis + BUSAE" to job store "default""}
{"timestamp": "2026-09-19T17:11:06-0500", "level": "INFO", "logger": "apscheduler.scheduler", "line": 507, "message": "Adding job tentatively -- it will be properly scheduled when the scheduler starts"}
{"timestamp": "2026-09-19T17:11:06-0500", "level": "INFO", "logger": "apscheduler.scheduler", "line": 507, "message": "Adding job tentatively -- it will be properly scheduled when the scheduler starts"}
{"timestamp": "2026-09-19T17:11:06-0500", "level": "INFO", "logger": "apscheduler.scheduler", "line": 1092, "message": "Added job "Actualizar datos Genesis" to job store "default""}
{"timestamp": "2026-09-19T17:11:06-0500", "level": "INFO", "logger": "apscheduler.scheduler", "line": 1092, "message": "Added job "Actualizar estado GPS (BUSAE)" to job store "default""}
{"timestamp": "2026-09-19T17:11:06-0500", "level": "INFO", "logger": "apscheduler.scheduler", "line": 214, "message": "Scheduler started"}
{"timestamp": "2026-09-19T17:11:06-0500", "level": "INFO", "logger": "poller.scheduler", "line": 56, "message": "Scheduler iniciado — ciclos cada 5 min (Genesis + BUSAE)"}
{"timestamp": "2026-09-19T17:11:06-0500", "level": "INFO", "logger": "apscheduler.scheduler", "line": 1092, "message": "Added job "Ciclo inicial Genesis + BUSAE" to job store "default""}
{"timestamp": "2026-09-19T17:11:08-0500", "level": "INFO", "logger": "apscheduler.scheduler", "line": 507, "message": "Adding job tentatively -- it will be properly scheduled when the scheduler starts"}
{"timestamp": "2026-09-19T17:11:08-0500", "level": "INFO", "logger": "apscheduler.scheduler", "line": 507, "message": "Adding job tentatively -- it will be properly scheduled when the scheduler starts"}
{"timestamp": "2026-09-19T17:11:08-0500", "level": "INFO", "logger": "apscheduler.scheduler", "line": 1092, "message": "Added job "Actualizar datos Genesis" to job store "default""}
{"timestamp": "2026-09-19T17:11:08-0500", "level": "INFO", "logger": "apscheduler.scheduler", "line": 1092, "message": "Added job "Actualizar estado GPS (BUSAE)" to job store "default""}
{"timestamp": "2026-09-19T17:11:08-0500", "level": "INFO", "logger": "apscheduler.scheduler", "line": 214, "message": "Scheduler started"}
{"timestamp": "2026-09-19T17:11:08-0500", "level": "INFO", "logger": "poller.scheduler", "line": 56, "message": "Scheduler iniciado — ciclos cada 5 min (Genesis + BUSAE)"}
{"timestamp": "2026-09-19T17:11:08-0500", "level": "INFO", "logger": "apscheduler.scheduler", "line": 1092, "message": "Added job "Ciclo inicial Genesis + BUSAE" to job store "default""}
{"timestamp": "2026-09-19T17:11:19-0500", "level": "INFO", "logger": "apscheduler.scheduler", "line": 507, "message": "Adding job tentatively -- it will be properly scheduled when the scheduler starts"}
{"timestamp": "2026-09-19T17:11:19-0500", "level": "INFO", "logger": "apscheduler.scheduler", "line": 507, "message": "Adding job tentatively -- it will be properly scheduled when the scheduler starts"}
{"timestamp": "2026-09-19T17:11:19-0500", "level": "INFO", "logger": "apscheduler.scheduler", "line": 1092, "message": "Added job "Actualizar datos Genesis" to job store "default""}
{"timestamp": "2026-09-19T17:11:19-0500", "level": "INFO", "logger": "apscheduler.scheduler", "line": 1092, "message": "Added job "Actualizar estado GPS (BUSAE)" to job store "default""}
{"timestamp": "2026-09-19T17:11:19-0500", "level": "INFO", "logger": "apscheduler.scheduler", "line": 214, "message": "Scheduler started"}
{"timestamp": "2026-09-19T17:11:19-0500", "level": "INFO", "logger": "poller.scheduler", "line": 56, "message": "Scheduler iniciado — ciclos cada 5 min (Genesis + BUSAE)"}
{"timestamp": "2026-09-19T17:11:19-0500", "level": "INFO", "logger": "apscheduler.scheduler", "line": 1092, "message": "Added job "Ciclo inicial Genesis + BUSAE" to job store "default""}
{"timestamp": "2026-09-19T17:11:21-0500", "level": "INFO", "logger": "apscheduler.scheduler", "line": 507, "message": "Adding job tentatively -- it will be properly scheduled when the scheduler starts"}
{"timestamp": "2026-09-19T17:11:21-0500", "level": "INFO", "logger": "apscheduler.scheduler", "line": 507, "message": "Adding job tentatively -- it will be properly scheduled when the scheduler starts"}
{"timestamp": "2026-09-19T17:11:21-0500", "level": "INFO", "logger": "apscheduler.scheduler", "line": 1092, "message": "Added job "Actualizar datos Genesis" to job store "default""}
{"timestamp": "2026-09-19T17:11:21-0500", "level": "INFO", "logger": "apscheduler.scheduler", "line": 1092, "message": "Added job "Actualizar estado GPS (BUSAE)" to job store "default""}
{"timestamp": "2026-09-19T17:11:21-0500", "level": "INFO", "logger": "apscheduler.scheduler", "line": 214, "message": "Scheduler started"}
{"timestamp": "2026-09-19T17:11:21-0500", "level": "INFO", "logger": "poller.scheduler", "line": 56, "message": "Scheduler iniciado — ciclos cada 5 min (Genesis + BUSAE)"}
{"timestamp": "2026-09-19T17:11:21-0500", "level": "INFO", "logger": "apscheduler.scheduler", "line": 1092, "message": "Added job "Ciclo inicial Genesis + BUSAE" to job store "default""}
{"timestamp": "2026-09-19T17:11:31-0500", "level": "INFO", "logger": "apscheduler.executors.default", "line": 129, "message": "Running job "Ciclo inicial Genesis + BUSAE (trigger: date[2026-09-19 22:11:31 UTC], next run at: 2026-09-19 22:11:31 UTC)" (scheduled at 2026-09-19 22:11:31.594402+00:00)"}
{"timestamp": "2026-09-19T17:11:31-0500", "level": "INFO", "logger": "apscheduler.scheduler", "line": 728, "message": "Removed job poller_bootstrap"}
{"timestamp": "2026-09-19T17:11:31-0500", "level": "INFO", "logger": "poller.scheduler", "line": 87, "message": "Ejecutando ciclo (Genesis → BUSAE)..."}
{"timestamp": "2026-09-19T17:11:31-0500", "level": "INFO", "logger": "poller.genesis", "line": 202, "message": "Genesis — iniciando ciclo de extracción..."}
{"timestamp": "2026-09-19T17:11:31-0500", "level": "INFO", "logger": "poller.genesis", "line": 57, "message": "Login Genesis exitoso"}
{"timestamp": "2026-09-19T17:11:32-0500", "level": "INFO", "logger": "poller.genesis", "line": 83, "message": "Genesis monitoreo: 1465 registros"}
{"timestamp": "2026-09-19T17:11:33-0500", "level": "INFO", "logger": "apscheduler.executors.default", "line": 129, "message": "Running job "Ciclo inicial Genesis + BUSAE (trigger: date[2026-09-19 22:11:33 UTC], next run at: 2026-09-19 22:11:33 UTC)" (scheduled at 2026-09-19 22:11:33.393758+00:00)"}
{"timestamp": "2026-09-19T17:11:33-0500", "level": "INFO", "logger": "apscheduler.scheduler", "line": 728, "message": "Removed job poller_bootstrap"}
{"timestamp": "2026-09-19T17:11:33-0500", "level": "INFO", "logger": "poller.scheduler", "line": 87, "message": "Ejecutando ciclo (Genesis → BUSAE)..."}
{"timestamp": "2026-09-19T17:11:33-0500", "level": "INFO", "logger": "poller.genesis", "line": 202, "message": "Genesis — iniciando ciclo de extracción..."}
{"timestamp": "2026-09-19T17:11:33-0500", "level": "INFO", "logger": "poller.genesis", "line": 57, "message": "Login Genesis exitoso"}
{"timestamp": "2026-09-19T17:11:34-0500", "level": "INFO", "logger": "poller.genesis", "line": 83, "message": "Genesis monitoreo: 1465 registros"}
{"timestamp": "2026-09-19T17:11:49-0500", "level": "INFO", "logger": "poller.utils", "line": 125, "message": "Cruce Genesis actualizado en 115 reportes pendientes"}
{"timestamp": "2026-09-19T17:11:49-0500", "level": "INFO", "logger": "poller.genesis", "line": 218, "message": "Genesis — 1465 buses actualizados en BD"}
{"timestamp": "2026-09-19T17:11:49-0500", "level": "INFO", "logger": "poller.busae", "line": 126, "message": "BUSAE — ciclo 1"}
{"timestamp": "2026-09-19T17:11:49-0500", "level": "ERROR", "logger": "poller.busae", "line": 154, "message": "Login BUSAE HTTP fallido — sigue en página de login"}
{"timestamp": "2026-09-19T17:11:49-0500", "level": "INFO", "logger": "poller.busae", "line": 243, "message": "BUSAE — extrayendo con Playwright..."}
{"timestamp": "2026-09-19T17:12:03-0500", "level": "ERROR", "logger": "poller.busae", "line": 139, "message": "Error crítico en ciclo BUSAE: column buses_datosbusae.odometro does not exist
LINE 1: ...e"."manos_libres", "buses_datosbusae"."telefono", "buses_dat...
                                                             ^"}
{"timestamp": "2026-09-19T17:12:03-0500", "level": "INFO", "logger": "poller.scheduler", "line": 90, "message": "Ciclo completado"}
{"timestamp": "2026-09-19T17:12:03-0500", "level": "INFO", "logger": "apscheduler.executors.default", "line": 156, "message": "Job "Ciclo inicial Genesis + BUSAE (trigger: date[2026-09-19 22:11:31 UTC], next run at: 2026-09-19 22:11:31 UTC)" executed successfully"}
{"timestamp": "2026-09-19T17:12:06-0500", "level": "INFO", "logger": "poller.utils", "line": 125, "message": "Cruce Genesis actualizado en 115 reportes pendientes"}
{"timestamp": "2026-09-19T17:12:06-0500", "level": "INFO", "logger": "poller.genesis", "line": 218, "message": "Genesis — 1465 buses actualizados en BD"}
{"timestamp": "2026-09-19T17:12:06-0500", "level": "INFO", "logger": "poller.busae", "line": 126, "message": "BUSAE — ciclo 1"}
{"timestamp": "2026-09-19T17:12:07-0500", "level": "ERROR", "logger": "poller.busae", "line": 154, "message": "Login BUSAE HTTP fallido — sigue en página de login"}
{"timestamp": "2026-09-19T17:12:07-0500", "level": "INFO", "logger": "poller.busae", "line": 243, "message": "BUSAE — extrayendo con Playwright..."}
{"timestamp": "2026-09-19T17:12:17-0500", "level": "ERROR", "logger": "poller.busae", "line": 139, "message": "Error crítico en ciclo BUSAE: column buses_datosbusae.odometro does not exist
LINE 1: ...e"."manos_libres", "buses_datosbusae"."telefono", "buses_dat...
                                                             ^"}
{"timestamp": "2026-09-19T17:12:17-0500", "level": "INFO", "logger": "poller.scheduler", "line": 90, "message": "Ciclo completado"}
{"timestamp": "2026-09-19T17:12:17-0500", "level": "INFO", "logger": "apscheduler.executors.default", "line": 156, "message": "Job "Ciclo inicial Genesis + BUSAE (trigger: date[2026-09-19 22:11:33 UTC], next run at: 2026-09-19 22:11:33 UTC)" executed successfully"}
{"timestamp": "2026-09-19T17:12:57-0500", "level": "INFO", "logger": "apscheduler.scheduler", "line": 507, "message": "Adding job tentatively -- it will be properly scheduled when the scheduler starts"}
{"timestamp": "2026-09-19T17:12:57-0500", "level": "INFO", "logger": "apscheduler.scheduler", "line": 507, "message": "Adding job tentatively -- it will be properly scheduled when the scheduler starts"}
{"timestamp": "2026-09-19T17:12:57-0500", "level": "INFO", "logger": "apscheduler.scheduler", "line": 1092, "message": "Added job "Actualizar datos Genesis" to job store "default""}
{"timestamp": "2026-09-19T17:12:57-0500", "level": "INFO", "logger": "apscheduler.scheduler", "line": 1092, "message": "Added job "Actualizar estado GPS (BUSAE)" to job store "default""}
{"timestamp": "2026-09-19T17:12:57-0500", "level": "INFO", "logger": "apscheduler.scheduler", "line": 214, "message": "Scheduler started"}
{"timestamp": "2026-09-19T17:12:57-0500", "level": "INFO", "logger": "poller.scheduler", "line": 56, "message": "Scheduler iniciado — ciclos cada 5 min (Genesis + BUSAE)"}
{"timestamp": "2026-09-19T17:12:57-0500", "level": "INFO", "logger": "apscheduler.scheduler", "line": 1092, "message": "Added job "Ciclo inicial Genesis + BUSAE" to job store "default""}
{"timestamp": "2026-09-19T17:13:16-0500", "level": "INFO", "logger": "apscheduler.scheduler", "line": 507, "message": "Adding job tentatively -- it will be properly scheduled when the scheduler starts"}
{"timestamp": "2026-09-19T17:13:16-0500", "level": "INFO", "logger": "apscheduler.scheduler", "line": 507, "message": "Adding job tentatively -- it will be properly scheduled when the scheduler starts"}
{"timestamp": "2026-09-19T17:13:16-0500", "level": "INFO", "logger": "apscheduler.scheduler", "line": 1092, "message": "Added job "Actualizar datos Genesis" to job store "default""}
{"timestamp": "2026-09-19T17:13:16-0500", "level": "INFO", "logger": "apscheduler.scheduler", "line": 1092, "message": "Added job "Actualizar estado GPS (BUSAE)" to job store "default""}
{"timestamp": "2026-09-19T17:13:16-0500", "level": "INFO", "logger": "apscheduler.scheduler", "line": 214, "message": "Scheduler started"}
{"timestamp": "2026-09-19T17:13:16-0500", "level": "INFO", "logger": "poller.scheduler", "line": 56, "message": "Scheduler iniciado — ciclos cada 5 min (Genesis + BUSAE)"}
{"timestamp": "2026-09-19T17:13:16-0500", "level": "INFO", "logger": "apscheduler.scheduler", "line": 1092, "message": "Added job "Ciclo inicial Genesis + BUSAE" to job store "default""}
{"timestamp": "2026-09-19T17:13:28-0500", "level": "INFO", "logger": "apscheduler.executors.default", "line": 129, "message": "Running job "Ciclo inicial Genesis + BUSAE (trigger: date[2026-09-19 22:13:28 UTC], next run at: 2026-09-19 22:13:28 UTC)" (scheduled at 2026-09-19 22:13:28.378881+00:00)"}
{"timestamp": "2026-09-19T17:13:28-0500", "level": "INFO", "logger": "apscheduler.scheduler", "line": 728, "message": "Removed job poller_bootstrap"}
{"timestamp": "2026-09-19T17:13:28-0500", "level": "INFO", "logger": "poller.scheduler", "line": 87, "message": "Ejecutando ciclo (Genesis → BUSAE)..."}
{"timestamp": "2026-09-19T17:13:28-0500", "level": "INFO", "logger": "poller.genesis", "line": 202, "message": "Genesis — iniciando ciclo de extracción..."}
{"timestamp": "2026-09-19T17:13:28-0500", "level": "INFO", "logger": "poller.genesis", "line": 57, "message": "Login Genesis exitoso"}
{"timestamp": "2026-09-19T17:13:28-0500", "level": "INFO", "logger": "poller.genesis", "line": 83, "message": "Genesis monitoreo: 1465 registros"}
{"timestamp": "2026-09-19T17:13:45-0500", "level": "INFO", "logger": "apscheduler.scheduler", "line": 507, "message": "Adding job tentatively -- it will be properly scheduled when the scheduler starts"}
{"timestamp": "2026-09-19T17:13:45-0500", "level": "INFO", "logger": "apscheduler.scheduler", "line": 507, "message": "Adding job tentatively -- it will be properly scheduled when the scheduler starts"}
{"timestamp": "2026-09-19T17:13:45-0500", "level": "INFO", "logger": "apscheduler.scheduler", "line": 1092, "message": "Added job "Actualizar datos Genesis" to job store "default""}
{"timestamp": "2026-09-19T17:13:45-0500", "level": "INFO", "logger": "apscheduler.scheduler", "line": 1092, "message": "Added job "Actualizar estado GPS (BUSAE)" to job store "default""}
{"timestamp": "2026-09-19T17:13:45-0500", "level": "INFO", "logger": "apscheduler.scheduler", "line": 214, "message": "Scheduler started"}
{"timestamp": "2026-09-19T17:13:45-0500", "level": "INFO", "logger": "poller.scheduler", "line": 56, "message": "Scheduler iniciado — ciclos cada 5 min (Genesis + BUSAE)"}
{"timestamp": "2026-09-19T17:13:45-0500", "level": "INFO", "logger": "apscheduler.scheduler", "line": 1092, "message": "Added job "Ciclo inicial Genesis + BUSAE" to job store "default""}
{"timestamp": "2026-09-19T17:13:45-0500", "level": "INFO", "logger": "apscheduler.scheduler", "line": 507, "message": "Adding job tentatively -- it will be properly scheduled when the scheduler starts"}
{"timestamp": "2026-09-19T17:13:45-0500", "level": "INFO", "logger": "apscheduler.scheduler", "line": 507, "message": "Adding job tentatively -- it will be properly scheduled when the scheduler starts"}
{"timestamp": "2026-09-19T17:13:45-0500", "level": "INFO", "logger": "apscheduler.scheduler", "line": 1092, "message": "Added job "Actualizar datos Genesis" to job store "default""}
{"timestamp": "2026-09-19T17:13:45-0500", "level": "INFO", "logger": "apscheduler.scheduler", "line": 1092, "message": "Added job "Actualizar estado GPS (BUSAE)" to job store "default""}
{"timestamp": "2026-09-19T17:13:45-0500", "level": "INFO", "logger": "apscheduler.scheduler", "line": 214, "message": "Scheduler started"}
{"timestamp": "2026-09-19T17:13:45-0500", "level": "INFO", "logger": "poller.scheduler", "line": 56, "message": "Scheduler iniciado — ciclos cada 5 min (Genesis + BUSAE)"}
{"timestamp": "2026-09-19T17:13:45-0500", "level": "INFO", "logger": "apscheduler.scheduler", "line": 1092, "message": "Added job "Ciclo inicial Genesis + BUSAE" to job store "default""}
{"timestamp": "2026-09-19T17:13:50-0500", "level": "INFO", "logger": "poller.utils", "line": 125, "message": "Cruce Genesis actualizado en 115 reportes pendientes"}
{"timestamp": "2026-09-19T17:13:50-0500", "level": "INFO", "logger": "poller.genesis", "line": 218, "message": "Genesis — 1465 buses actualizados en BD"}
{"timestamp": "2026-09-19T17:13:50-0500", "level": "INFO", "logger": "poller.busae", "line": 126, "message": "BUSAE — ciclo 1"}
{"timestamp": "2026-09-19T17:13:51-0500", "level": "ERROR", "logger": "poller.busae", "line": 154, "message": "Login BUSAE HTTP fallido — sigue en página de login"}
{"timestamp": "2026-09-19T17:13:51-0500", "level": "INFO", "logger": "poller.busae", "line": 243, "message": "BUSAE — extrayendo con Playwright..."}
{"timestamp": "2026-09-19T17:14:04-0500", "level": "INFO", "logger": "apscheduler.scheduler", "line": 507, "message": "Adding job tentatively -- it will be properly scheduled when the scheduler starts"}
{"timestamp": "2026-09-19T17:14:04-0500", "level": "INFO", "logger": "apscheduler.scheduler", "line": 507, "message": "Adding job tentatively -- it will be properly scheduled when the scheduler starts"}
{"timestamp": "2026-09-19T17:14:04-0500", "level": "INFO", "logger": "apscheduler.scheduler", "line": 1092, "message": "Added job "Actualizar datos Genesis" to job store "default""}
{"timestamp": "2026-09-19T17:14:04-0500", "level": "INFO", "logger": "apscheduler.scheduler", "line": 1092, "message": "Added job "Actualizar estado GPS (BUSAE)" to job store "default""}
{"timestamp": "2026-09-19T17:14:04-0500", "level": "INFO", "logger": "apscheduler.scheduler", "line": 214, "message": "Scheduler started"}
{"timestamp": "2026-09-19T17:14:04-0500", "level": "INFO", "logger": "poller.scheduler", "line": 56, "message": "Scheduler iniciado — ciclos cada 5 min (Genesis + BUSAE)"}
{"timestamp": "2026-09-19T17:14:04-0500", "level": "INFO", "logger": "apscheduler.scheduler", "line": 1092, "message": "Added job "Ciclo inicial Genesis + BUSAE" to job store "default""}
{"timestamp": "2026-09-19T17:14:04-0500", "level": "INFO", "logger": "apscheduler.scheduler", "line": 507, "message": "Adding job tentatively -- it will be properly scheduled when the scheduler starts"}
{"timestamp": "2026-09-19T17:14:04-0500", "level": "INFO", "logger": "apscheduler.scheduler", "line": 507, "message": "Adding job tentatively -- it will be properly scheduled when the scheduler starts"}
{"timestamp": "2026-09-19T17:14:04-0500", "level": "INFO", "logger": "apscheduler.scheduler", "line": 1092, "message": "Added job "Actualizar datos Genesis" to job store "default""}
{"timestamp": "2026-09-19T17:14:04-0500", "level": "INFO", "logger": "apscheduler.scheduler", "line": 1092, "message": "Added job "Actualizar estado GPS (BUSAE)" to job store "default""}
{"timestamp": "2026-09-19T17:14:04-0500", "level": "INFO", "logger": "apscheduler.scheduler", "line": 214, "message": "Scheduler started"}
{"timestamp": "2026-09-19T17:14:04-0500", "level": "INFO", "logger": "poller.scheduler", "line": 56, "message": "Scheduler iniciado — ciclos cada 5 min (Genesis + BUSAE)"}
{"timestamp": "2026-09-19T17:14:04-0500", "level": "INFO", "logger": "apscheduler.scheduler", "line": 1092, "message": "Added job "Ciclo inicial Genesis + BUSAE" to job store "default""}
{"timestamp": "2026-09-19T17:14:16-0500", "level": "INFO", "logger": "apscheduler.executors.default", "line": 129, "message": "Running job "Ciclo inicial Genesis + BUSAE (trigger: date[2026-09-19 22:14:16 UTC], next run at: 2026-09-19 22:14:16 UTC)" (scheduled at 2026-09-19 22:14:16.238507+00:00)"}
{"timestamp": "2026-09-19T17:14:16-0500", "level": "INFO", "logger": "apscheduler.scheduler", "line": 728, "message": "Removed job poller_bootstrap"}
{"timestamp": "2026-09-19T17:14:16-0500", "level": "INFO", "logger": "poller.scheduler", "line": 87, "message": "Ejecutando ciclo (Genesis → BUSAE)..."}
{"timestamp": "2026-09-19T17:14:16-0500", "level": "INFO", "logger": "poller.genesis", "line": 202, "message": "Genesis — iniciando ciclo de extracción..."}
{"timestamp": "2026-09-19T17:14:16-0500", "level": "INFO", "logger": "apscheduler.executors.default", "line": 129, "message": "Running job "Ciclo inicial Genesis + BUSAE (trigger: date[2026-09-19 22:14:16 UTC], next run at: 2026-09-19 22:14:16 UTC)" (scheduled at 2026-09-19 22:14:16.558891+00:00)"}
{"timestamp": "2026-09-19T17:14:16-0500", "level": "INFO", "logger": "apscheduler.scheduler", "line": 728, "message": "Removed job poller_bootstrap"}
{"timestamp": "2026-09-19T17:14:16-0500", "level": "INFO", "logger": "poller.genesis", "line": 57, "message": "Login Genesis exitoso"}
{"timestamp": "2026-09-19T17:14:16-0500", "level": "INFO", "logger": "poller.scheduler", "line": 87, "message": "Ejecutando ciclo (Genesis → BUSAE)..."}
{"timestamp": "2026-09-19T17:14:16-0500", "level": "INFO", "logger": "poller.genesis", "line": 202, "message": "Genesis — iniciando ciclo de extracción..."}
{"timestamp": "2026-09-19T17:14:17-0500", "level": "INFO", "logger": "poller.genesis", "line": 83, "message": "Genesis monitoreo: 1465 registros"}
{"timestamp": "2026-09-19T17:14:17-0500", "level": "INFO", "logger": "poller.genesis", "line": 57, "message": "Login Genesis exitoso"}
{"timestamp": "2026-09-19T17:14:17-0500", "level": "INFO", "logger": "poller.genesis", "line": 83, "message": "Genesis monitoreo: 1465 registros"}
{"timestamp": "2026-09-19T17:14:26-0500", "level": "INFO", "logger": "poller.busae", "line": 132, "message": "BUSAE — 1183 buses guardados en BD"}
{"timestamp": "2026-09-19T17:14:26-0500", "level": "INFO", "logger": "poller.scheduler", "line": 90, "message": "Ciclo completado"}
{"timestamp": "2026-09-19T17:14:26-0500", "level": "INFO", "logger": "apscheduler.executors.default", "line": 156, "message": "Job "Ciclo inicial Genesis + BUSAE (trigger: date[2026-09-19 22:13:28 UTC], next run at: 2026-09-19 22:13:28 UTC)" executed successfully"}
{"timestamp": "2026-09-19T17:14:42-0500", "level": "INFO", "logger": "poller.utils", "line": 125, "message": "Cruce Genesis actualizado en 115 reportes pendientes"}
{"timestamp": "2026-09-19T17:14:42-0500", "level": "INFO", "logger": "poller.genesis", "line": 218, "message": "Genesis — 1465 buses actualizados en BD"}
{"timestamp": "2026-09-19T17:14:42-0500", "level": "INFO", "logger": "poller.busae", "line": 126, "message": "BUSAE — ciclo 1"}
{"timestamp": "2026-09-19T17:14:43-0500", "level": "ERROR", "logger": "poller.busae", "line": 154, "message": "Login BUSAE HTTP fallido — sigue en página de login"}
{"timestamp": "2026-09-19T17:14:43-0500", "level": "INFO", "logger": "poller.busae", "line": 243, "message": "BUSAE — extrayendo con Playwright..."}
{"timestamp": "2026-09-19T17:15:00-0500", "level": "INFO", "logger": "buses.tasks", "line": 31, "message": "[TASK_BUSAE] Iniciando ciclo de sincronización GPS BUSAE..."}
{"timestamp": "2026-09-19T17:15:01-0500", "level": "INFO", "logger": "buses.services.busae", "line": 216, "message": "[BUSAE] Ejecutando extracción headless mediante Playwright..."}
{"timestamp": "2026-09-19T17:15:04-0500", "level": "INFO", "logger": "poller.genesis", "line": 218, "message": "Genesis — 1465 buses actualizados en BD"}
{"timestamp": "2026-09-19T17:15:05-0500", "level": "INFO", "logger": "poller.busae", "line": 126, "message": "BUSAE — ciclo 1"}
{"timestamp": "2026-09-19T17:15:05-0500", "level": "ERROR", "logger": "poller.busae", "line": 154, "message": "Login BUSAE HTTP fallido — sigue en página de login"}
{"timestamp": "2026-09-19T17:15:05-0500", "level": "INFO", "logger": "poller.busae", "line": 243, "message": "BUSAE — extrayendo con Playwright..."}
{"timestamp": "2026-09-19T17:15:17-0500", "level": "INFO", "logger": "buses.services.busae", "line": 216, "message": "[BUSAE] Ejecutando extracción headless mediante Playwright..."}
{"timestamp": "2026-09-19T17:15:33-0500", "level": "INFO", "logger": "poller.busae", "line": 132, "message": "BUSAE — 1183 buses guardados en BD"}
{"timestamp": "2026-09-19T17:15:33-0500", "level": "INFO", "logger": "poller.scheduler", "line": 90, "message": "Ciclo completado"}
{"timestamp": "2026-09-19T17:15:33-0500", "level": "INFO", "logger": "apscheduler.executors.default", "line": 156, "message": "Job "Ciclo inicial Genesis + BUSAE (trigger: date[2026-09-19 22:14:16 UTC], next run at: 2026-09-19 22:14:16 UTC)" executed successfully"}
{"timestamp": "2026-09-19T17:15:33-0500", "level": "INFO", "logger": "buses.services.busae", "line": 216, "message": "[BUSAE] Ejecutando extracción headless mediante Playwright..."}
{"timestamp": "2026-09-19T17:15:42-0500", "level": "INFO", "logger": "apscheduler.scheduler", "line": 507, "message": "Adding job tentatively -- it will be properly scheduled when the scheduler starts"}
{"timestamp": "2026-09-19T17:15:42-0500", "level": "INFO", "logger": "apscheduler.scheduler", "line": 507, "message": "Adding job tentatively -- it will be properly scheduled when the scheduler starts"}
{"timestamp": "2026-09-19T17:15:42-0500", "level": "INFO", "logger": "apscheduler.scheduler", "line": 1092, "message": "Added job "Actualizar datos Genesis" to job store "default""}
{"timestamp": "2026-09-19T17:15:42-0500", "level": "INFO", "logger": "apscheduler.scheduler", "line": 1092, "message": "Added job "Actualizar estado GPS (BUSAE)" to job store "default""}
{"timestamp": "2026-09-19T17:15:42-0500", "level": "INFO", "logger": "apscheduler.scheduler", "line": 214, "message": "Scheduler started"}
{"timestamp": "2026-09-19T17:15:42-0500", "level": "INFO", "logger": "poller.scheduler", "line": 56, "message": "Scheduler iniciado — ciclos cada 5 min (Genesis + BUSAE)"}
{"timestamp": "2026-09-19T17:15:42-0500", "level": "INFO", "logger": "apscheduler.scheduler", "line": 1092, "message": "Added job "Ciclo inicial Genesis + BUSAE" to job store "default""}
{"timestamp": "2026-09-19T17:15:45-0500", "level": "ERROR", "logger": "buses.services.busae", "line": 339, "message": "[BUSAE] Error durante ciclo de sincronización: La respuesta de BUSAE no contiene datos."}
Traceback (most recent call last):
  File "C:\Proyectos\Bitacora E.E\backend\buses\services\busae_service.py", line 317, in sync
  File "C:\Proyectos\Bitacora E.E\backend\shared\decorators.py", line 115, in wrapper
    result = func(*args, **kwargs)
  File "C:\Proyectos\Bitacora E.E\backend\shared\decorators.py", line 27, in wrapper
    return func(*args, **kwargs)
  File "C:\Proyectos\Bitacora E.E\backend\buses\services\busae_service.py", line 220, in fetch_raw_data
    err_msg = str(exc)
shared.exceptions.BusaeIntegrationError: La respuesta de BUSAE no contiene datos.
{"timestamp": "2026-09-19T17:15:45-0500", "level": "INFO", "logger": "buses.tasks", "line": 35, "message": "[TASK_BUSAE] Ciclo completado: {'status': 'degraded', 'error': 'La respuesta de BUSAE no contiene datos.', 'cached_items': 0, 'fallback_applied': False}"}
{"timestamp": "2026-09-19T17:15:45-0500", "level": "INFO", "logger": "buses.tasks", "line": 67, "message": "[TASK_GENESIS] Iniciando sincronización de datos Génesis..."}
{"timestamp": "2026-09-19T17:15:45-0500", "level": "INFO", "logger": "buses.services.genesis", "line": 107, "message": "[GENESIS] Usando datos de caché Redis (TTL 1h)."}
{"timestamp": "2026-09-19T17:15:49-0500", "level": "INFO", "logger": "poller.busae", "line": 132, "message": "BUSAE — 1183 buses guardados en BD"}
{"timestamp": "2026-09-19T17:15:49-0500", "level": "INFO", "logger": "poller.scheduler", "line": 90, "message": "Ciclo completado"}
{"timestamp": "2026-09-19T17:15:49-0500", "level": "INFO", "logger": "apscheduler.executors.default", "line": 156, "message": "Job "Ciclo inicial Genesis + BUSAE (trigger: date[2026-09-19 22:14:16 UTC], next run at: 2026-09-19 22:14:16 UTC)" executed successfully"}
{"timestamp": "2026-09-19T17:15:53-0500", "level": "INFO", "logger": "buses.tasks", "line": 71, "message": "[TASK_GENESIS] Ciclo completado: {'status': 'success', 'fetched': 1465, 'saved_or_updated': 198, 'timestamp': '2026-09-19T22:15:53.919738+00:00'}"}
{"timestamp": "2026-09-19T17:15:54-0500", "level": "INFO", "logger": "apscheduler.executors.default", "line": 129, "message": "Running job "Ciclo inicial Genesis + BUSAE (trigger: date[2026-09-19 22:15:54 UTC], next run at: 2026-09-19 22:15:54 UTC)" (scheduled at 2026-09-19 22:15:54.760436+00:00)"}
{"timestamp": "2026-09-19T17:15:54-0500", "level": "INFO", "logger": "apscheduler.scheduler", "line": 728, "message": "Removed job poller_bootstrap"}
{"timestamp": "2026-09-19T17:15:54-0500", "level": "INFO", "logger": "poller.scheduler", "line": 87, "message": "Ejecutando ciclo (Genesis → BUSAE)..."}
{"timestamp": "2026-09-19T17:15:54-0500", "level": "INFO", "logger": "poller.genesis", "line": 202, "message": "Genesis — iniciando ciclo de extracción..."}
{"timestamp": "2026-09-19T17:15:54-0500", "level": "INFO", "logger": "apscheduler.scheduler", "line": 507, "message": "Adding job tentatively -- it will be properly scheduled when the scheduler starts"}
{"timestamp": "2026-09-19T17:15:54-0500", "level": "INFO", "logger": "apscheduler.scheduler", "line": 507, "message": "Adding job tentatively -- it will be properly scheduled when the scheduler starts"}
{"timestamp": "2026-09-19T17:15:54-0500", "level": "INFO", "logger": "apscheduler.scheduler", "line": 1092, "message": "Added job "Actualizar datos Genesis" to job store "default""}
{"timestamp": "2026-09-19T17:15:54-0500", "level": "INFO", "logger": "apscheduler.scheduler", "line": 1092, "message": "Added job "Actualizar estado GPS (BUSAE)" to job store "default""}
{"timestamp": "2026-09-19T17:15:54-0500", "level": "INFO", "logger": "apscheduler.scheduler", "line": 214, "message": "Scheduler started"}
{"timestamp": "2026-09-19T17:15:54-0500", "level": "INFO", "logger": "poller.scheduler", "line": 56, "message": "Scheduler iniciado — ciclos cada 5 min (Genesis + BUSAE)"}
{"timestamp": "2026-09-19T17:15:54-0500", "level": "INFO", "logger": "apscheduler.scheduler", "line": 1092, "message": "Added job "Ciclo inicial Genesis + BUSAE" to job store "default""}
{"timestamp": "2026-09-19T17:15:54-0500", "level": "INFO", "logger": "poller.genesis", "line": 57, "message": "Login Genesis exitoso"}
{"timestamp": "2026-09-19T17:15:55-0500", "level": "INFO", "logger": "poller.genesis", "line": 83, "message": "Genesis monitoreo: 1465 registros"}
{"timestamp": "2026-09-19T17:16:06-0500", "level": "INFO", "logger": "apscheduler.executors.default", "line": 129, "message": "Running job "Ciclo inicial Genesis + BUSAE (trigger: date[2026-09-19 22:16:06 UTC], next run at: 2026-09-19 22:16:06 UTC)" (scheduled at 2026-09-19 22:16:06.845760+00:00)"}
{"timestamp": "2026-09-19T17:16:06-0500", "level": "INFO", "logger": "apscheduler.scheduler", "line": 728, "message": "Removed job poller_bootstrap"}
{"timestamp": "2026-09-19T17:16:06-0500", "level": "INFO", "logger": "poller.scheduler", "line": 87, "message": "Ejecutando ciclo (Genesis → BUSAE)..."}
{"timestamp": "2026-09-19T17:16:06-0500", "level": "INFO", "logger": "poller.genesis", "line": 202, "message": "Genesis — iniciando ciclo de extracción..."}
{"timestamp": "2026-09-19T17:16:07-0500", "level": "INFO", "logger": "poller.genesis", "line": 57, "message": "Login Genesis exitoso"}
{"timestamp": "2026-09-19T17:16:07-0500", "level": "INFO", "logger": "poller.genesis", "line": 83, "message": "Genesis monitoreo: 1465 registros"}
{"timestamp": "2026-09-19T17:16:10-0500", "level": "INFO", "logger": "poller.utils", "line": 125, "message": "Cruce Genesis actualizado en 130 reportes pendientes"}
{"timestamp": "2026-09-19T17:16:10-0500", "level": "INFO", "logger": "poller.genesis", "line": 218, "message": "Genesis — 1465 buses actualizados en BD"}
{"timestamp": "2026-09-19T17:16:10-0500", "level": "INFO", "logger": "poller.busae", "line": 126, "message": "BUSAE — ciclo 1"}
{"timestamp": "2026-09-19T17:16:11-0500", "level": "ERROR", "logger": "poller.busae", "line": 154, "message": "Login BUSAE HTTP fallido — sigue en página de login"}
{"timestamp": "2026-09-19T17:16:11-0500", "level": "INFO", "logger": "poller.busae", "line": 243, "message": "BUSAE — extrayendo con Playwright..."}
{"timestamp": "2026-09-19T17:16:36-0500", "level": "INFO", "logger": "poller.utils", "line": 125, "message": "Cruce Genesis actualizado en 52 reportes pendientes"}
{"timestamp": "2026-09-19T17:16:36-0500", "level": "INFO", "logger": "poller.busae", "line": 132, "message": "BUSAE — 1183 buses guardados en BD"}
{"timestamp": "2026-09-19T17:16:36-0500", "level": "INFO", "logger": "poller.scheduler", "line": 90, "message": "Ciclo completado"}
{"timestamp": "2026-09-19T17:16:36-0500", "level": "INFO", "logger": "apscheduler.executors.default", "line": 156, "message": "Job "Ciclo inicial Genesis + BUSAE (trigger: date[2026-09-19 22:15:54 UTC], next run at: 2026-09-19 22:15:54 UTC)" executed successfully"}
{"timestamp": "2026-09-19T17:16:36-0500", "level": "INFO", "logger": "poller.utils", "line": 125, "message": "Cruce Genesis actualizado en 130 reportes pendientes"}
{"timestamp": "2026-09-19T17:16:36-0500", "level": "INFO", "logger": "poller.genesis", "line": 218, "message": "Genesis — 1465 buses actualizados en BD"}
{"timestamp": "2026-09-19T17:16:36-0500", "level": "INFO", "logger": "poller.busae", "line": 126, "message": "BUSAE — ciclo 1"}
{"timestamp": "2026-09-19T17:16:36-0500", "level": "ERROR", "logger": "poller.busae", "line": 154, "message": "Login BUSAE HTTP fallido — sigue en página de login"}
{"timestamp": "2026-09-19T17:16:36-0500", "level": "INFO", "logger": "poller.busae", "line": 243, "message": "BUSAE — extrayendo con Playwright..."}
{"timestamp": "2026-09-19T17:16:59-0500", "level": "INFO", "logger": "poller.busae", "line": 132, "message": "BUSAE — 1183 buses guardados en BD"}
{"timestamp": "2026-09-19T17:16:59-0500", "level": "INFO", "logger": "poller.scheduler", "line": 90, "message": "Ciclo completado"}
{"timestamp": "2026-09-19T17:16:59-0500", "level": "INFO", "logger": "apscheduler.executors.default", "line": 156, "message": "Job "Ciclo inicial Genesis + BUSAE (trigger: date[2026-09-19 22:16:06 UTC], next run at: 2026-09-19 22:16:06 UTC)" executed successfully"}
{"timestamp": "2026-09-19T17:20:00-0500", "level": "INFO", "logger": "buses.tasks", "line": 31, "message": "[TASK_BUSAE] Iniciando ciclo de sincronización GPS BUSAE..."}
{"timestamp": "2026-09-19T17:20:00-0500", "level": "WARNING", "logger": "buses.services.busae", "line": 328, "message": "[BUSAE] Circuit Breaker abierto: Circuito abierto para 'busae_fetch'. Se reintentará en 300s.. Aplicando fallback de caché."}
{"timestamp": "2026-09-19T17:20:00-0500", "level": "INFO", "logger": "buses.tasks", "line": 35, "message": "[TASK_BUSAE] Ciclo completado: {'status': 'circuit_open', 'message': "Circuito abierto para 'busae_fetch'. Se reintentará en 300s.", 'cached_items': 0, 'fallback_applied': True}"}
{"timestamp": "2026-09-19T17:25:00-0500", "level": "INFO", "logger": "buses.tasks", "line": 31, "message": "[TASK_BUSAE] Iniciando ciclo de sincronización GPS BUSAE..."}
{"timestamp": "2026-09-19T17:25:00-0500", "level": "INFO", "logger": "buses.services.busae", "line": 216, "message": "[BUSAE] Ejecutando extracción headless mediante Playwright..."}
{"timestamp": "2026-09-19T17:25:10-0500", "level": "INFO", "logger": "buses.services.busae", "line": 216, "message": "[BUSAE] Ejecutando extracción headless mediante Playwright..."}
{"timestamp": "2026-09-19T17:25:19-0500", "level": "INFO", "logger": "buses.services.busae", "line": 216, "message": "[BUSAE] Ejecutando extracción headless mediante Playwright..."}
{"timestamp": "2026-09-19T17:25:22-0500", "level": "ERROR", "logger": "buses.services.busae", "line": 339, "message": "[BUSAE] Error durante ciclo de sincronización: La respuesta de BUSAE no contiene datos."}
Traceback (most recent call last):
  File "C:\Proyectos\Bitacora E.E\backend\buses\services\busae_service.py", line 317, in sync
  File "C:\Proyectos\Bitacora E.E\backend\shared\decorators.py", line 115, in wrapper
    result = func(*args, **kwargs)
  File "C:\Proyectos\Bitacora E.E\backend\shared\decorators.py", line 27, in wrapper
    return func(*args, **kwargs)
  File "C:\Proyectos\Bitacora E.E\backend\buses\services\busae_service.py", line 220, in fetch_raw_data
    err_msg = str(exc)
shared.exceptions.BusaeIntegrationError: La respuesta de BUSAE no contiene datos.
{"timestamp": "2026-09-19T17:25:22-0500", "level": "INFO", "logger": "buses.tasks", "line": 35, "message": "[TASK_BUSAE] Ciclo completado: {'status': 'degraded', 'error': 'La respuesta de BUSAE no contiene datos.', 'cached_items': 0, 'fallback_applied': False}"}
{"timestamp": "2026-09-19T17:30:00-0500", "level": "INFO", "logger": "buses.tasks", "line": 31, "message": "[TASK_BUSAE] Iniciando ciclo de sincronización GPS BUSAE..."}
{"timestamp": "2026-09-19T17:30:00-0500", "level": "WARNING", "logger": "buses.services.busae", "line": 328, "message": "[BUSAE] Circuit Breaker abierto: Circuito abierto para 'busae_fetch'. Se reintentará en 300s.. Aplicando fallback de caché."}
{"timestamp": "2026-09-19T17:30:00-0500", "level": "INFO", "logger": "buses.tasks", "line": 35, "message": "[TASK_BUSAE] Ciclo completado: {'status': 'circuit_open', 'message': "Circuito abierto para 'busae_fetch'. Se reintentará en 300s.", 'cached_items': 0, 'fallback_applied': True}"}
{"timestamp": "2026-09-19T17:30:00-0500", "level": "INFO", "logger": "buses.tasks", "line": 67, "message": "[TASK_GENESIS] Iniciando sincronización de datos Génesis..."}
{"timestamp": "2026-09-19T17:30:00-0500", "level": "INFO", "logger": "buses.services.genesis", "line": 107, "message": "[GENESIS] Usando datos de caché Redis (TTL 1h)."}
{"timestamp": "2026-09-19T17:30:06-0500", "level": "INFO", "logger": "buses.tasks", "line": 71, "message": "[TASK_GENESIS] Ciclo completado: {'status': 'success', 'fetched': 1465, 'saved_or_updated': 206, 'timestamp': '2026-09-19T22:30:06.590674+00:00'}"}
{"timestamp": "2026-09-19T17:35:00-0500", "level": "INFO", "logger": "buses.tasks", "line": 31, "message": "[TASK_BUSAE] Iniciando ciclo de sincronización GPS BUSAE..."}
{"timestamp": "2026-09-19T17:35:00-0500", "level": "INFO", "logger": "buses.services.busae", "line": 216, "message": "[BUSAE] Ejecutando extracción headless mediante Playwright..."}
{"timestamp": "2026-09-19T17:35:09-0500", "level": "INFO", "logger": "buses.services.busae", "line": 216, "message": "[BUSAE] Ejecutando extracción headless mediante Playwright..."}
{"timestamp": "2026-09-19T17:35:17-0500", "level": "INFO", "logger": "buses.services.busae", "line": 216, "message": "[BUSAE] Ejecutando extracción headless mediante Playwright..."}
{"timestamp": "2026-09-19T17:35:20-0500", "level": "ERROR", "logger": "buses.services.busae", "line": 339, "message": "[BUSAE] Error durante ciclo de sincronización: La respuesta de BUSAE no contiene datos."}
Traceback (most recent call last):
  File "C:\Proyectos\Bitacora E.E\backend\buses\services\busae_service.py", line 317, in sync
  File "C:\Proyectos\Bitacora E.E\backend\shared\decorators.py", line 115, in wrapper
    result = func(*args, **kwargs)
  File "C:\Proyectos\Bitacora E.E\backend\shared\decorators.py", line 27, in wrapper
    return func(*args, **kwargs)
  File "C:\Proyectos\Bitacora E.E\backend\buses\services\busae_service.py", line 220, in fetch_raw_data
    err_msg = str(exc)
shared.exceptions.BusaeIntegrationError: La respuesta de BUSAE no contiene datos.
{"timestamp": "2026-09-19T17:35:20-0500", "level": "INFO", "logger": "buses.tasks", "line": 35, "message": "[TASK_BUSAE] Ciclo completado: {'status': 'degraded', 'error': 'La respuesta de BUSAE no contiene datos.', 'cached_items': 0, 'fallback_applied': False}"}
{"timestamp": "2026-09-19T17:35:34-0500", "level": "INFO", "logger": "apscheduler.scheduler", "line": 507, "message": "Adding job tentatively -- it will be properly scheduled when the scheduler starts"}
{"timestamp": "2026-09-19T17:35:34-0500", "level": "INFO", "logger": "apscheduler.scheduler", "line": 507, "message": "Adding job tentatively -- it will be properly scheduled when the scheduler starts"}
{"timestamp": "2026-09-19T17:35:34-0500", "level": "INFO", "logger": "apscheduler.scheduler", "line": 507, "message": "Adding job tentatively -- it will be properly scheduled when the scheduler starts"}
{"timestamp": "2026-09-19T17:35:34-0500", "level": "INFO", "logger": "apscheduler.scheduler", "line": 1092, "message": "Added job "Actualizar datos Genesis" to job store "default""}
{"timestamp": "2026-09-19T17:35:34-0500", "level": "INFO", "logger": "apscheduler.scheduler", "line": 507, "message": "Adding job tentatively -- it will be properly scheduled when the scheduler starts"}
{"timestamp": "2026-09-19T17:35:34-0500", "level": "INFO", "logger": "apscheduler.scheduler", "line": 214, "message": "Scheduler started"}
{"timestamp": "2026-09-19T17:35:34-0500", "level": "INFO", "logger": "apscheduler.scheduler", "line": 1092, "message": "Added job "Actualizar datos Genesis" to job store "default""}
{"timestamp": "2026-09-19T17:35:34-0500", "level": "INFO", "logger": "poller.scheduler", "line": 56, "message": "Scheduler iniciado — ciclos cada 5 min (Genesis + BUSAE)"}
{"timestamp": "2026-09-19T17:35:34-0500", "level": "INFO", "logger": "apscheduler.scheduler", "line": 1092, "message": "Added job "Ciclo inicial Genesis + BUSAE" to job store "default""}
{"timestamp": "2026-09-19T17:35:34-0500", "level": "INFO", "logger": "apscheduler.scheduler", "line": 1092, "message": "Added job "Actualizar estado GPS (BUSAE)" to job store "default""}
{"timestamp": "2026-09-19T17:35:34-0500", "level": "INFO", "logger": "apscheduler.scheduler", "line": 214, "message": "Scheduler started"}
{"timestamp": "2026-09-19T17:35:34-0500", "level": "INFO", "logger": "poller.scheduler", "line": 56, "message": "Scheduler iniciado — ciclos cada 5 min (Genesis + BUSAE)"}
{"timestamp": "2026-09-19T17:35:34-0500", "level": "INFO", "logger": "apscheduler.scheduler", "line": 1092, "message": "Added job "Ciclo inicial Genesis + BUSAE" to job store "default""}
{"timestamp": "2026-09-19T17:35:46-0500", "level": "INFO", "logger": "apscheduler.executors.default", "line": 129, "message": "Running job "Ciclo inicial Genesis + BUSAE (trigger: date[2026-09-19 22:35:46 UTC], next run at: 2026-09-19 22:35:46 UTC)" (scheduled at 2026-09-19 22:35:46.279885+00:00)"}
{"timestamp": "2026-09-19T17:35:46-0500", "level": "INFO", "logger": "poller.scheduler", "line": 87, "message": "Ejecutando ciclo (Genesis → BUSAE)..."}
{"timestamp": "2026-09-19T17:35:46-0500", "level": "INFO", "logger": "poller.genesis", "line": 202, "message": "Genesis — iniciando ciclo de extracción..."}
{"timestamp": "2026-09-19T17:35:46-0500", "level": "INFO", "logger": "apscheduler.scheduler", "line": 728, "message": "Removed job poller_bootstrap"}
{"timestamp": "2026-09-19T17:35:46-0500", "level": "INFO", "logger": "apscheduler.executors.default", "line": 129, "message": "Running job "Ciclo inicial Genesis + BUSAE (trigger: date[2026-09-19 22:35:46 UTC], next run at: 2026-09-19 22:35:46 UTC)" (scheduled at 2026-09-19 22:35:46.292785+00:00)"}
{"timestamp": "2026-09-19T17:35:46-0500", "level": "INFO", "logger": "apscheduler.scheduler", "line": 728, "message": "Removed job poller_bootstrap"}
{"timestamp": "2026-09-19T17:35:46-0500", "level": "INFO", "logger": "poller.scheduler", "line": 87, "message": "Ejecutando ciclo (Genesis → BUSAE)..."}
{"timestamp": "2026-09-19T17:35:46-0500", "level": "INFO", "logger": "poller.genesis", "line": 202, "message": "Genesis — iniciando ciclo de extracción..."}
{"timestamp": "2026-09-19T17:35:46-0500", "level": "INFO", "logger": "poller.genesis", "line": 57, "message": "Login Genesis exitoso"}
{"timestamp": "2026-09-19T17:35:46-0500", "level": "INFO", "logger": "poller.genesis", "line": 57, "message": "Login Genesis exitoso"}
{"timestamp": "2026-09-19T17:35:46-0500", "level": "INFO", "logger": "poller.genesis", "line": 83, "message": "Genesis monitoreo: 1465 registros"}
{"timestamp": "2026-09-19T17:35:46-0500", "level": "INFO", "logger": "poller.genesis", "line": 83, "message": "Genesis monitoreo: 1465 registros"}
{"timestamp": "2026-09-19T17:36:02-0500", "level": "INFO", "logger": "poller.utils", "line": 125, "message": "Cruce Genesis actualizado en 134 reportes pendientes"}
{"timestamp": "2026-09-19T17:36:02-0500", "level": "INFO", "logger": "poller.genesis", "line": 218, "message": "Genesis — 1465 buses actualizados en BD"}
{"timestamp": "2026-09-19T17:36:02-0500", "level": "INFO", "logger": "poller.busae", "line": 126, "message": "BUSAE — ciclo 1"}
{"timestamp": "2026-09-19T17:36:03-0500", "level": "ERROR", "logger": "poller.busae", "line": 154, "message": "Login BUSAE HTTP fallido — sigue en página de login"}
{"timestamp": "2026-09-19T17:36:03-0500", "level": "INFO", "logger": "poller.busae", "line": 243, "message": "BUSAE — extrayendo con Playwright..."}
{"timestamp": "2026-09-19T17:36:21-0500", "level": "INFO", "logger": "poller.genesis", "line": 218, "message": "Genesis — 1465 buses actualizados en BD"}
{"timestamp": "2026-09-19T17:36:21-0500", "level": "INFO", "logger": "poller.busae", "line": 126, "message": "BUSAE — ciclo 1"}
{"timestamp": "2026-09-19T17:36:22-0500", "level": "ERROR", "logger": "poller.busae", "line": 154, "message": "Login BUSAE HTTP fallido — sigue en página de login"}
{"timestamp": "2026-09-19T17:36:22-0500", "level": "INFO", "logger": "poller.busae", "line": 243, "message": "BUSAE — extrayendo con Playwright..."}
{"timestamp": "2026-09-19T17:36:28-0500", "level": "INFO", "logger": "apscheduler.scheduler", "line": 507, "message": "Adding job tentatively -- it will be properly scheduled when the scheduler starts"}
{"timestamp": "2026-09-19T17:36:28-0500", "level": "INFO", "logger": "apscheduler.scheduler", "line": 507, "message": "Adding job tentatively -- it will be properly scheduled when the scheduler starts"}
{"timestamp": "2026-09-19T17:36:28-0500", "level": "INFO", "logger": "apscheduler.scheduler", "line": 1092, "message": "Added job "Actualizar datos Genesis" to job store "default""}
{"timestamp": "2026-09-19T17:36:28-0500", "level": "INFO", "logger": "apscheduler.scheduler", "line": 1092, "message": "Added job "Actualizar estado GPS (BUSAE)" to job store "default""}
{"timestamp": "2026-09-19T17:36:28-0500", "level": "INFO", "logger": "apscheduler.scheduler", "line": 214, "message": "Scheduler started"}
{"timestamp": "2026-09-19T17:36:28-0500", "level": "INFO", "logger": "poller.scheduler", "line": 56, "message": "Scheduler iniciado — ciclos cada 5 min (Genesis + BUSAE)"}
{"timestamp": "2026-09-19T17:36:28-0500", "level": "INFO", "logger": "apscheduler.scheduler", "line": 1092, "message": "Added job "Ciclo inicial Genesis + BUSAE" to job store "default""}
{"timestamp": "2026-09-19T17:36:54-0500", "level": "INFO", "logger": "poller.busae", "line": 132, "message": "BUSAE — 1183 buses guardados en BD"}
{"timestamp": "2026-09-19T17:36:54-0500", "level": "INFO", "logger": "poller.scheduler", "line": 90, "message": "Ciclo completado"}
{"timestamp": "2026-09-19T17:36:54-0500", "level": "INFO", "logger": "apscheduler.executors.default", "line": 156, "message": "Job "Ciclo inicial Genesis + BUSAE (trigger: date[2026-09-19 22:35:46 UTC], next run at: 2026-09-19 22:35:46 UTC)" executed successfully"}
{"timestamp": "2026-09-19T17:37:18-0500", "level": "INFO", "logger": "poller.busae", "line": 132, "message": "BUSAE — 1183 buses guardados en BD"}
{"timestamp": "2026-09-19T17:37:18-0500", "level": "INFO", "logger": "poller.scheduler", "line": 90, "message": "Ciclo completado"}
{"timestamp": "2026-09-19T17:37:18-0500", "level": "INFO", "logger": "apscheduler.executors.default", "line": 156, "message": "Job "Ciclo inicial Genesis + BUSAE (trigger: date[2026-09-19 22:35:46 UTC], next run at: 2026-09-19 22:35:46 UTC)" executed successfully"}
{"timestamp": "2026-09-19T17:40:00-0500", "level": "INFO", "logger": "buses.tasks", "line": 31, "message": "[TASK_BUSAE] Iniciando ciclo de sincronización GPS BUSAE..."}
{"timestamp": "2026-09-19T17:40:00-0500", "level": "WARNING", "logger": "buses.services.busae", "line": 328, "message": "[BUSAE] Circuit Breaker abierto: Circuito abierto para 'busae_fetch'. Se reintentará en 300s.. Aplicando fallback de caché."}
{"timestamp": "2026-09-19T17:40:00-0500", "level": "INFO", "logger": "buses.tasks", "line": 35, "message": "[TASK_BUSAE] Ciclo completado: {'status': 'circuit_open', 'message': "Circuito abierto para 'busae_fetch'. Se reintentará en 300s.", 'cached_items': 0, 'fallback_applied': True}"}
{"timestamp": "2026-09-19T17:40:02-0500", "level": "INFO", "logger": "apscheduler.scheduler", "line": 507, "message": "Adding job tentatively -- it will be properly scheduled when the scheduler starts"}
{"timestamp": "2026-09-19T17:40:02-0500", "level": "INFO", "logger": "apscheduler.scheduler", "line": 507, "message": "Adding job tentatively -- it will be properly scheduled when the scheduler starts"}
{"timestamp": "2026-09-19T17:40:02-0500", "level": "INFO", "logger": "apscheduler.scheduler", "line": 507, "message": "Adding job tentatively -- it will be properly scheduled when the scheduler starts"}
{"timestamp": "2026-09-19T17:40:02-0500", "level": "INFO", "logger": "apscheduler.scheduler", "line": 1092, "message": "Added job "Actualizar datos Genesis" to job store "default""}
{"timestamp": "2026-09-19T17:40:02-0500", "level": "INFO", "logger": "apscheduler.scheduler", "line": 1092, "message": "Added job "Actualizar estado GPS (BUSAE)" to job store "default""}
{"timestamp": "2026-09-19T17:40:02-0500", "level": "INFO", "logger": "apscheduler.scheduler", "line": 507, "message": "Adding job tentatively -- it will be properly scheduled when the scheduler starts"}
{"timestamp": "2026-09-19T17:40:02-0500", "level": "INFO", "logger": "apscheduler.scheduler", "line": 214, "message": "Scheduler started"}
{"timestamp": "2026-09-19T17:40:02-0500", "level": "INFO", "logger": "apscheduler.scheduler", "line": 1092, "message": "Added job "Actualizar datos Genesis" to job store "default""}
{"timestamp": "2026-09-19T17:40:02-0500", "level": "INFO", "logger": "apscheduler.scheduler", "line": 1092, "message": "Added job "Actualizar estado GPS (BUSAE)" to job store "default""}
{"timestamp": "2026-09-19T17:40:02-0500", "level": "INFO", "logger": "poller.scheduler", "line": 56, "message": "Scheduler iniciado — ciclos cada 5 min (Genesis + BUSAE)"}
{"timestamp": "2026-09-19T17:40:02-0500", "level": "INFO", "logger": "apscheduler.scheduler", "line": 214, "message": "Scheduler started"}
{"timestamp": "2026-09-19T17:40:02-0500", "level": "INFO", "logger": "apscheduler.scheduler", "line": 1092, "message": "Added job "Ciclo inicial Genesis + BUSAE" to job store "default""}
{"timestamp": "2026-09-19T17:40:02-0500", "level": "INFO", "logger": "poller.scheduler", "line": 56, "message": "Scheduler iniciado — ciclos cada 5 min (Genesis + BUSAE)"}
{"timestamp": "2026-09-19T17:40:02-0500", "level": "INFO", "logger": "apscheduler.scheduler", "line": 1092, "message": "Added job "Ciclo inicial Genesis + BUSAE" to job store "default""}
{"timestamp": "2026-09-19T17:40:14-0500", "level": "INFO", "logger": "apscheduler.executors.default", "line": 129, "message": "Running job "Ciclo inicial Genesis + BUSAE (trigger: date[2026-09-19 22:40:14 UTC], next run at: 2026-09-19 22:40:14 UTC)" (scheduled at 2026-09-19 22:40:14.850808+00:00)"}
{"timestamp": "2026-09-19T17:40:14-0500", "level": "INFO", "logger": "apscheduler.scheduler", "line": 728, "message": "Removed job poller_bootstrap"}
{"timestamp": "2026-09-19T17:40:14-0500", "level": "INFO", "logger": "poller.scheduler", "line": 87, "message": "Ejecutando ciclo (Genesis → BUSAE)..."}
{"timestamp": "2026-09-19T17:40:14-0500", "level": "INFO", "logger": "poller.genesis", "line": 202, "message": "Genesis — iniciando ciclo de extracción..."}
{"timestamp": "2026-09-19T17:40:14-0500", "level": "INFO", "logger": "apscheduler.executors.default", "line": 129, "message": "Running job "Ciclo inicial Genesis + BUSAE (trigger: date[2026-09-19 22:40:14 UTC], next run at: 2026-09-19 22:40:14 UTC)" (scheduled at 2026-09-19 22:40:14.859827+00:00)"}
{"timestamp": "2026-09-19T17:40:14-0500", "level": "INFO", "logger": "apscheduler.scheduler", "line": 728, "message": "Removed job poller_bootstrap"}
{"timestamp": "2026-09-19T17:40:14-0500", "level": "INFO", "logger": "poller.scheduler", "line": 87, "message": "Ejecutando ciclo (Genesis → BUSAE)..."}
{"timestamp": "2026-09-19T17:40:14-0500", "level": "INFO", "logger": "poller.genesis", "line": 202, "message": "Genesis — iniciando ciclo de extracción..."}
{"timestamp": "2026-09-19T17:40:15-0500", "level": "INFO", "logger": "poller.genesis", "line": 57, "message": "Login Genesis exitoso"}
{"timestamp": "2026-09-19T17:40:15-0500", "level": "INFO", "logger": "poller.genesis", "line": 57, "message": "Login Genesis exitoso"}
{"timestamp": "2026-09-19T17:40:15-0500", "level": "INFO", "logger": "poller.genesis", "line": 83, "message": "Genesis monitoreo: 1465 registros"}
{"timestamp": "2026-09-19T17:40:15-0500", "level": "INFO", "logger": "poller.genesis", "line": 83, "message": "Genesis monitoreo: 1465 registros"}
{"timestamp": "2026-09-19T17:40:37-0500", "level": "INFO", "logger": "poller.utils", "line": 125, "message": "Cruce Genesis actualizado en 652 reportes pendientes"}
{"timestamp": "2026-09-19T17:40:37-0500", "level": "INFO", "logger": "poller.genesis", "line": 218, "message": "Genesis — 1465 buses actualizados en BD"}
{"timestamp": "2026-09-19T17:40:37-0500", "level": "INFO", "logger": "poller.busae", "line": 126, "message": "BUSAE — ciclo 1"}
{"timestamp": "2026-09-19T17:40:38-0500", "level": "ERROR", "logger": "poller.busae", "line": 154, "message": "Login BUSAE HTTP fallido — sigue en página de login"}
{"timestamp": "2026-09-19T17:40:38-0500", "level": "INFO", "logger": "poller.busae", "line": 243, "message": "BUSAE — extrayendo con Playwright..."}
{"timestamp": "2026-09-19T17:40:51-0500", "level": "INFO", "logger": "poller.genesis", "line": 218, "message": "Genesis — 1465 buses actualizados en BD"}
{"timestamp": "2026-09-19T17:40:51-0500", "level": "INFO", "logger": "poller.busae", "line": 126, "message": "BUSAE — ciclo 1"}
{"timestamp": "2026-09-19T17:40:52-0500", "level": "ERROR", "logger": "poller.busae", "line": 154, "message": "Login BUSAE HTTP fallido — sigue en página de login"}
{"timestamp": "2026-09-19T17:40:52-0500", "level": "INFO", "logger": "poller.busae", "line": 243, "message": "BUSAE — extrayendo con Playwright..."}
{"timestamp": "2026-09-19T17:41:17-0500", "level": "INFO", "logger": "poller.busae", "line": 132, "message": "BUSAE — 1183 buses guardados en BD"}
{"timestamp": "2026-09-19T17:41:17-0500", "level": "INFO", "logger": "poller.scheduler", "line": 90, "message": "Ciclo completado"}
{"timestamp": "2026-09-19T17:41:17-0500", "level": "INFO", "logger": "apscheduler.executors.default", "line": 156, "message": "Job "Ciclo inicial Genesis + BUSAE (trigger: date[2026-09-19 22:40:14 UTC], next run at: 2026-09-19 22:40:14 UTC)" executed successfully"}
{"timestamp": "2026-09-19T17:41:40-0500", "level": "INFO", "logger": "poller.busae", "line": 132, "message": "BUSAE — 1183 buses guardados en BD"}
{"timestamp": "2026-09-19T17:41:40-0500", "level": "INFO", "logger": "poller.scheduler", "line": 90, "message": "Ciclo completado"}
{"timestamp": "2026-09-19T17:41:40-0500", "level": "INFO", "logger": "apscheduler.executors.default", "line": 156, "message": "Job "Ciclo inicial Genesis + BUSAE (trigger: date[2026-09-19 22:40:14 UTC], next run at: 2026-09-19 22:40:14 UTC)" executed successfully"}
{"timestamp": "2026-09-19T17:45:00-0500", "level": "INFO", "logger": "buses.tasks", "line": 67, "message": "[TASK_GENESIS] Iniciando sincronización de datos Génesis..."}
{"timestamp": "2026-09-19T17:45:00-0500", "level": "INFO", "logger": "buses.services.genesis", "line": 129, "message": "[GENESIS] Obtenidos 1465 registros frescos desde API."}
{"timestamp": "2026-09-19T17:45:08-0500", "level": "INFO", "logger": "buses.tasks", "line": 71, "message": "[TASK_GENESIS] Ciclo completado: {'status': 'success', 'fetched': 1465, 'saved_or_updated': 21, 'timestamp': '2026-09-19T22:45:08.129525+00:00'}"}
{"timestamp": "2026-09-19T17:45:08-0500", "level": "INFO", "logger": "buses.tasks", "line": 31, "message": "[TASK_BUSAE] Iniciando ciclo de sincronización GPS BUSAE..."}
{"timestamp": "2026-09-19T17:45:08-0500", "level": "INFO", "logger": "buses.services.busae", "line": 216, "message": "[BUSAE] Ejecutando extracción headless mediante Playwright..."}
{"timestamp": "2026-09-19T17:45:16-0500", "level": "INFO", "logger": "buses.services.busae", "line": 216, "message": "[BUSAE] Ejecutando extracción headless mediante Playwright..."}
{"timestamp": "2026-09-19T17:45:24-0500", "level": "INFO", "logger": "buses.services.busae", "line": 216, "message": "[BUSAE] Ejecutando extracción headless mediante Playwright..."}
{"timestamp": "2026-09-19T17:45:27-0500", "level": "ERROR", "logger": "buses.services.busae", "line": 339, "message": "[BUSAE] Error durante ciclo de sincronización: La respuesta de BUSAE no contiene datos."}
Traceback (most recent call last):
  File "C:\Proyectos\Bitacora E.E\backend\buses\services\busae_service.py", line 317, in sync
  File "C:\Proyectos\Bitacora E.E\backend\shared\decorators.py", line 115, in wrapper
    result = func(*args, **kwargs)
  File "C:\Proyectos\Bitacora E.E\backend\shared\decorators.py", line 27, in wrapper
    return func(*args, **kwargs)
  File "C:\Proyectos\Bitacora E.E\backend\buses\services\busae_service.py", line 220, in fetch_raw_data
    return {
shared.exceptions.BusaeIntegrationError: La respuesta de BUSAE no contiene datos.
{"timestamp": "2026-09-19T17:45:27-0500", "level": "INFO", "logger": "buses.tasks", "line": 35, "message": "[TASK_BUSAE] Ciclo completado: {'status': 'degraded', 'error': 'La respuesta de BUSAE no contiene datos.', 'cached_items': 0, 'fallback_applied': False}"}
{"timestamp": "2026-09-19T17:50:00-0500", "level": "INFO", "logger": "buses.tasks", "line": 31, "message": "[TASK_BUSAE] Iniciando ciclo de sincronización GPS BUSAE..."}
{"timestamp": "2026-09-19T17:50:01-0500", "level": "WARNING", "logger": "buses.services.busae", "line": 328, "message": "[BUSAE] Circuit Breaker abierto: Circuito abierto para 'busae_fetch'. Se reintentará en 300s.. Aplicando fallback de caché."}
{"timestamp": "2026-09-19T17:50:01-0500", "level": "INFO", "logger": "buses.tasks", "line": 35, "message": "[TASK_BUSAE] Ciclo completado: {'status': 'circuit_open', 'message': "Circuito abierto para 'busae_fetch'. Se reintentará en 300s.", 'cached_items': 0, 'fallback_applied': True}"}
{"timestamp": "2026-09-19T17:50:41-0500", "level": "INFO", "logger": "apscheduler.scheduler", "line": 507, "message": "Adding job tentatively -- it will be properly scheduled when the scheduler starts"}
{"timestamp": "2026-09-19T17:50:41-0500", "level": "INFO", "logger": "apscheduler.scheduler", "line": 507, "message": "Adding job tentatively -- it will be properly scheduled when the scheduler starts"}
{"timestamp": "2026-09-19T17:50:41-0500", "level": "INFO", "logger": "apscheduler.scheduler", "line": 1092, "message": "Added job "Actualizar datos Genesis" to job store "default""}
{"timestamp": "2026-09-19T17:50:41-0500", "level": "INFO", "logger": "apscheduler.scheduler", "line": 1092, "message": "Added job "Actualizar estado GPS (BUSAE)" to job store "default""}
{"timestamp": "2026-09-19T17:50:41-0500", "level": "INFO", "logger": "apscheduler.scheduler", "line": 214, "message": "Scheduler started"}
{"timestamp": "2026-09-19T17:50:41-0500", "level": "INFO", "logger": "apscheduler.scheduler", "line": 507, "message": "Adding job tentatively -- it will be properly scheduled when the scheduler starts"}
{"timestamp": "2026-09-19T17:50:41-0500", "level": "INFO", "logger": "poller.scheduler", "line": 56, "message": "Scheduler iniciado — ciclos cada 5 min (Genesis + BUSAE)"}
{"timestamp": "2026-09-19T17:50:41-0500", "level": "INFO", "logger": "apscheduler.scheduler", "line": 507, "message": "Adding job tentatively -- it will be properly scheduled when the scheduler starts"}
{"timestamp": "2026-09-19T17:50:41-0500", "level": "INFO", "logger": "apscheduler.scheduler", "line": 1092, "message": "Added job "Ciclo inicial Genesis + BUSAE" to job store "default""}
{"timestamp": "2026-09-19T17:50:41-0500", "level": "INFO", "logger": "apscheduler.scheduler", "line": 1092, "message": "Added job "Actualizar datos Genesis" to job store "default""}
{"timestamp": "2026-09-19T17:50:41-0500", "level": "INFO", "logger": "apscheduler.scheduler", "line": 1092, "message": "Added job "Actualizar estado GPS (BUSAE)" to job store "default""}
{"timestamp": "2026-09-19T17:50:41-0500", "level": "INFO", "logger": "apscheduler.scheduler", "line": 214, "message": "Scheduler started"}
{"timestamp": "2026-09-19T17:50:41-0500", "level": "INFO", "logger": "poller.scheduler", "line": 56, "message": "Scheduler iniciado — ciclos cada 5 min (Genesis + BUSAE)"}
{"timestamp": "2026-09-19T17:50:41-0500", "level": "INFO", "logger": "apscheduler.scheduler", "line": 1092, "message": "Added job "Ciclo inicial Genesis + BUSAE" to job store "default""}
{"timestamp": "2026-09-19T17:50:53-0500", "level": "INFO", "logger": "apscheduler.executors.default", "line": 129, "message": "Running job "Ciclo inicial Genesis + BUSAE (trigger: date[2026-09-19 22:50:53 UTC], next run at: 2026-09-19 22:50:53 UTC)" (scheduled at 2026-09-19 22:50:53.652749+00:00)"}
{"timestamp": "2026-09-19T17:50:53-0500", "level": "INFO", "logger": "apscheduler.scheduler", "line": 728, "message": "Removed job poller_bootstrap"}
{"timestamp": "2026-09-19T17:50:53-0500", "level": "INFO", "logger": "poller.scheduler", "line": 87, "message": "Ejecutando ciclo (Genesis → BUSAE)..."}
{"timestamp": "2026-09-19T17:50:53-0500", "level": "INFO", "logger": "poller.genesis", "line": 202, "message": "Genesis — iniciando ciclo de extracción..."}
{"timestamp": "2026-09-19T17:50:53-0500", "level": "INFO", "logger": "apscheduler.executors.default", "line": 129, "message": "Running job "Ciclo inicial Genesis + BUSAE (trigger: date[2026-09-19 22:50:53 UTC], next run at: 2026-09-19 22:50:53 UTC)" (scheduled at 2026-09-19 22:50:53.680207+00:00)"}
{"timestamp": "2026-09-19T17:50:53-0500", "level": "INFO", "logger": "apscheduler.scheduler", "line": 728, "message": "Removed job poller_bootstrap"}
{"timestamp": "2026-09-19T17:50:53-0500", "level": "INFO", "logger": "poller.scheduler", "line": 87, "message": "Ejecutando ciclo (Genesis → BUSAE)..."}
{"timestamp": "2026-09-19T17:50:54-0500", "level": "INFO", "logger": "poller.genesis", "line": 202, "message": "Genesis — iniciando ciclo de extracción..."}
{"timestamp": "2026-09-19T17:50:57-0500", "level": "INFO", "logger": "poller.genesis", "line": 57, "message": "Login Genesis exitoso"}
{"timestamp": "2026-09-19T17:50:57-0500", "level": "INFO", "logger": "poller.genesis", "line": 83, "message": "Genesis monitoreo: 1465 registros"}
{"timestamp": "2026-09-19T17:50:59-0500", "level": "INFO", "logger": "poller.genesis", "line": 57, "message": "Login Genesis exitoso"}
{"timestamp": "2026-09-19T17:51:00-0500", "level": "INFO", "logger": "poller.genesis", "line": 83, "message": "Genesis monitoreo: 1465 registros"}
{"timestamp": "2026-09-19T17:51:52-0500", "level": "INFO", "logger": "poller.utils", "line": 125, "message": "Cruce Genesis actualizado en 708 reportes pendientes"}
{"timestamp": "2026-09-19T17:51:52-0500", "level": "INFO", "logger": "poller.genesis", "line": 218, "message": "Genesis — 1465 buses actualizados en BD"}
{"timestamp": "2026-09-19T17:51:52-0500", "level": "INFO", "logger": "poller.busae", "line": 126, "message": "BUSAE — ciclo 1"}
{"timestamp": "2026-09-19T17:51:53-0500", "level": "ERROR", "logger": "poller.busae", "line": 154, "message": "Login BUSAE HTTP fallido — sigue en página de login"}
{"timestamp": "2026-09-19T17:51:53-0500", "level": "INFO", "logger": "poller.busae", "line": 243, "message": "BUSAE — extrayendo con Playwright..."}
{"timestamp": "2026-09-19T17:52:26-0500", "level": "INFO", "logger": "poller.utils", "line": 125, "message": "Cruce Genesis actualizado en 674 reportes pendientes"}
{"timestamp": "2026-09-19T17:52:26-0500", "level": "INFO", "logger": "poller.genesis", "line": 218, "message": "Genesis — 1465 buses actualizados en BD"}
{"timestamp": "2026-09-19T17:52:26-0500", "level": "INFO", "logger": "poller.busae", "line": 126, "message": "BUSAE — ciclo 1"}
{"timestamp": "2026-09-19T17:52:26-0500", "level": "ERROR", "logger": "poller.busae", "line": 154, "message": "Login BUSAE HTTP fallido — sigue en página de login"}
{"timestamp": "2026-09-19T17:52:26-0500", "level": "INFO", "logger": "poller.busae", "line": 243, "message": "BUSAE — extrayendo con Playwright..."}
{"timestamp": "2026-09-19T17:53:26-0500", "level": "INFO", "logger": "poller.busae", "line": 132, "message": "BUSAE — 1183 buses guardados en BD"}
{"timestamp": "2026-09-19T17:53:26-0500", "level": "INFO", "logger": "poller.scheduler", "line": 90, "message": "Ciclo completado"}
{"timestamp": "2026-09-19T17:53:26-0500", "level": "INFO", "logger": "apscheduler.executors.default", "line": 156, "message": "Job "Ciclo inicial Genesis + BUSAE (trigger: date[2026-09-19 22:50:53 UTC], next run at: 2026-09-19 22:50:53 UTC)" executed successfully"}
{"timestamp": "2026-09-19T17:54:37-0500", "level": "INFO", "logger": "poller.busae", "line": 132, "message": "BUSAE — 1183 buses guardados en BD"}
{"timestamp": "2026-09-19T17:54:37-0500", "level": "INFO", "logger": "poller.scheduler", "line": 90, "message": "Ciclo completado"}
{"timestamp": "2026-09-19T17:54:37-0500", "level": "INFO", "logger": "apscheduler.executors.default", "line": 156, "message": "Job "Ciclo inicial Genesis + BUSAE (trigger: date[2026-09-19 22:50:53 UTC], next run at: 2026-09-19 22:50:53 UTC)" executed successfully"}
{"timestamp": "2026-09-19T17:55:00-0500", "level": "INFO", "logger": "buses.tasks", "line": 31, "message": "[TASK_BUSAE] Iniciando ciclo de sincronización GPS BUSAE..."}
{"timestamp": "2026-09-19T17:55:00-0500", "level": "INFO", "logger": "buses.services.busae", "line": 216, "message": "[BUSAE] Ejecutando extracción headless mediante Playwright..."}
{"timestamp": "2026-09-19T17:55:13-0500", "level": "INFO", "logger": "buses.services.busae", "line": 216, "message": "[BUSAE] Ejecutando extracción headless mediante Playwright..."}
{"timestamp": "2026-09-19T17:55:30-0500", "level": "INFO", "logger": "buses.services.busae", "line": 216, "message": "[BUSAE] Ejecutando extracción headless mediante Playwright..."}
{"timestamp": "2026-09-19T17:55:50-0500", "level": "ERROR", "logger": "buses.services.busae", "line": 339, "message": "[BUSAE] Error durante ciclo de sincronización: La respuesta de BUSAE no contiene datos."}
Traceback (most recent call last):
  File "C:\Proyectos\Bitacora E.E\backend\buses\services\busae_service.py", line 317, in sync
  File "C:\Proyectos\Bitacora E.E\backend\shared\decorators.py", line 115, in wrapper
    result = func(*args, **kwargs)
  File "C:\Proyectos\Bitacora E.E\backend\shared\decorators.py", line 27, in wrapper
    return func(*args, **kwargs)
  File "C:\Proyectos\Bitacora E.E\backend\buses\services\busae_service.py", line 220, in fetch_raw_data
    return {
shared.exceptions.BusaeIntegrationError: La respuesta de BUSAE no contiene datos.
{"timestamp": "2026-09-19T17:55:50-0500", "level": "INFO", "logger": "buses.tasks", "line": 35, "message": "[TASK_BUSAE] Ciclo completado: {'status': 'degraded', 'error': 'La respuesta de BUSAE no contiene datos.', 'cached_items': 0, 'fallback_applied': False}"}
{"timestamp": "2026-09-19T18:00:00-0500", "level": "INFO", "logger": "buses.tasks", "line": 31, "message": "[TASK_BUSAE] Iniciando ciclo de sincronización GPS BUSAE..."}
{"timestamp": "2026-09-19T18:00:00-0500", "level": "WARNING", "logger": "buses.services.busae", "line": 328, "message": "[BUSAE] Circuit Breaker abierto: Circuito abierto para 'busae_fetch'. Se reintentará en 300s.. Aplicando fallback de caché."}
{"timestamp": "2026-09-19T18:00:00-0500", "level": "INFO", "logger": "buses.tasks", "line": 35, "message": "[TASK_BUSAE] Ciclo completado: {'status': 'circuit_open', 'message': "Circuito abierto para 'busae_fetch'. Se reintentará en 300s.", 'cached_items': 0, 'fallback_applied': True}"}
{"timestamp": "2026-09-19T18:00:00-0500", "level": "INFO", "logger": "buses.tasks", "line": 67, "message": "[TASK_GENESIS] Iniciando sincronización de datos Génesis..."}
{"timestamp": "2026-09-19T18:00:00-0500", "level": "INFO", "logger": "buses.services.genesis", "line": 107, "message": "[GENESIS] Usando datos de caché Redis (TTL 1h)."}
{"timestamp": "2026-09-19T18:00:07-0500", "level": "INFO", "logger": "buses.tasks", "line": 71, "message": "[TASK_GENESIS] Ciclo completado: {'status': 'success', 'fetched': 1465, 'saved_or_updated': 41, 'timestamp': '2026-09-19T23:00:07.708888+00:00'}"}
{"timestamp": "2026-09-19T18:05:00-0500", "level": "INFO", "logger": "buses.tasks", "line": 31, "message": "[TASK_BUSAE] Iniciando ciclo de sincronización GPS BUSAE..."}
{"timestamp": "2026-09-19T18:05:00-0500", "level": "INFO", "logger": "buses.services.busae", "line": 216, "message": "[BUSAE] Ejecutando extracción headless mediante Playwright..."}
{"timestamp": "2026-09-19T18:05:10-0500", "level": "INFO", "logger": "buses.services.busae", "line": 216, "message": "[BUSAE] Ejecutando extracción headless mediante Playwright..."}
{"timestamp": "2026-09-19T18:05:18-0500", "level": "INFO", "logger": "buses.services.busae", "line": 216, "message": "[BUSAE] Ejecutando extracción headless mediante Playwright..."}
{"timestamp": "2026-09-19T18:05:22-0500", "level": "ERROR", "logger": "buses.services.busae", "line": 339, "message": "[BUSAE] Error durante ciclo de sincronización: La respuesta de BUSAE no contiene datos."}
Traceback (most recent call last):
  File "C:\Proyectos\Bitacora E.E\backend\buses\services\busae_service.py", line 317, in sync
  File "C:\Proyectos\Bitacora E.E\backend\shared\decorators.py", line 115, in wrapper
    result = func(*args, **kwargs)
  File "C:\Proyectos\Bitacora E.E\backend\shared\decorators.py", line 27, in wrapper
    return func(*args, **kwargs)
  File "C:\Proyectos\Bitacora E.E\backend\buses\services\busae_service.py", line 220, in fetch_raw_data
    return {
shared.exceptions.BusaeIntegrationError: La respuesta de BUSAE no contiene datos.
{"timestamp": "2026-09-19T18:05:22-0500", "level": "INFO", "logger": "buses.tasks", "line": 35, "message": "[TASK_BUSAE] Ciclo completado: {'status': 'degraded', 'error': 'La respuesta de BUSAE no contiene datos.', 'cached_items': 0, 'fallback_applied': False}"}
{"timestamp": "2026-09-19T18:10:00-0500", "level": "INFO", "logger": "buses.tasks", "line": 31, "message": "[TASK_BUSAE] Iniciando ciclo de sincronización GPS BUSAE..."}
{"timestamp": "2026-09-19T18:10:00-0500", "level": "WARNING", "logger": "buses.services.busae", "line": 328, "message": "[BUSAE] Circuit Breaker abierto: Circuito abierto para 'busae_fetch'. Se reintentará en 300s.. Aplicando fallback de caché."}
{"timestamp": "2026-09-19T18:10:00-0500", "level": "INFO", "logger": "buses.tasks", "line": 35, "message": "[TASK_BUSAE] Ciclo completado: {'status': 'circuit_open', 'message': "Circuito abierto para 'busae_fetch'. Se reintentará en 300s.", 'cached_items': 0, 'fallback_applied': True}"}
{"timestamp": "2026-09-19T18:15:00-0500", "level": "INFO", "logger": "buses.tasks", "line": 31, "message": "[TASK_BUSAE] Iniciando ciclo de sincronización GPS BUSAE..."}
{"timestamp": "2026-09-19T18:15:00-0500", "level": "INFO", "logger": "buses.services.busae", "line": 216, "message": "[BUSAE] Ejecutando extracción headless mediante Playwright..."}
{"timestamp": "2026-09-19T18:15:09-0500", "level": "INFO", "logger": "buses.services.busae", "line": 216, "message": "[BUSAE] Ejecutando extracción headless mediante Playwright..."}
{"timestamp": "2026-09-19T18:15:17-0500", "level": "INFO", "logger": "buses.services.busae", "line": 216, "message": "[BUSAE] Ejecutando extracción headless mediante Playwright..."}
{"timestamp": "2026-09-19T18:15:21-0500", "level": "ERROR", "logger": "buses.services.busae", "line": 339, "message": "[BUSAE] Error durante ciclo de sincronización: La respuesta de BUSAE no contiene datos."}
Traceback (most recent call last):
  File "C:\Proyectos\Bitacora E.E\backend\buses\services\busae_service.py", line 317, in sync
  File "C:\Proyectos\Bitacora E.E\backend\shared\decorators.py", line 115, in wrapper
    result = func(*args, **kwargs)
  File "C:\Proyectos\Bitacora E.E\backend\shared\decorators.py", line 27, in wrapper
    return func(*args, **kwargs)
  File "C:\Proyectos\Bitacora E.E\backend\buses\services\busae_service.py", line 220, in fetch_raw_data
    return {
shared.exceptions.BusaeIntegrationError: La respuesta de BUSAE no contiene datos.
{"timestamp": "2026-09-19T18:15:21-0500", "level": "INFO", "logger": "buses.tasks", "line": 35, "message": "[TASK_BUSAE] Ciclo completado: {'status': 'degraded', 'error': 'La respuesta de BUSAE no contiene datos.', 'cached_items': 0, 'fallback_applied': False}"}
{"timestamp": "2026-09-19T18:15:21-0500", "level": "INFO", "logger": "buses.tasks", "line": 67, "message": "[TASK_GENESIS] Iniciando sincronización de datos Génesis..."}
{"timestamp": "2026-09-19T18:15:21-0500", "level": "INFO", "logger": "buses.services.genesis", "line": 107, "message": "[GENESIS] Usando datos de caché Redis (TTL 1h)."}
{"timestamp": "2026-09-19T18:15:27-0500", "level": "INFO", "logger": "buses.tasks", "line": 71, "message": "[TASK_GENESIS] Ciclo completado: {'status': 'success', 'fetched': 1465, 'saved_or_updated': 0, 'timestamp': '2026-09-19T23:15:27.517727+00:00'}"}
{"timestamp": "2026-09-19T18:20:00-0500", "level": "INFO", "logger": "buses.tasks", "line": 31, "message": "[TASK_BUSAE] Iniciando ciclo de sincronización GPS BUSAE..."}
{"timestamp": "2026-09-19T18:20:00-0500", "level": "WARNING", "logger": "buses.services.busae", "line": 328, "message": "[BUSAE] Circuit Breaker abierto: Circuito abierto para 'busae_fetch'. Se reintentará en 300s.. Aplicando fallback de caché."}
{"timestamp": "2026-09-19T18:20:00-0500", "level": "INFO", "logger": "buses.tasks", "line": 35, "message": "[TASK_BUSAE] Ciclo completado: {'status': 'circuit_open', 'message': "Circuito abierto para 'busae_fetch'. Se reintentará en 300s.", 'cached_items': 0, 'fallback_applied': True}"}
{"timestamp": "2026-09-19T18:25:00-0500", "level": "INFO", "logger": "buses.tasks", "line": 31, "message": "[TASK_BUSAE] Iniciando ciclo de sincronización GPS BUSAE..."}
{"timestamp": "2026-09-19T18:25:00-0500", "level": "INFO", "logger": "buses.services.busae", "line": 216, "message": "[BUSAE] Ejecutando extracción headless mediante Playwright..."}
{"timestamp": "2026-09-19T18:25:09-0500", "level": "INFO", "logger": "buses.services.busae", "line": 216, "message": "[BUSAE] Ejecutando extracción headless mediante Playwright..."}
{"timestamp": "2026-09-19T18:25:17-0500", "level": "INFO", "logger": "buses.services.busae", "line": 216, "message": "[BUSAE] Ejecutando extracción headless mediante Playwright..."}
{"timestamp": "2026-09-19T18:25:21-0500", "level": "ERROR", "logger": "buses.services.busae", "line": 339, "message": "[BUSAE] Error durante ciclo de sincronización: La respuesta de BUSAE no contiene datos."}
Traceback (most recent call last):
  File "C:\Proyectos\Bitacora E.E\backend\buses\services\busae_service.py", line 317, in sync
  File "C:\Proyectos\Bitacora E.E\backend\shared\decorators.py", line 115, in wrapper
    result = func(*args, **kwargs)
  File "C:\Proyectos\Bitacora E.E\backend\shared\decorators.py", line 27, in wrapper
    return func(*args, **kwargs)
  File "C:\Proyectos\Bitacora E.E\backend\buses\services\busae_service.py", line 220, in fetch_raw_data
    return {
shared.exceptions.BusaeIntegrationError: La respuesta de BUSAE no contiene datos.
{"timestamp": "2026-09-19T18:25:21-0500", "level": "INFO", "logger": "buses.tasks", "line": 35, "message": "[TASK_BUSAE] Ciclo completado: {'status': 'degraded', 'error': 'La respuesta de BUSAE no contiene datos.', 'cached_items': 0, 'fallback_applied': False}"}
{"timestamp": "2026-09-19T18:30:00-0500", "level": "INFO", "logger": "buses.tasks", "line": 31, "message": "[TASK_BUSAE] Iniciando ciclo de sincronización GPS BUSAE..."}
{"timestamp": "2026-09-19T18:30:00-0500", "level": "WARNING", "logger": "buses.services.busae", "line": 328, "message": "[BUSAE] Circuit Breaker abierto: Circuito abierto para 'busae_fetch'. Se reintentará en 300s.. Aplicando fallback de caché."}
{"timestamp": "2026-09-19T18:30:00-0500", "level": "INFO", "logger": "buses.tasks", "line": 35, "message": "[TASK_BUSAE] Ciclo completado: {'status': 'circuit_open', 'message': "Circuito abierto para 'busae_fetch'. Se reintentará en 300s.", 'cached_items': 0, 'fallback_applied': True}"}
{"timestamp": "2026-09-19T18:30:00-0500", "level": "INFO", "logger": "buses.tasks", "line": 67, "message": "[TASK_GENESIS] Iniciando sincronización de datos Génesis..."}
{"timestamp": "2026-09-19T18:30:00-0500", "level": "INFO", "logger": "buses.services.genesis", "line": 107, "message": "[GENESIS] Usando datos de caché Redis (TTL 1h)."}
{"timestamp": "2026-09-19T18:30:07-0500", "level": "INFO", "logger": "buses.tasks", "line": 71, "message": "[TASK_GENESIS] Ciclo completado: {'status': 'success', 'fetched': 1465, 'saved_or_updated': 0, 'timestamp': '2026-09-19T23:30:07.094784+00:00'}"}
{"timestamp": "2026-09-19T18:35:00-0500", "level": "INFO", "logger": "buses.tasks", "line": 31, "message": "[TASK_BUSAE] Iniciando ciclo de sincronización GPS BUSAE..."}
{"timestamp": "2026-09-19T18:35:00-0500", "level": "INFO", "logger": "buses.services.busae", "line": 216, "message": "[BUSAE] Ejecutando extracción headless mediante Playwright..."}
{"timestamp": "2026-09-19T18:35:10-0500", "level": "INFO", "logger": "buses.services.busae", "line": 216, "message": "[BUSAE] Ejecutando extracción headless mediante Playwright..."}
{"timestamp": "2026-09-19T18:35:21-0500", "level": "INFO", "logger": "buses.services.busae", "line": 216, "message": "[BUSAE] Ejecutando extracción headless mediante Playwright..."}
{"timestamp": "2026-09-19T18:35:24-0500", "level": "ERROR", "logger": "buses.services.busae", "line": 339, "message": "[BUSAE] Error durante ciclo de sincronización: La respuesta de BUSAE no contiene datos."}
Traceback (most recent call last):
  File "C:\Proyectos\Bitacora E.E\backend\buses\services\busae_service.py", line 317, in sync
  File "C:\Proyectos\Bitacora E.E\backend\shared\decorators.py", line 115, in wrapper
    result = func(*args, **kwargs)
  File "C:\Proyectos\Bitacora E.E\backend\shared\decorators.py", line 27, in wrapper
    return func(*args, **kwargs)
  File "C:\Proyectos\Bitacora E.E\backend\buses\services\busae_service.py", line 220, in fetch_raw_data
    return {
shared.exceptions.BusaeIntegrationError: La respuesta de BUSAE no contiene datos.
{"timestamp": "2026-09-19T18:35:24-0500", "level": "INFO", "logger": "buses.tasks", "line": 35, "message": "[TASK_BUSAE] Ciclo completado: {'status': 'degraded', 'error': 'La respuesta de BUSAE no contiene datos.', 'cached_items': 0, 'fallback_applied': False}"}
{"timestamp": "2026-09-19T18:40:00-0500", "level": "INFO", "logger": "buses.tasks", "line": 31, "message": "[TASK_BUSAE] Iniciando ciclo de sincronización GPS BUSAE..."}
{"timestamp": "2026-09-19T18:40:00-0500", "level": "WARNING", "logger": "buses.services.busae", "line": 328, "message": "[BUSAE] Circuit Breaker abierto: Circuito abierto para 'busae_fetch'. Se reintentará en 300s.. Aplicando fallback de caché."}
{"timestamp": "2026-09-19T18:40:00-0500", "level": "INFO", "logger": "buses.tasks", "line": 35, "message": "[TASK_BUSAE] Ciclo completado: {'status': 'circuit_open', 'message': "Circuito abierto para 'busae_fetch'. Se reintentará en 300s.", 'cached_items': 0, 'fallback_applied': True}"}
{"timestamp": "2026-09-19T18:45:00-0500", "level": "INFO", "logger": "buses.tasks", "line": 67, "message": "[TASK_GENESIS] Iniciando sincronización de datos Génesis..."}
{"timestamp": "2026-09-19T18:45:00-0500", "level": "INFO", "logger": "buses.services.genesis", "line": 107, "message": "[GENESIS] Usando datos de caché Redis (TTL 1h)."}
{"timestamp": "2026-09-19T18:45:07-0500", "level": "INFO", "logger": "buses.tasks", "line": 71, "message": "[TASK_GENESIS] Ciclo completado: {'status': 'success', 'fetched': 1465, 'saved_or_updated': 0, 'timestamp': '2026-09-19T23:45:07.323536+00:00'}"}
{"timestamp": "2026-09-19T18:45:07-0500", "level": "INFO", "logger": "buses.tasks", "line": 31, "message": "[TASK_BUSAE] Iniciando ciclo de sincronización GPS BUSAE..."}
{"timestamp": "2026-09-19T18:45:07-0500", "level": "INFO", "logger": "buses.services.busae", "line": 216, "message": "[BUSAE] Ejecutando extracción headless mediante Playwright..."}
{"timestamp": "2026-09-19T18:45:16-0500", "level": "INFO", "logger": "buses.services.busae", "line": 216, "message": "[BUSAE] Ejecutando extracción headless mediante Playwright..."}
{"timestamp": "2026-09-19T18:45:24-0500", "level": "INFO", "logger": "buses.services.busae", "line": 216, "message": "[BUSAE] Ejecutando extracción headless mediante Playwright..."}
{"timestamp": "2026-09-19T18:45:28-0500", "level": "ERROR", "logger": "buses.services.busae", "line": 339, "message": "[BUSAE] Error durante ciclo de sincronización: La respuesta de BUSAE no contiene datos."}
Traceback (most recent call last):
  File "C:\Proyectos\Bitacora E.E\backend\buses\services\busae_service.py", line 317, in sync
  File "C:\Proyectos\Bitacora E.E\backend\shared\decorators.py", line 115, in wrapper
    result = func(*args, **kwargs)
  File "C:\Proyectos\Bitacora E.E\backend\shared\decorators.py", line 27, in wrapper
    return func(*args, **kwargs)
  File "C:\Proyectos\Bitacora E.E\backend\buses\services\busae_service.py", line 220, in fetch_raw_data
    return {
shared.exceptions.BusaeIntegrationError: La respuesta de BUSAE no contiene datos.
{"timestamp": "2026-09-19T18:45:28-0500", "level": "INFO", "logger": "buses.tasks", "line": 35, "message": "[TASK_BUSAE] Ciclo completado: {'status': 'degraded', 'error': 'La respuesta de BUSAE no contiene datos.', 'cached_items': 0, 'fallback_applied': False}"}
{"timestamp": "2026-09-19T18:50:00-0500", "level": "INFO", "logger": "buses.tasks", "line": 31, "message": "[TASK_BUSAE] Iniciando ciclo de sincronización GPS BUSAE..."}
{"timestamp": "2026-09-19T18:50:00-0500", "level": "WARNING", "logger": "buses.services.busae", "line": 328, "message": "[BUSAE] Circuit Breaker abierto: Circuito abierto para 'busae_fetch'. Se reintentará en 300s.. Aplicando fallback de caché."}
{"timestamp": "2026-09-19T18:50:00-0500", "level": "INFO", "logger": "buses.tasks", "line": 35, "message": "[TASK_BUSAE] Ciclo completado: {'status': 'circuit_open', 'message': "Circuito abierto para 'busae_fetch'. Se reintentará en 300s.", 'cached_items': 0, 'fallback_applied': True}"}
{"timestamp": "2026-09-19T18:55:00-0500", "level": "INFO", "logger": "buses.tasks", "line": 31, "message": "[TASK_BUSAE] Iniciando ciclo de sincronización GPS BUSAE..."}
{"timestamp": "2026-09-19T18:55:00-0500", "level": "INFO", "logger": "buses.services.busae", "line": 216, "message": "[BUSAE] Ejecutando extracción headless mediante Playwright..."}
{"timestamp": "2026-09-19T18:55:09-0500", "level": "INFO", "logger": "buses.services.busae", "line": 216, "message": "[BUSAE] Ejecutando extracción headless mediante Playwright..."}
{"timestamp": "2026-09-19T18:55:17-0500", "level": "INFO", "logger": "buses.services.busae", "line": 216, "message": "[BUSAE] Ejecutando extracción headless mediante Playwright..."}
{"timestamp": "2026-09-19T18:55:21-0500", "level": "ERROR", "logger": "buses.services.busae", "line": 339, "message": "[BUSAE] Error durante ciclo de sincronización: La respuesta de BUSAE no contiene datos."}
Traceback (most recent call last):
  File "C:\Proyectos\Bitacora E.E\backend\buses\services\busae_service.py", line 317, in sync
  File "C:\Proyectos\Bitacora E.E\backend\shared\decorators.py", line 115, in wrapper
    result = func(*args, **kwargs)
  File "C:\Proyectos\Bitacora E.E\backend\shared\decorators.py", line 27, in wrapper
    return func(*args, **kwargs)
  File "C:\Proyectos\Bitacora E.E\backend\buses\services\busae_service.py", line 220, in fetch_raw_data
    return {
shared.exceptions.BusaeIntegrationError: La respuesta de BUSAE no contiene datos.
{"timestamp": "2026-09-19T18:55:21-0500", "level": "INFO", "logger": "buses.tasks", "line": 35, "message": "[TASK_BUSAE] Ciclo completado: {'status': 'degraded', 'error': 'La respuesta de BUSAE no contiene datos.', 'cached_items': 0, 'fallback_applied': False}"}
{"timestamp": "2026-09-19T19:00:00-0500", "level": "INFO", "logger": "buses.tasks", "line": 67, "message": "[TASK_GENESIS] Iniciando sincronización de datos Génesis..."}
{"timestamp": "2026-09-19T19:00:00-0500", "level": "INFO", "logger": "buses.services.genesis", "line": 129, "message": "[GENESIS] Obtenidos 1465 registros frescos desde API."}
{"timestamp": "2026-09-19T19:00:11-0500", "level": "INFO", "logger": "buses.tasks", "line": 71, "message": "[TASK_GENESIS] Ciclo completado: {'status': 'success', 'fetched': 1465, 'saved_or_updated': 283, 'timestamp': '2026-09-20T00:00:11.629252+00:00'}"}
{"timestamp": "2026-09-19T19:00:11-0500", "level": "INFO", "logger": "buses.tasks", "line": 31, "message": "[TASK_BUSAE] Iniciando ciclo de sincronización GPS BUSAE..."}
{"timestamp": "2026-09-19T19:00:11-0500", "level": "WARNING", "logger": "buses.services.busae", "line": 328, "message": "[BUSAE] Circuit Breaker abierto: Circuito abierto para 'busae_fetch'. Se reintentará en 300s.. Aplicando fallback de caché."}
{"timestamp": "2026-09-19T19:00:11-0500", "level": "INFO", "logger": "buses.tasks", "line": 35, "message": "[TASK_BUSAE] Ciclo completado: {'status': 'circuit_open', 'message': "Circuito abierto para 'busae_fetch'. Se reintentará en 300s.", 'cached_items': 0, 'fallback_applied': True}"}
{"timestamp": "2026-09-19T19:05:00-0500", "level": "INFO", "logger": "buses.tasks", "line": 31, "message": "[TASK_BUSAE] Iniciando ciclo de sincronización GPS BUSAE..."}
{"timestamp": "2026-09-19T19:05:00-0500", "level": "INFO", "logger": "buses.services.busae", "line": 216, "message": "[BUSAE] Ejecutando extracción headless mediante Playwright..."}
{"timestamp": "2026-09-19T19:05:09-0500", "level": "INFO", "logger": "buses.services.busae", "line": 216, "message": "[BUSAE] Ejecutando extracción headless mediante Playwright..."}
{"timestamp": "2026-09-19T19:05:17-0500", "level": "INFO", "logger": "buses.services.busae", "line": 216, "message": "[BUSAE] Ejecutando extracción headless mediante Playwright..."}
{"timestamp": "2026-09-19T19:05:20-0500", "level": "ERROR", "logger": "buses.services.busae", "line": 339, "message": "[BUSAE] Error durante ciclo de sincronización: La respuesta de BUSAE no contiene datos."}
Traceback (most recent call last):
  File "C:\Proyectos\Bitacora E.E\backend\buses\services\busae_service.py", line 317, in sync
  File "C:\Proyectos\Bitacora E.E\backend\shared\decorators.py", line 115, in wrapper
    result = func(*args, **kwargs)
  File "C:\Proyectos\Bitacora E.E\backend\shared\decorators.py", line 27, in wrapper
    return func(*args, **kwargs)
  File "C:\Proyectos\Bitacora E.E\backend\buses\services\busae_service.py", line 220, in fetch_raw_data
    return {
shared.exceptions.BusaeIntegrationError: La respuesta de BUSAE no contiene datos.
{"timestamp": "2026-09-19T19:05:20-0500", "level": "INFO", "logger": "buses.tasks", "line": 35, "message": "[TASK_BUSAE] Ciclo completado: {'status': 'degraded', 'error': 'La respuesta de BUSAE no contiene datos.', 'cached_items': 0, 'fallback_applied': False}"}
{"timestamp": "2026-09-19T19:10:00-0500", "level": "INFO", "logger": "buses.tasks", "line": 31, "message": "[TASK_BUSAE] Iniciando ciclo de sincronización GPS BUSAE..."}
{"timestamp": "2026-09-19T19:10:00-0500", "level": "WARNING", "logger": "buses.services.busae", "line": 328, "message": "[BUSAE] Circuit Breaker abierto: Circuito abierto para 'busae_fetch'. Se reintentará en 300s.. Aplicando fallback de caché."}
{"timestamp": "2026-09-19T19:10:00-0500", "level": "INFO", "logger": "buses.tasks", "line": 35, "message": "[TASK_BUSAE] Ciclo completado: {'status': 'circuit_open', 'message': "Circuito abierto para 'busae_fetch'. Se reintentará en 300s.", 'cached_items': 0, 'fallback_applied': True}"}
{"timestamp": "2026-09-19T19:15:00-0500", "level": "INFO", "logger": "buses.tasks", "line": 31, "message": "[TASK_BUSAE] Iniciando ciclo de sincronización GPS BUSAE..."}
{"timestamp": "2026-09-19T19:15:00-0500", "level": "INFO", "logger": "buses.services.busae", "line": 216, "message": "[BUSAE] Ejecutando extracción headless mediante Playwright..."}
{"timestamp": "2026-09-19T19:15:09-0500", "level": "INFO", "logger": "buses.services.busae", "line": 216, "message": "[BUSAE] Ejecutando extracción headless mediante Playwright..."}
{"timestamp": "2026-09-19T19:15:17-0500", "level": "INFO", "logger": "buses.services.busae", "line": 216, "message": "[BUSAE] Ejecutando extracción headless mediante Playwright..."}
{"timestamp": "2026-09-19T19:15:21-0500", "level": "ERROR", "logger": "buses.services.busae", "line": 339, "message": "[BUSAE] Error durante ciclo de sincronización: La respuesta de BUSAE no contiene datos."}
Traceback (most recent call last):
  File "C:\Proyectos\Bitacora E.E\backend\buses\services\busae_service.py", line 317, in sync
  File "C:\Proyectos\Bitacora E.E\backend\shared\decorators.py", line 115, in wrapper
    result = func(*args, **kwargs)
  File "C:\Proyectos\Bitacora E.E\backend\shared\decorators.py", line 27, in wrapper
    return func(*args, **kwargs)
  File "C:\Proyectos\Bitacora E.E\backend\buses\services\busae_service.py", line 220, in fetch_raw_data
    return {
shared.exceptions.BusaeIntegrationError: La respuesta de BUSAE no contiene datos.
{"timestamp": "2026-09-19T19:15:21-0500", "level": "INFO", "logger": "buses.tasks", "line": 35, "message": "[TASK_BUSAE] Ciclo completado: {'status': 'degraded', 'error': 'La respuesta de BUSAE no contiene datos.', 'cached_items': 0, 'fallback_applied': False}"}
{"timestamp": "2026-09-19T19:15:21-0500", "level": "INFO", "logger": "buses.tasks", "line": 67, "message": "[TASK_GENESIS] Iniciando sincronización de datos Génesis..."}
{"timestamp": "2026-09-19T19:15:21-0500", "level": "INFO", "logger": "buses.services.genesis", "line": 107, "message": "[GENESIS] Usando datos de caché Redis (TTL 1h)."}
{"timestamp": "2026-09-19T19:15:27-0500", "level": "INFO", "logger": "buses.tasks", "line": 71, "message": "[TASK_GENESIS] Ciclo completado: {'status': 'success', 'fetched': 1465, 'saved_or_updated': 0, 'timestamp': '2026-09-20T00:15:27.902313+00:00'}"}
{"timestamp": "2026-09-19T19:20:00-0500", "level": "INFO", "logger": "buses.tasks", "line": 31, "message": "[TASK_BUSAE] Iniciando ciclo de sincronización GPS BUSAE..."}
{"timestamp": "2026-09-19T19:20:00-0500", "level": "WARNING", "logger": "buses.services.busae", "line": 328, "message": "[BUSAE] Circuit Breaker abierto: Circuito abierto para 'busae_fetch'. Se reintentará en 300s.. Aplicando fallback de caché."}
{"timestamp": "2026-09-19T19:20:00-0500", "level": "INFO", "logger": "buses.tasks", "line": 35, "message": "[TASK_BUSAE] Ciclo completado: {'status': 'circuit_open', 'message': "Circuito abierto para 'busae_fetch'. Se reintentará en 300s.", 'cached_items': 0, 'fallback_applied': True}"}
{"timestamp": "2026-09-19T19:25:00-0500", "level": "INFO", "logger": "buses.tasks", "line": 31, "message": "[TASK_BUSAE] Iniciando ciclo de sincronización GPS BUSAE..."}
{"timestamp": "2026-09-19T19:25:00-0500", "level": "INFO", "logger": "buses.services.busae", "line": 216, "message": "[BUSAE] Ejecutando extracción headless mediante Playwright..."}
{"timestamp": "2026-09-19T19:25:09-0500", "level": "INFO", "logger": "buses.services.busae", "line": 216, "message": "[BUSAE] Ejecutando extracción headless mediante Playwright..."}
{"timestamp": "2026-09-19T19:25:17-0500", "level": "INFO", "logger": "buses.services.busae", "line": 216, "message": "[BUSAE] Ejecutando extracción headless mediante Playwright..."}
{"timestamp": "2026-09-19T19:25:21-0500", "level": "ERROR", "logger": "buses.services.busae", "line": 339, "message": "[BUSAE] Error durante ciclo de sincronización: La respuesta de BUSAE no contiene datos."}
Traceback (most recent call last):
  File "C:\Proyectos\Bitacora E.E\backend\buses\services\busae_service.py", line 317, in sync
  File "C:\Proyectos\Bitacora E.E\backend\shared\decorators.py", line 115, in wrapper
    result = func(*args, **kwargs)
  File "C:\Proyectos\Bitacora E.E\backend\shared\decorators.py", line 27, in wrapper
    return func(*args, **kwargs)
  File "C:\Proyectos\Bitacora E.E\backend\buses\services\busae_service.py", line 220, in fetch_raw_data
    return {
shared.exceptions.BusaeIntegrationError: La respuesta de BUSAE no contiene datos.
{"timestamp": "2026-09-19T19:25:21-0500", "level": "INFO", "logger": "buses.tasks", "line": 35, "message": "[TASK_BUSAE] Ciclo completado: {'status': 'degraded', 'error': 'La respuesta de BUSAE no contiene datos.', 'cached_items': 0, 'fallback_applied': False}"}
{"timestamp": "2026-09-19T19:30:00-0500", "level": "INFO", "logger": "buses.tasks", "line": 31, "message": "[TASK_BUSAE] Iniciando ciclo de sincronización GPS BUSAE..."}
{"timestamp": "2026-09-19T19:30:00-0500", "level": "WARNING", "logger": "buses.services.busae", "line": 328, "message": "[BUSAE] Circuit Breaker abierto: Circuito abierto para 'busae_fetch'. Se reintentará en 300s.. Aplicando fallback de caché."}
{"timestamp": "2026-09-19T19:30:00-0500", "level": "INFO", "logger": "buses.tasks", "line": 35, "message": "[TASK_BUSAE] Ciclo completado: {'status': 'circuit_open', 'message': "Circuito abierto para 'busae_fetch'. Se reintentará en 300s.", 'cached_items': 0, 'fallback_applied': True}"}
{"timestamp": "2026-09-19T19:30:00-0500", "level": "INFO", "logger": "buses.tasks", "line": 67, "message": "[TASK_GENESIS] Iniciando sincronización de datos Génesis..."}
{"timestamp": "2026-09-19T19:30:00-0500", "level": "INFO", "logger": "buses.services.genesis", "line": 107, "message": "[GENESIS] Usando datos de caché Redis (TTL 1h)."}
{"timestamp": "2026-09-19T19:30:07-0500", "level": "INFO", "logger": "buses.tasks", "line": 71, "message": "[TASK_GENESIS] Ciclo completado: {'status': 'success', 'fetched': 1465, 'saved_or_updated': 0, 'timestamp': '2026-09-20T00:30:07.044093+00:00'}"}
