{"timestamp": "2026-09-19T03:01:08-0500", "level": "ERROR", "logger": "poller.busae", "line": 103, "message": "Error iniciando browser BUSAE: No module named 'greenlet._greenlet'"}
{"timestamp": "2026-09-19T03:01:09-0500", "level": "ERROR", "logger": "poller.genesis", "line": 60, "message": "Error login Genesis: HTTPConnectionPool(host='genesis.mibus.com', port=80): Max retries exceeded with url: /tic/oi/gateway.php (Caused by NameResolutionError("HTTPConnection(host='genesis.mibus.com', port=80): Failed to resolve 'genesis.mibus.com' ([Errno 11001] getaddrinfo failed)"))"}
{"timestamp": "2026-09-19T03:01:30-0500", "level": "ERROR", "logger": "poller.busae", "line": 103, "message": "Error iniciando browser BUSAE: No module named 'greenlet._greenlet'"}
{"timestamp": "2026-09-19T03:01:30-0500", "level": "ERROR", "logger": "poller.genesis", "line": 60, "message": "Error login Genesis: HTTPConnectionPool(host='genesis.mibus.com', port=80): Max retries exceeded with url: /tic/oi/gateway.php (Caused by NameResolutionError("HTTPConnection(host='genesis.mibus.com', port=80): Failed to resolve 'genesis.mibus.com' ([Errno 11001] getaddrinfo failed)"))"}
{"timestamp": "2026-09-19T03:22:22-0500", "level": "ERROR", "logger": "django.request", "line": 283, "message": "Internal Server Error: /api/reportes/dashboard-stats/"}
Traceback (most recent call last):
  File "C:\Proyectos\Bitacora E.E\backend\venv\Lib\site-packages\django\db\backends\utils.py", line 105, in _execute
    return self.cursor.execute(sql, params)
           ~~~~~~~~~~~~~~~~~~~^^^^^^^^^^^^^
  File "C:\Proyectos\Bitacora E.E\backend\venv\Lib\site-packages\psycopg\cursor.py", line 117, in execute
    raise ex.with_traceback(None)
psycopg.errors.UndefinedTable: relation "buses_inventarioflota" does not exist
LINE 1: SELECT COUNT(*) AS "__count" FROM "buses_inventarioflota"
                                          ^

The above exception was the direct cause of the following exception:

Traceback (most recent call last):
  File "C:\Proyectos\Bitacora E.E\backend\venv\Lib\site-packages\django\core\handlers\exception.py", line 56, in inner
    response = get_response(request)
  File "C:\Proyectos\Bitacora E.E\backend\venv\Lib\site-packages\django\core\handlers\base.py", line 199, in _get_response
    response = wrapped_callback(request, *callback_args, **callback_kwargs)
  File "C:\Proyectos\Bitacora E.E\backend\venv\Lib\site-packages\django\views\decorators\csrf.py", line 64, in _view_wrapper
    return view_func(request, *args, **kwargs)
  File "C:\Proyectos\Bitacora E.E\backend\venv\Lib\site-packages\django\views\generic\base.py", line 105, in view
    return self.dispatch(request, *args, **kwargs)
           ~~~~~~~~~~~~~^^^^^^^^^^^^^^^^^^^^^^^^^^
  File "C:\Proyectos\Bitacora E.E\backend\venv\Lib\site-packages\rest_framework\views.py", line 526, in dispatch
    response = self.handle_exception(exc)
  File "C:\Proyectos\Bitacora E.E\backend\venv\Lib\site-packages\rest_framework\views.py", line 474, in handle_exception
    self.raise_uncaught_exception(exc)
    ~~~~~~~~~~~~~~~~~~~~~~~~~~~~~^^^^^
  File "C:\Proyectos\Bitacora E.E\backend\venv\Lib\site-packages\rest_framework\views.py", line 485, in raise_uncaught_exception
    raise exc
  File "C:\Proyectos\Bitacora E.E\backend\venv\Lib\site-packages\rest_framework\views.py", line 523, in dispatch
    response = handler(request, *args, **kwargs)
  File "C:\Proyectos\Bitacora E.E\backend\buses\views.py", line 972, in get
    total_buses = InventarioFlota.objects.count() or DatosGenesis.objects.values('bus_movil').distinct().count()
                  ~~~~~~~~~~~~~~~~~~~~~~~~~~~~~^^
  File "C:\Proyectos\Bitacora E.E\backend\venv\Lib\site-packages\django\db\models\manager.py", line 87, in manager_method
    return getattr(self.get_queryset(), name)(*args, **kwargs)
           ~~~~~~~~~~~~~~~~~~~~~~~~~~~~~~~~~~^^^^^^^^^^^^^^^^^
  File "C:\Proyectos\Bitacora E.E\backend\venv\Lib\site-packages\django\db\models\query.py", line 693, in count
    return self.query.get_count(using=self.db)
           ~~~~~~~~~~~~~~~~~~~~^^^^^^^^^^^^^^^
  File "C:\Proyectos\Bitacora E.E\backend\venv\Lib\site-packages\django\db\models\sql\query.py", line 656, in get_count
    return obj.get_aggregation(using, {"__count": Count("*")})["__count"]
           ~~~~~~~~~~~~~~~~~~~^^^^^^^^^^^^^^^^^^^^^^^^^^^^^^^^
  File "C:\Proyectos\Bitacora E.E\backend\venv\Lib\site-packages\django\db\models\sql\query.py", line 638, in get_aggregation
    result = compiler.execute_sql(SINGLE)
  File "C:\Proyectos\Bitacora E.E\backend\venv\Lib\site-packages\django\db\models\sql\compiler.py", line 1643, in execute_sql
    cursor.execute(sql, params)
    ~~~~~~~~~~~~~~^^^^^^^^^^^^^
  File "C:\Proyectos\Bitacora E.E\backend\venv\Lib\site-packages\django\db\backends\utils.py", line 122, in execute
    return super().execute(sql, params)
           ~~~~~~~~~~~~~~~^^^^^^^^^^^^^
  File "C:\Proyectos\Bitacora E.E\backend\venv\Lib\site-packages\django\db\backends\utils.py", line 79, in execute
    return self._execute_with_wrappers(
           ~~~~~~~~~~~~~~~~~~~~~~~~~~~^
        sql, params, many=False, executor=self._execute
        ^^^^^^^^^^^^^^^^^^^^^^^^^^^^^^^^^^^^^^^^^^^^^^^
    )
    ^
  File "C:\Proyectos\Bitacora E.E\backend\venv\Lib\site-packages\django\db\backends\utils.py", line 92, in _execute_with_wrappers
    return executor(sql, params, many, context)
  File "C:\Proyectos\Bitacora E.E\backend\venv\Lib\site-packages\django\db\backends\utils.py", line 100, in _execute
    with self.db.wrap_database_errors:
         ^^^^^^^^^^^^^^^^^^^^^^^^^^^^
  File "C:\Proyectos\Bitacora E.E\backend\venv\Lib\site-packages\django\db\utils.py", line 94, in __exit__
    raise dj_exc_value.with_traceback(traceback) from exc_value
  File "C:\Proyectos\Bitacora E.E\backend\venv\Lib\site-packages\django\db\backends\utils.py", line 105, in _execute
    return self.cursor.execute(sql, params)
           ~~~~~~~~~~~~~~~~~~~^^^^^^^^^^^^^
  File "C:\Proyectos\Bitacora E.E\backend\venv\Lib\site-packages\psycopg\cursor.py", line 117, in execute
    raise ex.with_traceback(None)
django.db.utils.ProgrammingError: relation "buses_inventarioflota" does not exist
LINE 1: SELECT COUNT(*) AS "__count" FROM "buses_inventarioflota"
                                          ^
{"timestamp": "2026-09-19T03:22:22-0500", "level": "ERROR", "logger": "django.server", "line": 283, "message": ""GET /api/reportes/dashboard-stats/ HTTP/1.1" 500 27904"}
{"timestamp": "2026-09-19T03:22:23-0500", "level": "ERROR", "logger": "django.request", "line": 283, "message": "Internal Server Error: /api/reportes/dashboard-stats/"}
Traceback (most recent call last):
  File "C:\Proyectos\Bitacora E.E\backend\venv\Lib\site-packages\django\db\backends\utils.py", line 105, in _execute
    return self.cursor.execute(sql, params)
           ~~~~~~~~~~~~~~~~~~~^^^^^^^^^^^^^
  File "C:\Proyectos\Bitacora E.E\backend\venv\Lib\site-packages\psycopg\cursor.py", line 117, in execute
    raise ex.with_traceback(None)
psycopg.errors.UndefinedTable: relation "buses_inventarioflota" does not exist
LINE 1: SELECT COUNT(*) AS "__count" FROM "buses_inventarioflota"
                                          ^

The above exception was the direct cause of the following exception:

Traceback (most recent call last):
  File "C:\Proyectos\Bitacora E.E\backend\venv\Lib\site-packages\django\core\handlers\exception.py", line 56, in inner
    response = get_response(request)
  File "C:\Proyectos\Bitacora E.E\backend\venv\Lib\site-packages\django\core\handlers\base.py", line 199, in _get_response
    response = wrapped_callback(request, *callback_args, **callback_kwargs)
  File "C:\Proyectos\Bitacora E.E\backend\venv\Lib\site-packages\django\views\decorators\csrf.py", line 64, in _view_wrapper
    return view_func(request, *args, **kwargs)
  File "C:\Proyectos\Bitacora E.E\backend\venv\Lib\site-packages\django\views\generic\base.py", line 105, in view
    return self.dispatch(request, *args, **kwargs)
           ~~~~~~~~~~~~~^^^^^^^^^^^^^^^^^^^^^^^^^^
  File "C:\Proyectos\Bitacora E.E\backend\venv\Lib\site-packages\rest_framework\views.py", line 526, in dispatch
    response = self.handle_exception(exc)
  File "C:\Proyectos\Bitacora E.E\backend\venv\Lib\site-packages\rest_framework\views.py", line 474, in handle_exception
    self.raise_uncaught_exception(exc)
    ~~~~~~~~~~~~~~~~~~~~~~~~~~~~~^^^^^
  File "C:\Proyectos\Bitacora E.E\backend\venv\Lib\site-packages\rest_framework\views.py", line 485, in raise_uncaught_exception
    raise exc
  File "C:\Proyectos\Bitacora E.E\backend\venv\Lib\site-packages\rest_framework\views.py", line 523, in dispatch
    response = handler(request, *args, **kwargs)
  File "C:\Proyectos\Bitacora E.E\backend\buses\views.py", line 972, in get
    total_buses = InventarioFlota.objects.count() or DatosGenesis.objects.values('bus_movil').distinct().count()
                  ~~~~~~~~~~~~~~~~~~~~~~~~~~~~~^^
  File "C:\Proyectos\Bitacora E.E\backend\venv\Lib\site-packages\django\db\models\manager.py", line 87, in manager_method
    return getattr(self.get_queryset(), name)(*args, **kwargs)
           ~~~~~~~~~~~~~~~~~~~~~~~~~~~~~~~~~~^^^^^^^^^^^^^^^^^
  File "C:\Proyectos\Bitacora E.E\backend\venv\Lib\site-packages\django\db\models\query.py", line 693, in count
    return self.query.get_count(using=self.db)
           ~~~~~~~~~~~~~~~~~~~~^^^^^^^^^^^^^^^
  File "C:\Proyectos\Bitacora E.E\backend\venv\Lib\site-packages\django\db\models\sql\query.py", line 656, in get_count
    return obj.get_aggregation(using, {"__count": Count("*")})["__count"]
           ~~~~~~~~~~~~~~~~~~~^^^^^^^^^^^^^^^^^^^^^^^^^^^^^^^^
  File "C:\Proyectos\Bitacora E.E\backend\venv\Lib\site-packages\django\db\models\sql\query.py", line 638, in get_aggregation
    result = compiler.execute_sql(SINGLE)
  File "C:\Proyectos\Bitacora E.E\backend\venv\Lib\site-packages\django\db\models\sql\compiler.py", line 1643, in execute_sql
    cursor.execute(sql, params)
    ~~~~~~~~~~~~~~^^^^^^^^^^^^^
  File "C:\Proyectos\Bitacora E.E\backend\venv\Lib\site-packages\django\db\backends\utils.py", line 122, in execute
    return super().execute(sql, params)
           ~~~~~~~~~~~~~~~^^^^^^^^^^^^^
  File "C:\Proyectos\Bitacora E.E\backend\venv\Lib\site-packages\django\db\backends\utils.py", line 79, in execute
    return self._execute_with_wrappers(
           ~~~~~~~~~~~~~~~~~~~~~~~~~~~^
        sql, params, many=False, executor=self._execute
        ^^^^^^^^^^^^^^^^^^^^^^^^^^^^^^^^^^^^^^^^^^^^^^^
    )
    ^
  File "C:\Proyectos\Bitacora E.E\backend\venv\Lib\site-packages\django\db\backends\utils.py", line 92, in _execute_with_wrappers
    return executor(sql, params, many, context)
  File "C:\Proyectos\Bitacora E.E\backend\venv\Lib\site-packages\django\db\backends\utils.py", line 100, in _execute
    with self.db.wrap_database_errors:
         ^^^^^^^^^^^^^^^^^^^^^^^^^^^^
  File "C:\Proyectos\Bitacora E.E\backend\venv\Lib\site-packages\django\db\utils.py", line 94, in __exit__
    raise dj_exc_value.with_traceback(traceback) from exc_value
  File "C:\Proyectos\Bitacora E.E\backend\venv\Lib\site-packages\django\db\backends\utils.py", line 105, in _execute
    return self.cursor.execute(sql, params)
           ~~~~~~~~~~~~~~~~~~~^^^^^^^^^^^^^
  File "C:\Proyectos\Bitacora E.E\backend\venv\Lib\site-packages\psycopg\cursor.py", line 117, in execute
    raise ex.with_traceback(None)
django.db.utils.ProgrammingError: relation "buses_inventarioflota" does not exist
LINE 1: SELECT COUNT(*) AS "__count" FROM "buses_inventarioflota"
                                          ^
{"timestamp": "2026-09-19T03:22:23-0500", "level": "ERROR", "logger": "django.server", "line": 283, "message": ""GET /api/reportes/dashboard-stats/ HTTP/1.1" 500 27904"}
{"timestamp": "2026-09-19T03:22:31-0500", "level": "ERROR", "logger": "django.request", "line": 283, "message": "Internal Server Error: /api/bitacora/tabla/"}
Traceback (most recent call last):
  File "C:\Proyectos\Bitacora E.E\backend\venv\Lib\site-packages\django\db\backends\utils.py", line 105, in _execute
    return self.cursor.execute(sql, params)
           ~~~~~~~~~~~~~~~~~~~^^^^^^^^^^^^^
  File "C:\Proyectos\Bitacora E.E\backend\venv\Lib\site-packages\psycopg\cursor.py", line 117, in execute
    raise ex.with_traceback(None)
psycopg.errors.UndefinedTable: relation "buses_reportependiente" does not exist
LINE 1: ...stado", "buses_reportependiente"."creado_en" FROM "buses_rep...
                                                             ^

The above exception was the direct cause of the following exception:

Traceback (most recent call last):
  File "C:\Proyectos\Bitacora E.E\backend\venv\Lib\site-packages\django\core\handlers\exception.py", line 56, in inner
    response = get_response(request)
  File "C:\Proyectos\Bitacora E.E\backend\venv\Lib\site-packages\django\core\handlers\base.py", line 199, in _get_response
    response = wrapped_callback(request, *callback_args, **callback_kwargs)
  File "C:\Proyectos\Bitacora E.E\backend\venv\Lib\site-packages\django\views\decorators\csrf.py", line 64, in _view_wrapper
    return view_func(request, *args, **kwargs)
  File "C:\Proyectos\Bitacora E.E\backend\venv\Lib\site-packages\django\views\generic\base.py", line 105, in view
    return self.dispatch(request, *args, **kwargs)
           ~~~~~~~~~~~~~^^^^^^^^^^^^^^^^^^^^^^^^^^
  File "C:\Proyectos\Bitacora E.E\backend\venv\Lib\site-packages\rest_framework\views.py", line 526, in dispatch
    response = self.handle_exception(exc)
  File "C:\Proyectos\Bitacora E.E\backend\venv\Lib\site-packages\rest_framework\views.py", line 474, in handle_exception
    self.raise_uncaught_exception(exc)
    ~~~~~~~~~~~~~~~~~~~~~~~~~~~~~^^^^^
  File "C:\Proyectos\Bitacora E.E\backend\venv\Lib\site-packages\rest_framework\views.py", line 485, in raise_uncaught_exception
    raise exc
  File "C:\Proyectos\Bitacora E.E\backend\venv\Lib\site-packages\rest_framework\views.py", line 523, in dispatch
    response = handler(request, *args, **kwargs)
  File "C:\Proyectos\Bitacora E.E\backend\buses\views.py", line 1397, in get
    pendientes = list(ReportePendiente.objects.filter(estado='PENDIENTE'))
  File "C:\Proyectos\Bitacora E.E\backend\venv\Lib\site-packages\django\db\models\query.py", line 473, in __iter__
    self._fetch_all()
    ~~~~~~~~~~~~~~~^^
  File "C:\Proyectos\Bitacora E.E\backend\venv\Lib\site-packages\django\db\models\query.py", line 2287, in _fetch_all
    self._result_cache = list(self._iterable_class(self))
                         ~~~~^^^^^^^^^^^^^^^^^^^^^^^^^^^^
  File "C:\Proyectos\Bitacora E.E\backend\venv\Lib\site-packages\django\db\models\query.py", line 131, in __iter__
    results = compiler.execute_sql(
        chunked_fetch=self.chunked_fetch, chunk_size=self.chunk_size
    )
  File "C:\Proyectos\Bitacora E.E\backend\venv\Lib\site-packages\django\db\models\sql\compiler.py", line 1643, in execute_sql
    cursor.execute(sql, params)
    ~~~~~~~~~~~~~~^^^^^^^^^^^^^
  File "C:\Proyectos\Bitacora E.E\backend\venv\Lib\site-packages\django\db\backends\utils.py", line 122, in execute
    return super().execute(sql, params)
           ~~~~~~~~~~~~~~~^^^^^^^^^^^^^
  File "C:\Proyectos\Bitacora E.E\backend\venv\Lib\site-packages\django\db\backends\utils.py", line 79, in execute
    return self._execute_with_wrappers(
           ~~~~~~~~~~~~~~~~~~~~~~~~~~~^
        sql, params, many=False, executor=self._execute
        ^^^^^^^^^^^^^^^^^^^^^^^^^^^^^^^^^^^^^^^^^^^^^^^
    )
    ^
  File "C:\Proyectos\Bitacora E.E\backend\venv\Lib\site-packages\django\db\backends\utils.py", line 92, in _execute_with_wrappers
    return executor(sql, params, many, context)
  File "C:\Proyectos\Bitacora E.E\backend\venv\Lib\site-packages\django\db\backends\utils.py", line 100, in _execute
    with self.db.wrap_database_errors:
         ^^^^^^^^^^^^^^^^^^^^^^^^^^^^
  File "C:\Proyectos\Bitacora E.E\backend\venv\Lib\site-packages\django\db\utils.py", line 94, in __exit__
    raise dj_exc_value.with_traceback(traceback) from exc_value
  File "C:\Proyectos\Bitacora E.E\backend\venv\Lib\site-packages\django\db\backends\utils.py", line 105, in _execute
    return self.cursor.execute(sql, params)
           ~~~~~~~~~~~~~~~~~~~^^^^^^^^^^^^^
  File "C:\Proyectos\Bitacora E.E\backend\venv\Lib\site-packages\psycopg\cursor.py", line 117, in execute
    raise ex.with_traceback(None)
django.db.utils.ProgrammingError: relation "buses_reportependiente" does not exist
LINE 1: ...stado", "buses_reportependiente"."creado_en" FROM "buses_rep...
                                                             ^
{"timestamp": "2026-09-19T03:22:31-0500", "level": "ERROR", "logger": "django.server", "line": 283, "message": ""GET /api/bitacora/tabla/?search=&patio=&estado_gps=&estado_genesis=&page=1&page_size=20 HTTP/1.1" 500 27784"}
{"timestamp": "2026-09-19T03:22:32-0500", "level": "ERROR", "logger": "django.request", "line": 283, "message": "Internal Server Error: /api/bitacora/tabla/"}
Traceback (most recent call last):
  File "C:\Proyectos\Bitacora E.E\backend\venv\Lib\site-packages\django\db\backends\utils.py", line 105, in _execute
    return self.cursor.execute(sql, params)
           ~~~~~~~~~~~~~~~~~~~^^^^^^^^^^^^^
  File "C:\Proyectos\Bitacora E.E\backend\venv\Lib\site-packages\psycopg\cursor.py", line 117, in execute
    raise ex.with_traceback(None)
psycopg.errors.UndefinedTable: relation "buses_reportependiente" does not exist
LINE 1: ...stado", "buses_reportependiente"."creado_en" FROM "buses_rep...
                                                             ^

The above exception was the direct cause of the following exception:

Traceback (most recent call last):
  File "C:\Proyectos\Bitacora E.E\backend\venv\Lib\site-packages\django\core\handlers\exception.py", line 56, in inner
    response = get_response(request)
  File "C:\Proyectos\Bitacora E.E\backend\venv\Lib\site-packages\django\core\handlers\base.py", line 199, in _get_response
    response = wrapped_callback(request, *callback_args, **callback_kwargs)
  File "C:\Proyectos\Bitacora E.E\backend\venv\Lib\site-packages\django\views\decorators\csrf.py", line 64, in _view_wrapper
    return view_func(request, *args, **kwargs)
  File "C:\Proyectos\Bitacora E.E\backend\venv\Lib\site-packages\django\views\generic\base.py", line 105, in view
    return self.dispatch(request, *args, **kwargs)
           ~~~~~~~~~~~~~^^^^^^^^^^^^^^^^^^^^^^^^^^
  File "C:\Proyectos\Bitacora E.E\backend\venv\Lib\site-packages\rest_framework\views.py", line 526, in dispatch
    response = self.handle_exception(exc)
  File "C:\Proyectos\Bitacora E.E\backend\venv\Lib\site-packages\rest_framework\views.py", line 474, in handle_exception
    self.raise_uncaught_exception(exc)
    ~~~~~~~~~~~~~~~~~~~~~~~~~~~~~^^^^^
  File "C:\Proyectos\Bitacora E.E\backend\venv\Lib\site-packages\rest_framework\views.py", line 485, in raise_uncaught_exception
    raise exc
  File "C:\Proyectos\Bitacora E.E\backend\venv\Lib\site-packages\rest_framework\views.py", line 523, in dispatch
    response = handler(request, *args, **kwargs)
  File "C:\Proyectos\Bitacora E.E\backend\buses\views.py", line 1397, in get
    pendientes = list(ReportePendiente.objects.filter(estado='PENDIENTE'))
  File "C:\Proyectos\Bitacora E.E\backend\venv\Lib\site-packages\django\db\models\query.py", line 473, in __iter__
    self._fetch_all()
    ~~~~~~~~~~~~~~~^^
  File "C:\Proyectos\Bitacora E.E\backend\venv\Lib\site-packages\django\db\models\query.py", line 2287, in _fetch_all
    self._result_cache = list(self._iterable_class(self))
                         ~~~~^^^^^^^^^^^^^^^^^^^^^^^^^^^^
  File "C:\Proyectos\Bitacora E.E\backend\venv\Lib\site-packages\django\db\models\query.py", line 131, in __iter__
    results = compiler.execute_sql(
        chunked_fetch=self.chunked_fetch, chunk_size=self.chunk_size
    )
  File "C:\Proyectos\Bitacora E.E\backend\venv\Lib\site-packages\django\db\models\sql\compiler.py", line 1643, in execute_sql
    cursor.execute(sql, params)
    ~~~~~~~~~~~~~~^^^^^^^^^^^^^
  File "C:\Proyectos\Bitacora E.E\backend\venv\Lib\site-packages\django\db\backends\utils.py", line 122, in execute
    return super().execute(sql, params)
           ~~~~~~~~~~~~~~~^^^^^^^^^^^^^
  File "C:\Proyectos\Bitacora E.E\backend\venv\Lib\site-packages\django\db\backends\utils.py", line 79, in execute
    return self._execute_with_wrappers(
           ~~~~~~~~~~~~~~~~~~~~~~~~~~~^
        sql, params, many=False, executor=self._execute
        ^^^^^^^^^^^^^^^^^^^^^^^^^^^^^^^^^^^^^^^^^^^^^^^
    )
    ^
  File "C:\Proyectos\Bitacora E.E\backend\venv\Lib\site-packages\django\db\backends\utils.py", line 92, in _execute_with_wrappers
    return executor(sql, params, many, context)
  File "C:\Proyectos\Bitacora E.E\backend\venv\Lib\site-packages\django\db\backends\utils.py", line 100, in _execute
    with self.db.wrap_database_errors:
         ^^^^^^^^^^^^^^^^^^^^^^^^^^^^
  File "C:\Proyectos\Bitacora E.E\backend\venv\Lib\site-packages\django\db\utils.py", line 94, in __exit__
    raise dj_exc_value.with_traceback(traceback) from exc_value
  File "C:\Proyectos\Bitacora E.E\backend\venv\Lib\site-packages\django\db\backends\utils.py", line 105, in _execute
    return self.cursor.execute(sql, params)
           ~~~~~~~~~~~~~~~~~~~^^^^^^^^^^^^^
  File "C:\Proyectos\Bitacora E.E\backend\venv\Lib\site-packages\psycopg\cursor.py", line 117, in execute
    raise ex.with_traceback(None)
django.db.utils.ProgrammingError: relation "buses_reportependiente" does not exist
LINE 1: ...stado", "buses_reportependiente"."creado_en" FROM "buses_rep...
                                                             ^
{"timestamp": "2026-09-19T03:22:32-0500", "level": "ERROR", "logger": "django.server", "line": 283, "message": ""GET /api/bitacora/tabla/?search=&patio=&estado_gps=&estado_genesis=&page=1&page_size=20 HTTP/1.1" 500 27784"}
{"timestamp": "2026-09-19T03:22:53-0500", "level": "ERROR", "logger": "django.request", "line": 283, "message": "Internal Server Error: /api/configuracion/distribucion-tabla/busae/"}
Traceback (most recent call last):
  File "C:\Proyectos\Bitacora E.E\backend\venv\Lib\site-packages\django\db\backends\utils.py", line 105, in _execute
    return self.cursor.execute(sql, params)
           ~~~~~~~~~~~~~~~~~~~^^^^^^^^^^^^^
  File "C:\Proyectos\Bitacora E.E\backend\venv\Lib\site-packages\psycopg\cursor.py", line 117, in execute
    raise ex.with_traceback(None)
psycopg.errors.UndefinedTable: relation "buses_configuracionsistema" does not exist
LINE 1: ...buses_configuracionsistema"."actualizado_en" FROM "buses_con...
                                                             ^

The above exception was the direct cause of the following exception:

Traceback (most recent call last):
  File "C:\Proyectos\Bitacora E.E\backend\venv\Lib\site-packages\django\core\handlers\exception.py", line 56, in inner
    response = get_response(request)
  File "C:\Proyectos\Bitacora E.E\backend\venv\Lib\site-packages\django\core\handlers\base.py", line 199, in _get_response
    response = wrapped_callback(request, *callback_args, **callback_kwargs)
  File "C:\Proyectos\Bitacora E.E\backend\venv\Lib\site-packages\django\views\decorators\csrf.py", line 64, in _view_wrapper
    return view_func(request, *args, **kwargs)
  File "C:\Proyectos\Bitacora E.E\backend\venv\Lib\site-packages\rest_framework\viewsets.py", line 124, in view
    return self.dispatch(request, *args, **kwargs)
           ~~~~~~~~~~~~~^^^^^^^^^^^^^^^^^^^^^^^^^^
  File "C:\Proyectos\Bitacora E.E\backend\venv\Lib\site-packages\rest_framework\views.py", line 526, in dispatch
    response = self.handle_exception(exc)
  File "C:\Proyectos\Bitacora E.E\backend\venv\Lib\site-packages\rest_framework\views.py", line 474, in handle_exception
    self.raise_uncaught_exception(exc)
    ~~~~~~~~~~~~~~~~~~~~~~~~~~~~~^^^^^
  File "C:\Proyectos\Bitacora E.E\backend\venv\Lib\site-packages\rest_framework\views.py", line 485, in raise_uncaught_exception
    raise exc
  File "C:\Proyectos\Bitacora E.E\backend\venv\Lib\site-packages\rest_framework\views.py", line 523, in dispatch
    response = handler(request, *args, **kwargs)
  File "C:\Proyectos\Bitacora E.E\backend\buses\views.py", line 1830, in distribucion_tabla
    conf = ConfiguracionSistema.objects.filter(clave=clave).first()
  File "C:\Proyectos\Bitacora E.E\backend\venv\Lib\site-packages\django\db\models\query.py", line 1228, in first
    for obj in queryset[:1]:
               ~~~~~~~~^^^^
  File "C:\Proyectos\Bitacora E.E\backend\venv\Lib\site-packages\django\db\models\query.py", line 473, in __iter__
    self._fetch_all()
    ~~~~~~~~~~~~~~~^^
  File "C:\Proyectos\Bitacora E.E\backend\venv\Lib\site-packages\django\db\models\query.py", line 2287, in _fetch_all
    self._result_cache = list(self._iterable_class(self))
                         ~~~~^^^^^^^^^^^^^^^^^^^^^^^^^^^^
  File "C:\Proyectos\Bitacora E.E\backend\venv\Lib\site-packages\django\db\models\query.py", line 131, in __iter__
    results = compiler.execute_sql(
        chunked_fetch=self.chunked_fetch, chunk_size=self.chunk_size
    )
  File "C:\Proyectos\Bitacora E.E\backend\venv\Lib\site-packages\django\db\models\sql\compiler.py", line 1643, in execute_sql
    cursor.execute(sql, params)
    ~~~~~~~~~~~~~~^^^^^^^^^^^^^
  File "C:\Proyectos\Bitacora E.E\backend\venv\Lib\site-packages\django\db\backends\utils.py", line 122, in execute
    return super().execute(sql, params)
           ~~~~~~~~~~~~~~~^^^^^^^^^^^^^
  File "C:\Proyectos\Bitacora E.E\backend\venv\Lib\site-packages\django\db\backends\utils.py", line 79, in execute
    return self._execute_with_wrappers(
           ~~~~~~~~~~~~~~~~~~~~~~~~~~~^
        sql, params, many=False, executor=self._execute
        ^^^^^^^^^^^^^^^^^^^^^^^^^^^^^^^^^^^^^^^^^^^^^^^
    )
    ^
  File "C:\Proyectos\Bitacora E.E\backend\venv\Lib\site-packages\django\db\backends\utils.py", line 92, in _execute_with_wrappers
    return executor(sql, params, many, context)
  File "C:\Proyectos\Bitacora E.E\backend\venv\Lib\site-packages\django\db\backends\utils.py", line 100, in _execute
    with self.db.wrap_database_errors:
         ^^^^^^^^^^^^^^^^^^^^^^^^^^^^
  File "C:\Proyectos\Bitacora E.E\backend\venv\Lib\site-packages\django\db\utils.py", line 94, in __exit__
    raise dj_exc_value.with_traceback(traceback) from exc_value
  File "C:\Proyectos\Bitacora E.E\backend\venv\Lib\site-packages\django\db\backends\utils.py", line 105, in _execute
    return self.cursor.execute(sql, params)
           ~~~~~~~~~~~~~~~~~~~^^^^^^^^^^^^^
  File "C:\Proyectos\Bitacora E.E\backend\venv\Lib\site-packages\psycopg\cursor.py", line 117, in execute
    raise ex.with_traceback(None)
django.db.utils.ProgrammingError: relation "buses_configuracionsistema" does not exist
LINE 1: ...buses_configuracionsistema"."actualizado_en" FROM "buses_con...
                                                             ^
{"timestamp": "2026-09-19T03:22:53-0500", "level": "ERROR", "logger": "django.server", "line": 283, "message": ""GET /api/configuracion/distribucion-tabla/busae/ HTTP/1.1" 500 27868"}
{"timestamp": "2026-09-19T03:22:53-0500", "level": "ERROR", "logger": "django.request", "line": 283, "message": "Internal Server Error: /api/configuracion/distribucion-tabla/busae/"}
Traceback (most recent call last):
  File "C:\Proyectos\Bitacora E.E\backend\venv\Lib\site-packages\django\db\backends\utils.py", line 105, in _execute
    return self.cursor.execute(sql, params)
           ~~~~~~~~~~~~~~~~~~~^^^^^^^^^^^^^
  File "C:\Proyectos\Bitacora E.E\backend\venv\Lib\site-packages\psycopg\cursor.py", line 117, in execute
    raise ex.with_traceback(None)
psycopg.errors.UndefinedTable: relation "buses_configuracionsistema" does not exist
LINE 1: ...buses_configuracionsistema"."actualizado_en" FROM "buses_con...
                                                             ^

The above exception was the direct cause of the following exception:

Traceback (most recent call last):
  File "C:\Proyectos\Bitacora E.E\backend\venv\Lib\site-packages\django\core\handlers\exception.py", line 56, in inner
    response = get_response(request)
  File "C:\Proyectos\Bitacora E.E\backend\venv\Lib\site-packages\django\core\handlers\base.py", line 199, in _get_response
    response = wrapped_callback(request, *callback_args, **callback_kwargs)
  File "C:\Proyectos\Bitacora E.E\backend\venv\Lib\site-packages\django\views\decorators\csrf.py", line 64, in _view_wrapper
    return view_func(request, *args, **kwargs)
  File "C:\Proyectos\Bitacora E.E\backend\venv\Lib\site-packages\rest_framework\viewsets.py", line 124, in view
    return self.dispatch(request, *args, **kwargs)
           ~~~~~~~~~~~~~^^^^^^^^^^^^^^^^^^^^^^^^^^
  File "C:\Proyectos\Bitacora E.E\backend\venv\Lib\site-packages\rest_framework\views.py", line 526, in dispatch
    response = self.handle_exception(exc)
  File "C:\Proyectos\Bitacora E.E\backend\venv\Lib\site-packages\rest_framework\views.py", line 474, in handle_exception
    self.raise_uncaught_exception(exc)
    ~~~~~~~~~~~~~~~~~~~~~~~~~~~~~^^^^^
  File "C:\Proyectos\Bitacora E.E\backend\venv\Lib\site-packages\rest_framework\views.py", line 485, in raise_uncaught_exception
    raise exc
  File "C:\Proyectos\Bitacora E.E\backend\venv\Lib\site-packages\rest_framework\views.py", line 523, in dispatch
    response = handler(request, *args, **kwargs)
  File "C:\Proyectos\Bitacora E.E\backend\buses\views.py", line 1830, in distribucion_tabla
    conf = ConfiguracionSistema.objects.filter(clave=clave).first()
  File "C:\Proyectos\Bitacora E.E\backend\venv\Lib\site-packages\django\db\models\query.py", line 1228, in first
    for obj in queryset[:1]:
               ~~~~~~~~^^^^
  File "C:\Proyectos\Bitacora E.E\backend\venv\Lib\site-packages\django\db\models\query.py", line 473, in __iter__
    self._fetch_all()
    ~~~~~~~~~~~~~~~^^
  File "C:\Proyectos\Bitacora E.E\backend\venv\Lib\site-packages\django\db\models\query.py", line 2287, in _fetch_all
    self._result_cache = list(self._iterable_class(self))
                         ~~~~^^^^^^^^^^^^^^^^^^^^^^^^^^^^
  File "C:\Proyectos\Bitacora E.E\backend\venv\Lib\site-packages\django\db\models\query.py", line 131, in __iter__
    results = compiler.execute_sql(
        chunked_fetch=self.chunked_fetch, chunk_size=self.chunk_size
    )
  File "C:\Proyectos\Bitacora E.E\backend\venv\Lib\site-packages\django\db\models\sql\compiler.py", line 1643, in execute_sql
    cursor.execute(sql, params)
    ~~~~~~~~~~~~~~^^^^^^^^^^^^^
  File "C:\Proyectos\Bitacora E.E\backend\venv\Lib\site-packages\django\db\backends\utils.py", line 122, in execute
    return super().execute(sql, params)
           ~~~~~~~~~~~~~~~^^^^^^^^^^^^^
  File "C:\Proyectos\Bitacora E.E\backend\venv\Lib\site-packages\django\db\backends\utils.py", line 79, in execute
    return self._execute_with_wrappers(
           ~~~~~~~~~~~~~~~~~~~~~~~~~~~^
        sql, params, many=False, executor=self._execute
        ^^^^^^^^^^^^^^^^^^^^^^^^^^^^^^^^^^^^^^^^^^^^^^^
    )
    ^
  File "C:\Proyectos\Bitacora E.E\backend\venv\Lib\site-packages\django\db\backends\utils.py", line 92, in _execute_with_wrappers
    return executor(sql, params, many, context)
  File "C:\Proyectos\Bitacora E.E\backend\venv\Lib\site-packages\django\db\backends\utils.py", line 100, in _execute
    with self.db.wrap_database_errors:
         ^^^^^^^^^^^^^^^^^^^^^^^^^^^^
  File "C:\Proyectos\Bitacora E.E\backend\venv\Lib\site-packages\django\db\utils.py", line 94, in __exit__
    raise dj_exc_value.with_traceback(traceback) from exc_value
  File "C:\Proyectos\Bitacora E.E\backend\venv\Lib\site-packages\django\db\backends\utils.py", line 105, in _execute
    return self.cursor.execute(sql, params)
           ~~~~~~~~~~~~~~~~~~~^^^^^^^^^^^^^
  File "C:\Proyectos\Bitacora E.E\backend\venv\Lib\site-packages\psycopg\cursor.py", line 117, in execute
    raise ex.with_traceback(None)
django.db.utils.ProgrammingError: relation "buses_configuracionsistema" does not exist
LINE 1: ...buses_configuracionsistema"."actualizado_en" FROM "buses_con...
                                                             ^
{"timestamp": "2026-09-19T03:22:53-0500", "level": "ERROR", "logger": "django.server", "line": 283, "message": ""GET /api/configuracion/distribucion-tabla/busae/ HTTP/1.1" 500 27868"}
{"timestamp": "2026-09-19T03:23:20-0500", "level": "ERROR", "logger": "django.request", "line": 283, "message": "Internal Server Error: /api/configuracion/distribucion-tabla/bitacora/"}
Traceback (most recent call last):
  File "C:\Proyectos\Bitacora E.E\backend\venv\Lib\site-packages\django\db\backends\utils.py", line 105, in _execute
    return self.cursor.execute(sql, params)
           ~~~~~~~~~~~~~~~~~~~^^^^^^^^^^^^^
  File "C:\Proyectos\Bitacora E.E\backend\venv\Lib\site-packages\psycopg\cursor.py", line 117, in execute
    raise ex.with_traceback(None)
psycopg.errors.UndefinedTable: relation "buses_configuracionsistema" does not exist
LINE 1: ...buses_configuracionsistema"."actualizado_en" FROM "buses_con...
                                                             ^

The above exception was the direct cause of the following exception:

Traceback (most recent call last):
  File "C:\Proyectos\Bitacora E.E\backend\venv\Lib\site-packages\django\core\handlers\exception.py", line 56, in inner
    response = get_response(request)
  File "C:\Proyectos\Bitacora E.E\backend\venv\Lib\site-packages\django\core\handlers\base.py", line 199, in _get_response
    response = wrapped_callback(request, *callback_args, **callback_kwargs)
  File "C:\Proyectos\Bitacora E.E\backend\venv\Lib\site-packages\django\views\decorators\csrf.py", line 64, in _view_wrapper
    return view_func(request, *args, **kwargs)
  File "C:\Proyectos\Bitacora E.E\backend\venv\Lib\site-packages\rest_framework\viewsets.py", line 124, in view
    return self.dispatch(request, *args, **kwargs)
           ~~~~~~~~~~~~~^^^^^^^^^^^^^^^^^^^^^^^^^^
  File "C:\Proyectos\Bitacora E.E\backend\venv\Lib\site-packages\rest_framework\views.py", line 526, in dispatch
    response = self.handle_exception(exc)
  File "C:\Proyectos\Bitacora E.E\backend\venv\Lib\site-packages\rest_framework\views.py", line 474, in handle_exception
    self.raise_uncaught_exception(exc)
    ~~~~~~~~~~~~~~~~~~~~~~~~~~~~~^^^^^
  File "C:\Proyectos\Bitacora E.E\backend\venv\Lib\site-packages\rest_framework\views.py", line 485, in raise_uncaught_exception
    raise exc
  File "C:\Proyectos\Bitacora E.E\backend\venv\Lib\site-packages\rest_framework\views.py", line 523, in dispatch
    response = handler(request, *args, **kwargs)
  File "C:\Proyectos\Bitacora E.E\backend\buses\views.py", line 1830, in distribucion_tabla
    conf = ConfiguracionSistema.objects.filter(clave=clave).first()
  File "C:\Proyectos\Bitacora E.E\backend\venv\Lib\site-packages\django\db\models\query.py", line 1228, in first
    for obj in queryset[:1]:
               ~~~~~~~~^^^^
  File "C:\Proyectos\Bitacora E.E\backend\venv\Lib\site-packages\django\db\models\query.py", line 473, in __iter__
    self._fetch_all()
    ~~~~~~~~~~~~~~~^^
  File "C:\Proyectos\Bitacora E.E\backend\venv\Lib\site-packages\django\db\models\query.py", line 2287, in _fetch_all
    self._result_cache = list(self._iterable_class(self))
                         ~~~~^^^^^^^^^^^^^^^^^^^^^^^^^^^^
  File "C:\Proyectos\Bitacora E.E\backend\venv\Lib\site-packages\django\db\models\query.py", line 131, in __iter__
    results = compiler.execute_sql(
        chunked_fetch=self.chunked_fetch, chunk_size=self.chunk_size
    )
  File "C:\Proyectos\Bitacora E.E\backend\venv\Lib\site-packages\django\db\models\sql\compiler.py", line 1643, in execute_sql
    cursor.execute(sql, params)
    ~~~~~~~~~~~~~~^^^^^^^^^^^^^
  File "C:\Proyectos\Bitacora E.E\backend\venv\Lib\site-packages\django\db\backends\utils.py", line 122, in execute
    return super().execute(sql, params)
           ~~~~~~~~~~~~~~~^^^^^^^^^^^^^
  File "C:\Proyectos\Bitacora E.E\backend\venv\Lib\site-packages\django\db\backends\utils.py", line 79, in execute
    return self._execute_with_wrappers(
           ~~~~~~~~~~~~~~~~~~~~~~~~~~~^
        sql, params, many=False, executor=self._execute
        ^^^^^^^^^^^^^^^^^^^^^^^^^^^^^^^^^^^^^^^^^^^^^^^
    )
    ^
  File "C:\Proyectos\Bitacora E.E\backend\venv\Lib\site-packages\django\db\backends\utils.py", line 92, in _execute_with_wrappers
    return executor(sql, params, many, context)
  File "C:\Proyectos\Bitacora E.E\backend\venv\Lib\site-packages\django\db\backends\utils.py", line 100, in _execute
    with self.db.wrap_database_errors:
         ^^^^^^^^^^^^^^^^^^^^^^^^^^^^
  File "C:\Proyectos\Bitacora E.E\backend\venv\Lib\site-packages\django\db\utils.py", line 94, in __exit__
    raise dj_exc_value.with_traceback(traceback) from exc_value
  File "C:\Proyectos\Bitacora E.E\backend\venv\Lib\site-packages\django\db\backends\utils.py", line 105, in _execute
    return self.cursor.execute(sql, params)
           ~~~~~~~~~~~~~~~~~~~^^^^^^^^^^^^^
  File "C:\Proyectos\Bitacora E.E\backend\venv\Lib\site-packages\psycopg\cursor.py", line 117, in execute
    raise ex.with_traceback(None)
django.db.utils.ProgrammingError: relation "buses_configuracionsistema" does not exist
LINE 1: ...buses_configuracionsistema"."actualizado_en" FROM "buses_con...
                                                             ^
{"timestamp": "2026-09-19T03:23:20-0500", "level": "ERROR", "logger": "django.server", "line": 283, "message": ""GET /api/configuracion/distribucion-tabla/bitacora/ HTTP/1.1" 500 27888"}
{"timestamp": "2026-09-19T03:23:20-0500", "level": "ERROR", "logger": "django.request", "line": 283, "message": "Internal Server Error: /api/configuracion/distribucion-tabla/bitacora/"}
Traceback (most recent call last):
  File "C:\Proyectos\Bitacora E.E\backend\venv\Lib\site-packages\django\db\backends\utils.py", line 105, in _execute
    return self.cursor.execute(sql, params)
           ~~~~~~~~~~~~~~~~~~~^^^^^^^^^^^^^
  File "C:\Proyectos\Bitacora E.E\backend\venv\Lib\site-packages\psycopg\cursor.py", line 117, in execute
    raise ex.with_traceback(None)
psycopg.errors.UndefinedTable: relation "buses_configuracionsistema" does not exist
LINE 1: ...buses_configuracionsistema"."actualizado_en" FROM "buses_con...
                                                             ^

The above exception was the direct cause of the following exception:

Traceback (most recent call last):
  File "C:\Proyectos\Bitacora E.E\backend\venv\Lib\site-packages\django\core\handlers\exception.py", line 56, in inner
    response = get_response(request)
  File "C:\Proyectos\Bitacora E.E\backend\venv\Lib\site-packages\django\core\handlers\base.py", line 199, in _get_response
    response = wrapped_callback(request, *callback_args, **callback_kwargs)
  File "C:\Proyectos\Bitacora E.E\backend\venv\Lib\site-packages\django\views\decorators\csrf.py", line 64, in _view_wrapper
    return view_func(request, *args, **kwargs)
  File "C:\Proyectos\Bitacora E.E\backend\venv\Lib\site-packages\rest_framework\viewsets.py", line 124, in view
    return self.dispatch(request, *args, **kwargs)
           ~~~~~~~~~~~~~^^^^^^^^^^^^^^^^^^^^^^^^^^
  File "C:\Proyectos\Bitacora E.E\backend\venv\Lib\site-packages\rest_framework\views.py", line 526, in dispatch
    response = self.handle_exception(exc)
  File "C:\Proyectos\Bitacora E.E\backend\venv\Lib\site-packages\rest_framework\views.py", line 474, in handle_exception
    self.raise_uncaught_exception(exc)
    ~~~~~~~~~~~~~~~~~~~~~~~~~~~~~^^^^^
  File "C:\Proyectos\Bitacora E.E\backend\venv\Lib\site-packages\rest_framework\views.py", line 485, in raise_uncaught_exception
    raise exc
  File "C:\Proyectos\Bitacora E.E\backend\venv\Lib\site-packages\rest_framework\views.py", line 523, in dispatch
    response = handler(request, *args, **kwargs)
  File "C:\Proyectos\Bitacora E.E\backend\buses\views.py", line 1830, in distribucion_tabla
    conf = ConfiguracionSistema.objects.filter(clave=clave).first()
  File "C:\Proyectos\Bitacora E.E\backend\venv\Lib\site-packages\django\db\models\query.py", line 1228, in first
    for obj in queryset[:1]:
               ~~~~~~~~^^^^
  File "C:\Proyectos\Bitacora E.E\backend\venv\Lib\site-packages\django\db\models\query.py", line 473, in __iter__
    self._fetch_all()
    ~~~~~~~~~~~~~~~^^
  File "C:\Proyectos\Bitacora E.E\backend\venv\Lib\site-packages\django\db\models\query.py", line 2287, in _fetch_all
    self._result_cache = list(self._iterable_class(self))
                         ~~~~^^^^^^^^^^^^^^^^^^^^^^^^^^^^
  File "C:\Proyectos\Bitacora E.E\backend\venv\Lib\site-packages\django\db\models\query.py", line 131, in __iter__
    results = compiler.execute_sql(
        chunked_fetch=self.chunked_fetch, chunk_size=self.chunk_size
    )
  File "C:\Proyectos\Bitacora E.E\backend\venv\Lib\site-packages\django\db\models\sql\compiler.py", line 1643, in execute_sql
    cursor.execute(sql, params)
    ~~~~~~~~~~~~~~^^^^^^^^^^^^^
  File "C:\Proyectos\Bitacora E.E\backend\venv\Lib\site-packages\django\db\backends\utils.py", line 122, in execute
    return super().execute(sql, params)
           ~~~~~~~~~~~~~~~^^^^^^^^^^^^^
  File "C:\Proyectos\Bitacora E.E\backend\venv\Lib\site-packages\django\db\backends\utils.py", line 79, in execute
    return self._execute_with_wrappers(
           ~~~~~~~~~~~~~~~~~~~~~~~~~~~^
        sql, params, many=False, executor=self._execute
        ^^^^^^^^^^^^^^^^^^^^^^^^^^^^^^^^^^^^^^^^^^^^^^^
    )
    ^
  File "C:\Proyectos\Bitacora E.E\backend\venv\Lib\site-packages\django\db\backends\utils.py", line 92, in _execute_with_wrappers
    return executor(sql, params, many, context)
  File "C:\Proyectos\Bitacora E.E\backend\venv\Lib\site-packages\django\db\backends\utils.py", line 100, in _execute
    with self.db.wrap_database_errors:
         ^^^^^^^^^^^^^^^^^^^^^^^^^^^^
  File "C:\Proyectos\Bitacora E.E\backend\venv\Lib\site-packages\django\db\utils.py", line 94, in __exit__
    raise dj_exc_value.with_traceback(traceback) from exc_value
  File "C:\Proyectos\Bitacora E.E\backend\venv\Lib\site-packages\django\db\backends\utils.py", line 105, in _execute
    return self.cursor.execute(sql, params)
           ~~~~~~~~~~~~~~~~~~~^^^^^^^^^^^^^
  File "C:\Proyectos\Bitacora E.E\backend\venv\Lib\site-packages\psycopg\cursor.py", line 117, in execute
    raise ex.with_traceback(None)
django.db.utils.ProgrammingError: relation "buses_configuracionsistema" does not exist
LINE 1: ...buses_configuracionsistema"."actualizado_en" FROM "buses_con...
                                                             ^
{"timestamp": "2026-09-19T03:23:20-0500", "level": "ERROR", "logger": "django.server", "line": 283, "message": ""GET /api/configuracion/distribucion-tabla/bitacora/ HTTP/1.1" 500 27888"}
{"timestamp": "2026-09-19T03:23:34-0500", "level": "ERROR", "logger": "django.request", "line": 283, "message": "Internal Server Error: /api/configuracion/distribucion-tabla/bitacora/"}
Traceback (most recent call last):
  File "C:\Proyectos\Bitacora E.E\backend\venv\Lib\site-packages\django\db\backends\utils.py", line 105, in _execute
    return self.cursor.execute(sql, params)
           ~~~~~~~~~~~~~~~~~~~^^^^^^^^^^^^^
  File "C:\Proyectos\Bitacora E.E\backend\venv\Lib\site-packages\psycopg\cursor.py", line 117, in execute
    raise ex.with_traceback(None)
psycopg.errors.UndefinedTable: relation "buses_configuracionsistema" does not exist
LINE 1: ...buses_configuracionsistema"."actualizado_en" FROM "buses_con...
                                                             ^

The above exception was the direct cause of the following exception:

Traceback (most recent call last):
  File "C:\Proyectos\Bitacora E.E\backend\venv\Lib\site-packages\django\core\handlers\exception.py", line 56, in inner
    response = get_response(request)
  File "C:\Proyectos\Bitacora E.E\backend\venv\Lib\site-packages\django\core\handlers\base.py", line 199, in _get_response
    response = wrapped_callback(request, *callback_args, **callback_kwargs)
  File "C:\Proyectos\Bitacora E.E\backend\venv\Lib\site-packages\django\views\decorators\csrf.py", line 64, in _view_wrapper
    return view_func(request, *args, **kwargs)
  File "C:\Proyectos\Bitacora E.E\backend\venv\Lib\site-packages\rest_framework\viewsets.py", line 124, in view
    return self.dispatch(request, *args, **kwargs)
           ~~~~~~~~~~~~~^^^^^^^^^^^^^^^^^^^^^^^^^^
  File "C:\Proyectos\Bitacora E.E\backend\venv\Lib\site-packages\rest_framework\views.py", line 526, in dispatch
    response = self.handle_exception(exc)
  File "C:\Proyectos\Bitacora E.E\backend\venv\Lib\site-packages\rest_framework\views.py", line 474, in handle_exception
    self.raise_uncaught_exception(exc)
    ~~~~~~~~~~~~~~~~~~~~~~~~~~~~~^^^^^
  File "C:\Proyectos\Bitacora E.E\backend\venv\Lib\site-packages\rest_framework\views.py", line 485, in raise_uncaught_exception
    raise exc
  File "C:\Proyectos\Bitacora E.E\backend\venv\Lib\site-packages\rest_framework\views.py", line 523, in dispatch
    response = handler(request, *args, **kwargs)
  File "C:\Proyectos\Bitacora E.E\backend\buses\views.py", line 1830, in distribucion_tabla
    conf = ConfiguracionSistema.objects.filter(clave=clave).first()
  File "C:\Proyectos\Bitacora E.E\backend\venv\Lib\site-packages\django\db\models\query.py", line 1228, in first
    for obj in queryset[:1]:
               ~~~~~~~~^^^^
  File "C:\Proyectos\Bitacora E.E\backend\venv\Lib\site-packages\django\db\models\query.py", line 473, in __iter__
    self._fetch_all()
    ~~~~~~~~~~~~~~~^^
  File "C:\Proyectos\Bitacora E.E\backend\venv\Lib\site-packages\django\db\models\query.py", line 2287, in _fetch_all
    self._result_cache = list(self._iterable_class(self))
                         ~~~~^^^^^^^^^^^^^^^^^^^^^^^^^^^^
  File "C:\Proyectos\Bitacora E.E\backend\venv\Lib\site-packages\django\db\models\query.py", line 131, in __iter__
    results = compiler.execute_sql(
        chunked_fetch=self.chunked_fetch, chunk_size=self.chunk_size
    )
  File "C:\Proyectos\Bitacora E.E\backend\venv\Lib\site-packages\django\db\models\sql\compiler.py", line 1643, in execute_sql
    cursor.execute(sql, params)
    ~~~~~~~~~~~~~~^^^^^^^^^^^^^
  File "C:\Proyectos\Bitacora E.E\backend\venv\Lib\site-packages\django\db\backends\utils.py", line 122, in execute
    return super().execute(sql, params)
           ~~~~~~~~~~~~~~~^^^^^^^^^^^^^
  File "C:\Proyectos\Bitacora E.E\backend\venv\Lib\site-packages\django\db\backends\utils.py", line 79, in execute
    return self._execute_with_wrappers(
           ~~~~~~~~~~~~~~~~~~~~~~~~~~~^
        sql, params, many=False, executor=self._execute
        ^^^^^^^^^^^^^^^^^^^^^^^^^^^^^^^^^^^^^^^^^^^^^^^
    )
    ^
  File "C:\Proyectos\Bitacora E.E\backend\venv\Lib\site-packages\django\db\backends\utils.py", line 92, in _execute_with_wrappers
    return executor(sql, params, many, context)
  File "C:\Proyectos\Bitacora E.E\backend\venv\Lib\site-packages\django\db\backends\utils.py", line 100, in _execute
    with self.db.wrap_database_errors:
         ^^^^^^^^^^^^^^^^^^^^^^^^^^^^
  File "C:\Proyectos\Bitacora E.E\backend\venv\Lib\site-packages\django\db\utils.py", line 94, in __exit__
    raise dj_exc_value.with_traceback(traceback) from exc_value
  File "C:\Proyectos\Bitacora E.E\backend\venv\Lib\site-packages\django\db\backends\utils.py", line 105, in _execute
    return self.cursor.execute(sql, params)
           ~~~~~~~~~~~~~~~~~~~^^^^^^^^^^^^^
  File "C:\Proyectos\Bitacora E.E\backend\venv\Lib\site-packages\psycopg\cursor.py", line 117, in execute
    raise ex.with_traceback(None)
django.db.utils.ProgrammingError: relation "buses_configuracionsistema" does not exist
LINE 1: ...buses_configuracionsistema"."actualizado_en" FROM "buses_con...
                                                             ^
{"timestamp": "2026-09-19T03:23:34-0500", "level": "ERROR", "logger": "django.server", "line": 283, "message": ""GET /api/configuracion/distribucion-tabla/bitacora/ HTTP/1.1" 500 27888"}
{"timestamp": "2026-09-19T03:23:34-0500", "level": "ERROR", "logger": "django.request", "line": 283, "message": "Internal Server Error: /api/configuracion/distribucion-tabla/bitacora/"}
Traceback (most recent call last):
  File "C:\Proyectos\Bitacora E.E\backend\venv\Lib\site-packages\django\db\backends\utils.py", line 105, in _execute
    return self.cursor.execute(sql, params)
           ~~~~~~~~~~~~~~~~~~~^^^^^^^^^^^^^
  File "C:\Proyectos\Bitacora E.E\backend\venv\Lib\site-packages\psycopg\cursor.py", line 117, in execute
    raise ex.with_traceback(None)
psycopg.errors.UndefinedTable: relation "buses_configuracionsistema" does not exist
LINE 1: ...buses_configuracionsistema"."actualizado_en" FROM "buses_con...
                                                             ^

The above exception was the direct cause of the following exception:

Traceback (most recent call last):
  File "C:\Proyectos\Bitacora E.E\backend\venv\Lib\site-packages\django\core\handlers\exception.py", line 56, in inner
    response = get_response(request)
  File "C:\Proyectos\Bitacora E.E\backend\venv\Lib\site-packages\django\core\handlers\base.py", line 199, in _get_response
    response = wrapped_callback(request, *callback_args, **callback_kwargs)
  File "C:\Proyectos\Bitacora E.E\backend\venv\Lib\site-packages\django\views\decorators\csrf.py", line 64, in _view_wrapper
    return view_func(request, *args, **kwargs)
  File "C:\Proyectos\Bitacora E.E\backend\venv\Lib\site-packages\rest_framework\viewsets.py", line 124, in view
    return self.dispatch(request, *args, **kwargs)
           ~~~~~~~~~~~~~^^^^^^^^^^^^^^^^^^^^^^^^^^
  File "C:\Proyectos\Bitacora E.E\backend\venv\Lib\site-packages\rest_framework\views.py", line 526, in dispatch
    response = self.handle_exception(exc)
  File "C:\Proyectos\Bitacora E.E\backend\venv\Lib\site-packages\rest_framework\views.py", line 474, in handle_exception
    self.raise_uncaught_exception(exc)
    ~~~~~~~~~~~~~~~~~~~~~~~~~~~~~^^^^^
  File "C:\Proyectos\Bitacora E.E\backend\venv\Lib\site-packages\rest_framework\views.py", line 485, in raise_uncaught_exception
    raise exc
  File "C:\Proyectos\Bitacora E.E\backend\venv\Lib\site-packages\rest_framework\views.py", line 523, in dispatch
    response = handler(request, *args, **kwargs)
  File "C:\Proyectos\Bitacora E.E\backend\buses\views.py", line 1830, in distribucion_tabla
    conf = ConfiguracionSistema.objects.filter(clave=clave).first()
  File "C:\Proyectos\Bitacora E.E\backend\venv\Lib\site-packages\django\db\models\query.py", line 1228, in first
    for obj in queryset[:1]:
               ~~~~~~~~^^^^
  File "C:\Proyectos\Bitacora E.E\backend\venv\Lib\site-packages\django\db\models\query.py", line 473, in __iter__
    self._fetch_all()
    ~~~~~~~~~~~~~~~^^
  File "C:\Proyectos\Bitacora E.E\backend\venv\Lib\site-packages\django\db\models\query.py", line 2287, in _fetch_all
    self._result_cache = list(self._iterable_class(self))
                         ~~~~^^^^^^^^^^^^^^^^^^^^^^^^^^^^
  File "C:\Proyectos\Bitacora E.E\backend\venv\Lib\site-packages\django\db\models\query.py", line 131, in __iter__
    results = compiler.execute_sql(
        chunked_fetch=self.chunked_fetch, chunk_size=self.chunk_size
    )
  File "C:\Proyectos\Bitacora E.E\backend\venv\Lib\site-packages\django\db\models\sql\compiler.py", line 1643, in execute_sql
    cursor.execute(sql, params)
    ~~~~~~~~~~~~~~^^^^^^^^^^^^^
  File "C:\Proyectos\Bitacora E.E\backend\venv\Lib\site-packages\django\db\backends\utils.py", line 122, in execute
    return super().execute(sql, params)
           ~~~~~~~~~~~~~~~^^^^^^^^^^^^^
  File "C:\Proyectos\Bitacora E.E\backend\venv\Lib\site-packages\django\db\backends\utils.py", line 79, in execute
    return self._execute_with_wrappers(
           ~~~~~~~~~~~~~~~~~~~~~~~~~~~^
        sql, params, many=False, executor=self._execute
        ^^^^^^^^^^^^^^^^^^^^^^^^^^^^^^^^^^^^^^^^^^^^^^^
    )
    ^
  File "C:\Proyectos\Bitacora E.E\backend\venv\Lib\site-packages\django\db\backends\utils.py", line 92, in _execute_with_wrappers
    return executor(sql, params, many, context)
  File "C:\Proyectos\Bitacora E.E\backend\venv\Lib\site-packages\django\db\backends\utils.py", line 100, in _execute
    with self.db.wrap_database_errors:
         ^^^^^^^^^^^^^^^^^^^^^^^^^^^^
  File "C:\Proyectos\Bitacora E.E\backend\venv\Lib\site-packages\django\db\utils.py", line 94, in __exit__
    raise dj_exc_value.with_traceback(traceback) from exc_value
  File "C:\Proyectos\Bitacora E.E\backend\venv\Lib\site-packages\django\db\backends\utils.py", line 105, in _execute
    return self.cursor.execute(sql, params)
           ~~~~~~~~~~~~~~~~~~~^^^^^^^^^^^^^
  File "C:\Proyectos\Bitacora E.E\backend\venv\Lib\site-packages\psycopg\cursor.py", line 117, in execute
    raise ex.with_traceback(None)
django.db.utils.ProgrammingError: relation "buses_configuracionsistema" does not exist
LINE 1: ...buses_configuracionsistema"."actualizado_en" FROM "buses_con...
                                                             ^
{"timestamp": "2026-09-19T03:23:34-0500", "level": "ERROR", "logger": "django.server", "line": 283, "message": ""GET /api/configuracion/distribucion-tabla/bitacora/ HTTP/1.1" 500 27888"}
{"timestamp": "2026-09-19T03:23:35-0500", "level": "ERROR", "logger": "django.request", "line": 283, "message": "Internal Server Error: /api/configuracion/distribucion-tabla/bitacora/"}
Traceback (most recent call last):
  File "C:\Proyectos\Bitacora E.E\backend\venv\Lib\site-packages\django\db\backends\utils.py", line 105, in _execute
    return self.cursor.execute(sql, params)
           ~~~~~~~~~~~~~~~~~~~^^^^^^^^^^^^^
  File "C:\Proyectos\Bitacora E.E\backend\venv\Lib\site-packages\psycopg\cursor.py", line 117, in execute
    raise ex.with_traceback(None)
psycopg.errors.UndefinedTable: relation "buses_configuracionsistema" does not exist
LINE 1: ...buses_configuracionsistema"."actualizado_en" FROM "buses_con...
                                                             ^

The above exception was the direct cause of the following exception:

Traceback (most recent call last):
  File "C:\Proyectos\Bitacora E.E\backend\venv\Lib\site-packages\django\core\handlers\exception.py", line 56, in inner
    response = get_response(request)
  File "C:\Proyectos\Bitacora E.E\backend\venv\Lib\site-packages\django\core\handlers\base.py", line 199, in _get_response
    response = wrapped_callback(request, *callback_args, **callback_kwargs)
  File "C:\Proyectos\Bitacora E.E\backend\venv\Lib\site-packages\django\views\decorators\csrf.py", line 64, in _view_wrapper
    return view_func(request, *args, **kwargs)
  File "C:\Proyectos\Bitacora E.E\backend\venv\Lib\site-packages\rest_framework\viewsets.py", line 124, in view
    return self.dispatch(request, *args, **kwargs)
           ~~~~~~~~~~~~~^^^^^^^^^^^^^^^^^^^^^^^^^^
  File "C:\Proyectos\Bitacora E.E\backend\venv\Lib\site-packages\rest_framework\views.py", line 526, in dispatch
    response = self.handle_exception(exc)
  File "C:\Proyectos\Bitacora E.E\backend\venv\Lib\site-packages\rest_framework\views.py", line 474, in handle_exception
    self.raise_uncaught_exception(exc)
    ~~~~~~~~~~~~~~~~~~~~~~~~~~~~~^^^^^
  File "C:\Proyectos\Bitacora E.E\backend\venv\Lib\site-packages\rest_framework\views.py", line 485, in raise_uncaught_exception
    raise exc
  File "C:\Proyectos\Bitacora E.E\backend\venv\Lib\site-packages\rest_framework\views.py", line 523, in dispatch
    response = handler(request, *args, **kwargs)
  File "C:\Proyectos\Bitacora E.E\backend\buses\views.py", line 1830, in distribucion_tabla
    conf = ConfiguracionSistema.objects.filter(clave=clave).first()
  File "C:\Proyectos\Bitacora E.E\backend\venv\Lib\site-packages\django\db\models\query.py", line 1228, in first
    for obj in queryset[:1]:
               ~~~~~~~~^^^^
  File "C:\Proyectos\Bitacora E.E\backend\venv\Lib\site-packages\django\db\models\query.py", line 473, in __iter__
    self._fetch_all()
    ~~~~~~~~~~~~~~~^^
  File "C:\Proyectos\Bitacora E.E\backend\venv\Lib\site-packages\django\db\models\query.py", line 2287, in _fetch_all
    self._result_cache = list(self._iterable_class(self))
                         ~~~~^^^^^^^^^^^^^^^^^^^^^^^^^^^^
  File "C:\Proyectos\Bitacora E.E\backend\venv\Lib\site-packages\django\db\models\query.py", line 131, in __iter__
    results = compiler.execute_sql(
        chunked_fetch=self.chunked_fetch, chunk_size=self.chunk_size
    )
  File "C:\Proyectos\Bitacora E.E\backend\venv\Lib\site-packages\django\db\models\sql\compiler.py", line 1643, in execute_sql
    cursor.execute(sql, params)
    ~~~~~~~~~~~~~~^^^^^^^^^^^^^
  File "C:\Proyectos\Bitacora E.E\backend\venv\Lib\site-packages\django\db\backends\utils.py", line 122, in execute
    return super().execute(sql, params)
           ~~~~~~~~~~~~~~~^^^^^^^^^^^^^
  File "C:\Proyectos\Bitacora E.E\backend\venv\Lib\site-packages\django\db\backends\utils.py", line 79, in execute
    return self._execute_with_wrappers(
           ~~~~~~~~~~~~~~~~~~~~~~~~~~~^
        sql, params, many=False, executor=self._execute
        ^^^^^^^^^^^^^^^^^^^^^^^^^^^^^^^^^^^^^^^^^^^^^^^
    )
    ^
  File "C:\Proyectos\Bitacora E.E\backend\venv\Lib\site-packages\django\db\backends\utils.py", line 92, in _execute_with_wrappers
    return executor(sql, params, many, context)
  File "C:\Proyectos\Bitacora E.E\backend\venv\Lib\site-packages\django\db\backends\utils.py", line 100, in _execute
    with self.db.wrap_database_errors:
         ^^^^^^^^^^^^^^^^^^^^^^^^^^^^
  File "C:\Proyectos\Bitacora E.E\backend\venv\Lib\site-packages\django\db\utils.py", line 94, in __exit__
    raise dj_exc_value.with_traceback(traceback) from exc_value
  File "C:\Proyectos\Bitacora E.E\backend\venv\Lib\site-packages\django\db\backends\utils.py", line 105, in _execute
    return self.cursor.execute(sql, params)
           ~~~~~~~~~~~~~~~~~~~^^^^^^^^^^^^^
  File "C:\Proyectos\Bitacora E.E\backend\venv\Lib\site-packages\psycopg\cursor.py", line 117, in execute
    raise ex.with_traceback(None)
django.db.utils.ProgrammingError: relation "buses_configuracionsistema" does not exist
LINE 1: ...buses_configuracionsistema"."actualizado_en" FROM "buses_con...
                                                             ^
{"timestamp": "2026-09-19T03:23:35-0500", "level": "ERROR", "logger": "django.server", "line": 283, "message": ""GET /api/configuracion/distribucion-tabla/bitacora/ HTTP/1.1" 500 27888"}
{"timestamp": "2026-09-19T03:23:38-0500", "level": "ERROR", "logger": "django.request", "line": 283, "message": "Internal Server Error: /api/configuracion/distribucion-tabla/bitacora/"}
Traceback (most recent call last):
  File "C:\Proyectos\Bitacora E.E\backend\venv\Lib\site-packages\django\db\backends\utils.py", line 105, in _execute
    return self.cursor.execute(sql, params)
           ~~~~~~~~~~~~~~~~~~~^^^^^^^^^^^^^
  File "C:\Proyectos\Bitacora E.E\backend\venv\Lib\site-packages\psycopg\cursor.py", line 117, in execute
    raise ex.with_traceback(None)
psycopg.errors.UndefinedTable: relation "buses_configuracionsistema" does not exist
LINE 1: ...buses_configuracionsistema"."actualizado_en" FROM "buses_con...
                                                             ^

The above exception was the direct cause of the following exception:

Traceback (most recent call last):
  File "C:\Proyectos\Bitacora E.E\backend\venv\Lib\site-packages\django\core\handlers\exception.py", line 56, in inner
    response = get_response(request)
  File "C:\Proyectos\Bitacora E.E\backend\venv\Lib\site-packages\django\core\handlers\base.py", line 199, in _get_response
    response = wrapped_callback(request, *callback_args, **callback_kwargs)
  File "C:\Proyectos\Bitacora E.E\backend\venv\Lib\site-packages\django\views\decorators\csrf.py", line 64, in _view_wrapper
    return view_func(request, *args, **kwargs)
  File "C:\Proyectos\Bitacora E.E\backend\venv\Lib\site-packages\rest_framework\viewsets.py", line 124, in view
    return self.dispatch(request, *args, **kwargs)
           ~~~~~~~~~~~~~^^^^^^^^^^^^^^^^^^^^^^^^^^
  File "C:\Proyectos\Bitacora E.E\backend\venv\Lib\site-packages\rest_framework\views.py", line 526, in dispatch
    response = self.handle_exception(exc)
  File "C:\Proyectos\Bitacora E.E\backend\venv\Lib\site-packages\rest_framework\views.py", line 474, in handle_exception
    self.raise_uncaught_exception(exc)
    ~~~~~~~~~~~~~~~~~~~~~~~~~~~~~^^^^^
  File "C:\Proyectos\Bitacora E.E\backend\venv\Lib\site-packages\rest_framework\views.py", line 485, in raise_uncaught_exception
    raise exc
  File "C:\Proyectos\Bitacora E.E\backend\venv\Lib\site-packages\rest_framework\views.py", line 523, in dispatch
    response = handler(request, *args, **kwargs)
  File "C:\Proyectos\Bitacora E.E\backend\buses\views.py", line 1830, in distribucion_tabla
    conf = ConfiguracionSistema.objects.filter(clave=clave).first()
  File "C:\Proyectos\Bitacora E.E\backend\venv\Lib\site-packages\django\db\models\query.py", line 1228, in first
    for obj in queryset[:1]:
               ~~~~~~~~^^^^
  File "C:\Proyectos\Bitacora E.E\backend\venv\Lib\site-packages\django\db\models\query.py", line 473, in __iter__
    self._fetch_all()
    ~~~~~~~~~~~~~~~^^
  File "C:\Proyectos\Bitacora E.E\backend\venv\Lib\site-packages\django\db\models\query.py", line 2287, in _fetch_all
    self._result_cache = list(self._iterable_class(self))
                         ~~~~^^^^^^^^^^^^^^^^^^^^^^^^^^^^
  File "C:\Proyectos\Bitacora E.E\backend\venv\Lib\site-packages\django\db\models\query.py", line 131, in __iter__
    results = compiler.execute_sql(
        chunked_fetch=self.chunked_fetch, chunk_size=self.chunk_size
    )
  File "C:\Proyectos\Bitacora E.E\backend\venv\Lib\site-packages\django\db\models\sql\compiler.py", line 1643, in execute_sql
    cursor.execute(sql, params)
    ~~~~~~~~~~~~~~^^^^^^^^^^^^^
  File "C:\Proyectos\Bitacora E.E\backend\venv\Lib\site-packages\django\db\backends\utils.py", line 122, in execute
    return super().execute(sql, params)
           ~~~~~~~~~~~~~~~^^^^^^^^^^^^^
  File "C:\Proyectos\Bitacora E.E\backend\venv\Lib\site-packages\django\db\backends\utils.py", line 79, in execute
    return self._execute_with_wrappers(
           ~~~~~~~~~~~~~~~~~~~~~~~~~~~^
        sql, params, many=False, executor=self._execute
        ^^^^^^^^^^^^^^^^^^^^^^^^^^^^^^^^^^^^^^^^^^^^^^^
    )
    ^
  File "C:\Proyectos\Bitacora E.E\backend\venv\Lib\site-packages\django\db\backends\utils.py", line 92, in _execute_with_wrappers
    return executor(sql, params, many, context)
  File "C:\Proyectos\Bitacora E.E\backend\venv\Lib\site-packages\django\db\backends\utils.py", line 100, in _execute
    with self.db.wrap_database_errors:
         ^^^^^^^^^^^^^^^^^^^^^^^^^^^^
  File "C:\Proyectos\Bitacora E.E\backend\venv\Lib\site-packages\django\db\utils.py", line 94, in __exit__
    raise dj_exc_value.with_traceback(traceback) from exc_value
  File "C:\Proyectos\Bitacora E.E\backend\venv\Lib\site-packages\django\db\backends\utils.py", line 105, in _execute
    return self.cursor.execute(sql, params)
           ~~~~~~~~~~~~~~~~~~~^^^^^^^^^^^^^
  File "C:\Proyectos\Bitacora E.E\backend\venv\Lib\site-packages\psycopg\cursor.py", line 117, in execute
    raise ex.with_traceback(None)
django.db.utils.ProgrammingError: relation "buses_configuracionsistema" does not exist
LINE 1: ...buses_configuracionsistema"."actualizado_en" FROM "buses_con...
                                                             ^
{"timestamp": "2026-09-19T03:23:38-0500", "level": "ERROR", "logger": "django.server", "line": 283, "message": ""GET /api/configuracion/distribucion-tabla/bitacora/ HTTP/1.1" 500 27888"}
{"timestamp": "2026-09-19T03:23:38-0500", "level": "ERROR", "logger": "django.request", "line": 283, "message": "Internal Server Error: /api/configuracion/distribucion-tabla/bitacora/"}
Traceback (most recent call last):
  File "C:\Proyectos\Bitacora E.E\backend\venv\Lib\site-packages\django\db\backends\utils.py", line 105, in _execute
    return self.cursor.execute(sql, params)
           ~~~~~~~~~~~~~~~~~~~^^^^^^^^^^^^^
  File "C:\Proyectos\Bitacora E.E\backend\venv\Lib\site-packages\psycopg\cursor.py", line 117, in execute
    raise ex.with_traceback(None)
psycopg.errors.UndefinedTable: relation "buses_configuracionsistema" does not exist
LINE 1: ...buses_configuracionsistema"."actualizado_en" FROM "buses_con...
                                                             ^

The above exception was the direct cause of the following exception:

Traceback (most recent call last):
  File "C:\Proyectos\Bitacora E.E\backend\venv\Lib\site-packages\django\core\handlers\exception.py", line 56, in inner
    response = get_response(request)
  File "C:\Proyectos\Bitacora E.E\backend\venv\Lib\site-packages\django\core\handlers\base.py", line 199, in _get_response
    response = wrapped_callback(request, *callback_args, **callback_kwargs)
  File "C:\Proyectos\Bitacora E.E\backend\venv\Lib\site-packages\django\views\decorators\csrf.py", line 64, in _view_wrapper
    return view_func(request, *args, **kwargs)
  File "C:\Proyectos\Bitacora E.E\backend\venv\Lib\site-packages\rest_framework\viewsets.py", line 124, in view
    return self.dispatch(request, *args, **kwargs)
           ~~~~~~~~~~~~~^^^^^^^^^^^^^^^^^^^^^^^^^^
  File "C:\Proyectos\Bitacora E.E\backend\venv\Lib\site-packages\rest_framework\views.py", line 526, in dispatch
    response = self.handle_exception(exc)
  File "C:\Proyectos\Bitacora E.E\backend\venv\Lib\site-packages\rest_framework\views.py", line 474, in handle_exception
    self.raise_uncaught_exception(exc)
    ~~~~~~~~~~~~~~~~~~~~~~~~~~~~~^^^^^
  File "C:\Proyectos\Bitacora E.E\backend\venv\Lib\site-packages\rest_framework\views.py", line 485, in raise_uncaught_exception
    raise exc
  File "C:\Proyectos\Bitacora E.E\backend\venv\Lib\site-packages\rest_framework\views.py", line 523, in dispatch
    response = handler(request, *args, **kwargs)
  File "C:\Proyectos\Bitacora E.E\backend\buses\views.py", line 1830, in distribucion_tabla
    conf = ConfiguracionSistema.objects.filter(clave=clave).first()
  File "C:\Proyectos\Bitacora E.E\backend\venv\Lib\site-packages\django\db\models\query.py", line 1228, in first
    for obj in queryset[:1]:
               ~~~~~~~~^^^^
  File "C:\Proyectos\Bitacora E.E\backend\venv\Lib\site-packages\django\db\models\query.py", line 473, in __iter__
    self._fetch_all()
    ~~~~~~~~~~~~~~~^^
  File "C:\Proyectos\Bitacora E.E\backend\venv\Lib\site-packages\django\db\models\query.py", line 2287, in _fetch_all
    self._result_cache = list(self._iterable_class(self))
                         ~~~~^^^^^^^^^^^^^^^^^^^^^^^^^^^^
  File "C:\Proyectos\Bitacora E.E\backend\venv\Lib\site-packages\django\db\models\query.py", line 131, in __iter__
    results = compiler.execute_sql(
        chunked_fetch=self.chunked_fetch, chunk_size=self.chunk_size
    )
  File "C:\Proyectos\Bitacora E.E\backend\venv\Lib\site-packages\django\db\models\sql\compiler.py", line 1643, in execute_sql
    cursor.execute(sql, params)
    ~~~~~~~~~~~~~~^^^^^^^^^^^^^
  File "C:\Proyectos\Bitacora E.E\backend\venv\Lib\site-packages\django\db\backends\utils.py", line 122, in execute
    return super().execute(sql, params)
           ~~~~~~~~~~~~~~~^^^^^^^^^^^^^
  File "C:\Proyectos\Bitacora E.E\backend\venv\Lib\site-packages\django\db\backends\utils.py", line 79, in execute
    return self._execute_with_wrappers(
           ~~~~~~~~~~~~~~~~~~~~~~~~~~~^
        sql, params, many=False, executor=self._execute
        ^^^^^^^^^^^^^^^^^^^^^^^^^^^^^^^^^^^^^^^^^^^^^^^
    )
    ^
  File "C:\Proyectos\Bitacora E.E\backend\venv\Lib\site-packages\django\db\backends\utils.py", line 92, in _execute_with_wrappers
    return executor(sql, params, many, context)
  File "C:\Proyectos\Bitacora E.E\backend\venv\Lib\site-packages\django\db\backends\utils.py", line 100, in _execute
    with self.db.wrap_database_errors:
         ^^^^^^^^^^^^^^^^^^^^^^^^^^^^
  File "C:\Proyectos\Bitacora E.E\backend\venv\Lib\site-packages\django\db\utils.py", line 94, in __exit__
    raise dj_exc_value.with_traceback(traceback) from exc_value
  File "C:\Proyectos\Bitacora E.E\backend\venv\Lib\site-packages\django\db\backends\utils.py", line 105, in _execute
    return self.cursor.execute(sql, params)
           ~~~~~~~~~~~~~~~~~~~^^^^^^^^^^^^^
  File "C:\Proyectos\Bitacora E.E\backend\venv\Lib\site-packages\psycopg\cursor.py", line 117, in execute
    raise ex.with_traceback(None)
django.db.utils.ProgrammingError: relation "buses_configuracionsistema" does not exist
LINE 1: ...buses_configuracionsistema"."actualizado_en" FROM "buses_con...
                                                             ^
{"timestamp": "2026-09-19T03:23:38-0500", "level": "ERROR", "logger": "django.server", "line": 283, "message": ""GET /api/configuracion/distribucion-tabla/bitacora/ HTTP/1.1" 500 27888"}
{"timestamp": "2026-09-19T03:23:39-0500", "level": "ERROR", "logger": "django.request", "line": 283, "message": "Internal Server Error: /api/configuracion/distribucion-tabla/bitacora/"}
Traceback (most recent call last):
  File "C:\Proyectos\Bitacora E.E\backend\venv\Lib\site-packages\django\db\backends\utils.py", line 105, in _execute
    return self.cursor.execute(sql, params)
           ~~~~~~~~~~~~~~~~~~~^^^^^^^^^^^^^
  File "C:\Proyectos\Bitacora E.E\backend\venv\Lib\site-packages\psycopg\cursor.py", line 117, in execute
    raise ex.with_traceback(None)
psycopg.errors.UndefinedTable: relation "buses_configuracionsistema" does not exist
LINE 1: ...buses_configuracionsistema"."actualizado_en" FROM "buses_con...
                                                             ^

The above exception was the direct cause of the following exception:

Traceback (most recent call last):
  File "C:\Proyectos\Bitacora E.E\backend\venv\Lib\site-packages\django\core\handlers\exception.py", line 56, in inner
    response = get_response(request)
  File "C:\Proyectos\Bitacora E.E\backend\venv\Lib\site-packages\django\core\handlers\base.py", line 199, in _get_response
    response = wrapped_callback(request, *callback_args, **callback_kwargs)
  File "C:\Proyectos\Bitacora E.E\backend\venv\Lib\site-packages\django\views\decorators\csrf.py", line 64, in _view_wrapper
    return view_func(request, *args, **kwargs)
  File "C:\Proyectos\Bitacora E.E\backend\venv\Lib\site-packages\rest_framework\viewsets.py", line 124, in view
    return self.dispatch(request, *args, **kwargs)
           ~~~~~~~~~~~~~^^^^^^^^^^^^^^^^^^^^^^^^^^
  File "C:\Proyectos\Bitacora E.E\backend\venv\Lib\site-packages\rest_framework\views.py", line 526, in dispatch
    response = self.handle_exception(exc)
  File "C:\Proyectos\Bitacora E.E\backend\venv\Lib\site-packages\rest_framework\views.py", line 474, in handle_exception
    self.raise_uncaught_exception(exc)
    ~~~~~~~~~~~~~~~~~~~~~~~~~~~~~^^^^^
  File "C:\Proyectos\Bitacora E.E\backend\venv\Lib\site-packages\rest_framework\views.py", line 485, in raise_uncaught_exception
    raise exc
  File "C:\Proyectos\Bitacora E.E\backend\venv\Lib\site-packages\rest_framework\views.py", line 523, in dispatch
    response = handler(request, *args, **kwargs)
  File "C:\Proyectos\Bitacora E.E\backend\buses\views.py", line 1830, in distribucion_tabla
    conf = ConfiguracionSistema.objects.filter(clave=clave).first()
  File "C:\Proyectos\Bitacora E.E\backend\venv\Lib\site-packages\django\db\models\query.py", line 1228, in first
    for obj in queryset[:1]:
               ~~~~~~~~^^^^
  File "C:\Proyectos\Bitacora E.E\backend\venv\Lib\site-packages\django\db\models\query.py", line 473, in __iter__
    self._fetch_all()
    ~~~~~~~~~~~~~~~^^
  File "C:\Proyectos\Bitacora E.E\backend\venv\Lib\site-packages\django\db\models\query.py", line 2287, in _fetch_all
    self._result_cache = list(self._iterable_class(self))
                         ~~~~^^^^^^^^^^^^^^^^^^^^^^^^^^^^
  File "C:\Proyectos\Bitacora E.E\backend\venv\Lib\site-packages\django\db\models\query.py", line 131, in __iter__
    results = compiler.execute_sql(
        chunked_fetch=self.chunked_fetch, chunk_size=self.chunk_size
    )
  File "C:\Proyectos\Bitacora E.E\backend\venv\Lib\site-packages\django\db\models\sql\compiler.py", line 1643, in execute_sql
    cursor.execute(sql, params)
    ~~~~~~~~~~~~~~^^^^^^^^^^^^^
  File "C:\Proyectos\Bitacora E.E\backend\venv\Lib\site-packages\django\db\backends\utils.py", line 122, in execute
    return super().execute(sql, params)
           ~~~~~~~~~~~~~~~^^^^^^^^^^^^^
  File "C:\Proyectos\Bitacora E.E\backend\venv\Lib\site-packages\django\db\backends\utils.py", line 79, in execute
    return self._execute_with_wrappers(
           ~~~~~~~~~~~~~~~~~~~~~~~~~~~^
        sql, params, many=False, executor=self._execute
        ^^^^^^^^^^^^^^^^^^^^^^^^^^^^^^^^^^^^^^^^^^^^^^^
    )
    ^
  File "C:\Proyectos\Bitacora E.E\backend\venv\Lib\site-packages\django\db\backends\utils.py", line 92, in _execute_with_wrappers
    return executor(sql, params, many, context)
  File "C:\Proyectos\Bitacora E.E\backend\venv\Lib\site-packages\django\db\backends\utils.py", line 100, in _execute
    with self.db.wrap_database_errors:
         ^^^^^^^^^^^^^^^^^^^^^^^^^^^^
  File "C:\Proyectos\Bitacora E.E\backend\venv\Lib\site-packages\django\db\utils.py", line 94, in __exit__
    raise dj_exc_value.with_traceback(traceback) from exc_value
  File "C:\Proyectos\Bitacora E.E\backend\venv\Lib\site-packages\django\db\backends\utils.py", line 105, in _execute
    return self.cursor.execute(sql, params)
           ~~~~~~~~~~~~~~~~~~~^^^^^^^^^^^^^
  File "C:\Proyectos\Bitacora E.E\backend\venv\Lib\site-packages\psycopg\cursor.py", line 117, in execute
    raise ex.with_traceback(None)
django.db.utils.ProgrammingError: relation "buses_configuracionsistema" does not exist
LINE 1: ...buses_configuracionsistema"."actualizado_en" FROM "buses_con...
                                                             ^
{"timestamp": "2026-09-19T03:23:39-0500", "level": "ERROR", "logger": "django.server", "line": 283, "message": ""GET /api/configuracion/distribucion-tabla/bitacora/ HTTP/1.1" 500 27888"}
{"timestamp": "2026-09-19T03:30:22-0500", "level": "ERROR", "logger": "poller.busae", "line": 103, "message": "Error iniciando browser BUSAE: No module named 'greenlet._greenlet'"}
{"timestamp": "2026-09-19T13:35:06-0500", "level": "ERROR", "logger": "buses.services.busae", "line": 339, "message": "[BUSAE] Error durante ciclo de sincronización: Credenciales de BUSAE ausentes."}
Traceback (most recent call last):
  File "C:\Proyectos\Bitacora E.E\backend\buses\services\busae_service.py", line 317, in sync
    raw_items = self.fetch_raw_data()
  File "C:\Proyectos\Bitacora E.E\backend\shared\decorators.py", line 115, in wrapper
    result = func(*args, **kwargs)
  File "C:\Proyectos\Bitacora E.E\backend\shared\decorators.py", line 27, in wrapper
    return func(*args, **kwargs)
  File "C:\Proyectos\Bitacora E.E\backend\buses\services\busae_service.py", line 210, in fetch_raw_data
    raise BusaeIntegrationError("Credenciales de BUSAE ausentes.")
shared.exceptions.BusaeIntegrationError: Credenciales de BUSAE ausentes.
{"timestamp": "2026-09-19T13:40:06-0500", "level": "ERROR", "logger": "buses.services.busae", "line": 339, "message": "[BUSAE] Error durante ciclo de sincronización: Credenciales de BUSAE ausentes."}
Traceback (most recent call last):
  File "C:\Proyectos\Bitacora E.E\backend\buses\services\busae_service.py", line 317, in sync
    raw_items = self.fetch_raw_data()
  File "C:\Proyectos\Bitacora E.E\backend\shared\decorators.py", line 115, in wrapper
    result = func(*args, **kwargs)
  File "C:\Proyectos\Bitacora E.E\backend\shared\decorators.py", line 27, in wrapper
    return func(*args, **kwargs)
  File "C:\Proyectos\Bitacora E.E\backend\buses\services\busae_service.py", line 210, in fetch_raw_data
    raise BusaeIntegrationError("Credenciales de BUSAE ausentes.")
shared.exceptions.BusaeIntegrationError: Credenciales de BUSAE ausentes.
{"timestamp": "2026-09-19T13:45:19-0500", "level": "ERROR", "logger": "buses.services.genesis", "line": 268, "message": "[GENESIS] Error en sincronización: Error de conexión en autenticación Genesis: HTTPConnectionPool(host='genesis.mibus.com', port=80): Max retries exceeded with url: /tic/oi/gateway.php (Caused by NameResolutionError("HTTPConnection(host='genesis.mibus.com', port=80): Failed to resolve 'genesis.mibus.com' ([Errno 11001] getaddrinfo failed)"))"}
Traceback (most recent call last):
  File "C:\Proyectos\Bitacora E.E\backend\venv\Lib\site-packages\urllib3\connection.py", line 239, in _new_conn
    sock = connection.create_connection(
        (self._dns_host, self.port),
    ...<2 lines>...
        socket_options=self.socket_options,
    )
  File "C:\Proyectos\Bitacora E.E\backend\venv\Lib\site-packages\urllib3\util\connection.py", line 60, in create_connection
    for res in socket.getaddrinfo(host, port, family, socket.SOCK_STREAM):
               ~~~~~~~~~~~~~~~~~~^^^^^^^^^^^^^^^^^^^^^^^^^^^^^^^^^^^^^^^^
  File "C:\Python314\Lib\socket.py", line 989, in getaddrinfo
    for res in _socket.getaddrinfo(host, port, family, type, proto, flags):
               ~~~~~~~~~~~~~~~~~~~^^^^^^^^^^^^^^^^^^^^^^^^^^^^^^^^^^^^^^^^
socket.gaierror: [Errno 11001] getaddrinfo failed

The above exception was the direct cause of the following exception:

Traceback (most recent call last):
  File "C:\Proyectos\Bitacora E.E\backend\venv\Lib\site-packages\urllib3\connectionpool.py", line 793, in urlopen
    response = self._make_request(
        conn,
    ...<10 lines>...
        **response_kw,
    )
  File "C:\Proyectos\Bitacora E.E\backend\venv\Lib\site-packages\urllib3\connectionpool.py", line 499, in _make_request
    conn.request(
    ~~~~~~~~~~~~^
        method,
        ^^^^^^^
    ...<6 lines>...
        enforce_content_length=enforce_content_length,
        ^^^^^^^^^^^^^^^^^^^^^^^^^^^^^^^^^^^^^^^^^^^^^^
    )
    ^
  File "C:\Proyectos\Bitacora E.E\backend\venv\Lib\site-packages\urllib3\connection.py", line 567, in request
    self.endheaders()
    ~~~~~~~~~~~~~~~^^
  File "C:\Python314\Lib\http\client.py", line 1381, in endheaders
    self._send_output(message_body, encode_chunked=encode_chunked)
    ~~~~~~~~~~~~~~~~~^^^^^^^^^^^^^^^^^^^^^^^^^^^^^^^^^^^^^^^^^^^^^
  File "C:\Python314\Lib\http\client.py", line 1141, in _send_output
    self.send(msg)
    ~~~~~~~~~^^^^^
  File "C:\Python314\Lib\http\client.py", line 1085, in send
    self.connect()
    ~~~~~~~~~~~~^^
  File "C:\Proyectos\Bitacora E.E\backend\venv\Lib\site-packages\urllib3\connection.py", line 398, in connect
    self.sock = self._new_conn()
                ~~~~~~~~~~~~~~^^
  File "C:\Proyectos\Bitacora E.E\backend\venv\Lib\site-packages\urllib3\connection.py", line 246, in _new_conn
    raise NameResolutionError(self.host, self, e) from e
urllib3.exceptions.NameResolutionError: HTTPConnection(host='genesis.mibus.com', port=80): Failed to resolve 'genesis.mibus.com' ([Errno 11001] getaddrinfo failed)

The above exception was the direct cause of the following exception:

Traceback (most recent call last):
  File "C:\Proyectos\Bitacora E.E\backend\venv\Lib\site-packages\requests\adapters.py", line 696, in send
    resp = conn.urlopen(
        method=request.method,
    ...<9 lines>...
        chunked=chunked,
    )
  File "C:\Proyectos\Bitacora E.E\backend\venv\Lib\site-packages\urllib3\connectionpool.py", line 847, in urlopen
    retries = retries.increment(
        method, url, error=new_e, _pool=self, _stacktrace=sys.exc_info()[2]
    )
  File "C:\Proyectos\Bitacora E.E\backend\venv\Lib\site-packages\urllib3\util\retry.py", line 555, in increment
    raise MaxRetryError(_pool, url, reason) from reason  # type: ignore[arg-type]
    ^^^^^^^^^^^^^^^^^^^^^^^^^^^^^^^^^^^^^^^^^^^^^^^^^^^
urllib3.exceptions.MaxRetryError: HTTPConnectionPool(host='genesis.mibus.com', port=80): Max retries exceeded with url: /tic/oi/gateway.php (Caused by NameResolutionError("HTTPConnection(host='genesis.mibus.com', port=80): Failed to resolve 'genesis.mibus.com' ([Errno 11001] getaddrinfo failed)"))

During handling of the above exception, another exception occurred:

Traceback (most recent call last):
  File "C:\Proyectos\Bitacora E.E\backend\buses\services\genesis_service.py", line 84, in authenticate
    res = session.post(
        self.endpoint,
    ...<6 lines>...
        timeout=15
    )
  File "C:\Proyectos\Bitacora E.E\backend\venv\Lib\site-packages\requests\sessions.py", line 712, in post
    return self.request("POST", url, data=data, json=json, **kwargs)
           ~~~~~~~~~~~~^^^^^^^^^^^^^^^^^^^^^^^^^^^^^^^^^^^^^^^^^^^^^
  File "C:\Proyectos\Bitacora E.E\backend\venv\Lib\site-packages\requests\sessions.py", line 651, in request
    resp = self.send(prep, **send_kwargs)
  File "C:\Proyectos\Bitacora E.E\backend\venv\Lib\site-packages\requests\sessions.py", line 784, in send
    r = adapter.send(request, **kwargs)
  File "C:\Proyectos\Bitacora E.E\backend\venv\Lib\site-packages\requests\adapters.py", line 729, in send
    raise ConnectionError(e, request=request)
requests.exceptions.ConnectionError: HTTPConnectionPool(host='genesis.mibus.com', port=80): Max retries exceeded with url: /tic/oi/gateway.php (Caused by NameResolutionError("HTTPConnection(host='genesis.mibus.com', port=80): Failed to resolve 'genesis.mibus.com' ([Errno 11001] getaddrinfo failed)"))

During handling of the above exception, another exception occurred:

Traceback (most recent call last):
  File "C:\Proyectos\Bitacora E.E\backend\buses\services\genesis_service.py", line 249, in sync
    items = self.fetch_monitoreo(use_cache=not force_refresh)
  File "C:\Proyectos\Bitacora E.E\backend\shared\decorators.py", line 115, in wrapper
    result = func(*args, **kwargs)
  File "C:\Proyectos\Bitacora E.E\backend\shared\decorators.py", line 27, in wrapper
    return func(*args, **kwargs)
  File "C:\Proyectos\Bitacora E.E\backend\buses\services\genesis_service.py", line 111, in fetch_monitoreo
    self.authenticate(session)
    ~~~~~~~~~~~~~~~~~^^^^^^^^^
  File "C:\Proyectos\Bitacora E.E\backend\shared\decorators.py", line 115, in wrapper
    result = func(*args, **kwargs)
  File "C:\Proyectos\Bitacora E.E\backend\shared\decorators.py", line 27, in wrapper
    return func(*args, **kwargs)
  File "C:\Proyectos\Bitacora E.E\backend\buses\services\genesis_service.py", line 99, in authenticate
    raise GenesisIntegrationError(f"Error de conexión en autenticación Genesis: {str(e)}")
shared.exceptions.GenesisIntegrationError: Error de conexión en autenticación Genesis: HTTPConnectionPool(host='genesis.mibus.com', port=80): Max retries exceeded with url: /tic/oi/gateway.php (Caused by NameResolutionError("HTTPConnection(host='genesis.mibus.com', port=80): Failed to resolve 'genesis.mibus.com' ([Errno 11001] getaddrinfo failed)"))
{"timestamp": "2026-09-19T13:45:26-0500", "level": "ERROR", "logger": "buses.services.busae", "line": 339, "message": "[BUSAE] Error durante ciclo de sincronización: Credenciales de BUSAE ausentes."}
Traceback (most recent call last):
  File "C:\Proyectos\Bitacora E.E\backend\buses\services\busae_service.py", line 317, in sync
    raw_items = self.fetch_raw_data()
  File "C:\Proyectos\Bitacora E.E\backend\shared\decorators.py", line 115, in wrapper
    result = func(*args, **kwargs)
  File "C:\Proyectos\Bitacora E.E\backend\shared\decorators.py", line 27, in wrapper
    return func(*args, **kwargs)
  File "C:\Proyectos\Bitacora E.E\backend\buses\services\busae_service.py", line 210, in fetch_raw_data
    raise BusaeIntegrationError("Credenciales de BUSAE ausentes.")
shared.exceptions.BusaeIntegrationError: Credenciales de BUSAE ausentes.
{"timestamp": "2026-09-19T13:50:06-0500", "level": "ERROR", "logger": "buses.services.busae", "line": 339, "message": "[BUSAE] Error durante ciclo de sincronización: Credenciales de BUSAE ausentes."}
Traceback (most recent call last):
  File "C:\Proyectos\Bitacora E.E\backend\buses\services\busae_service.py", line 317, in sync
    raw_items = self.fetch_raw_data()
  File "C:\Proyectos\Bitacora E.E\backend\shared\decorators.py", line 115, in wrapper
    result = func(*args, **kwargs)
  File "C:\Proyectos\Bitacora E.E\backend\shared\decorators.py", line 27, in wrapper
    return func(*args, **kwargs)
  File "C:\Proyectos\Bitacora E.E\backend\buses\services\busae_service.py", line 210, in fetch_raw_data
    raise BusaeIntegrationError("Credenciales de BUSAE ausentes.")
shared.exceptions.BusaeIntegrationError: Credenciales de BUSAE ausentes.
{"timestamp": "2026-09-19T13:55:06-0500", "level": "ERROR", "logger": "buses.services.busae", "line": 339, "message": "[BUSAE] Error durante ciclo de sincronización: Credenciales de BUSAE ausentes."}
Traceback (most recent call last):
  File "C:\Proyectos\Bitacora E.E\backend\buses\services\busae_service.py", line 317, in sync
    raw_items = self.fetch_raw_data()
  File "C:\Proyectos\Bitacora E.E\backend\shared\decorators.py", line 115, in wrapper
    result = func(*args, **kwargs)
  File "C:\Proyectos\Bitacora E.E\backend\shared\decorators.py", line 27, in wrapper
    return func(*args, **kwargs)
  File "C:\Proyectos\Bitacora E.E\backend\buses\services\busae_service.py", line 210, in fetch_raw_data
    raise BusaeIntegrationError("Credenciales de BUSAE ausentes.")
shared.exceptions.BusaeIntegrationError: Credenciales de BUSAE ausentes.
{"timestamp": "2026-09-19T14:00:17-0500", "level": "ERROR", "logger": "buses.services.busae", "line": 339, "message": "[BUSAE] Error durante ciclo de sincronización: Credenciales de BUSAE ausentes."}
Traceback (most recent call last):
  File "C:\Proyectos\Bitacora E.E\backend\buses\services\busae_service.py", line 317, in sync
    raw_items = self.fetch_raw_data()
  File "C:\Proyectos\Bitacora E.E\backend\shared\decorators.py", line 115, in wrapper
    result = func(*args, **kwargs)
  File "C:\Proyectos\Bitacora E.E\backend\shared\decorators.py", line 27, in wrapper
    return func(*args, **kwargs)
  File "C:\Proyectos\Bitacora E.E\backend\buses\services\busae_service.py", line 210, in fetch_raw_data
    raise BusaeIntegrationError("Credenciales de BUSAE ausentes.")
shared.exceptions.BusaeIntegrationError: Credenciales de BUSAE ausentes.
{"timestamp": "2026-09-19T14:10:06-0500", "level": "ERROR", "logger": "buses.services.busae", "line": 339, "message": "[BUSAE] Error durante ciclo de sincronización: Credenciales de BUSAE ausentes."}
Traceback (most recent call last):
  File "C:\Proyectos\Bitacora E.E\backend\buses\services\busae_service.py", line 317, in sync
    raw_items = self.fetch_raw_data()
  File "C:\Proyectos\Bitacora E.E\backend\shared\decorators.py", line 115, in wrapper
    result = func(*args, **kwargs)
  File "C:\Proyectos\Bitacora E.E\backend\shared\decorators.py", line 27, in wrapper
    return func(*args, **kwargs)
  File "C:\Proyectos\Bitacora E.E\backend\buses\services\busae_service.py", line 210, in fetch_raw_data
    raise BusaeIntegrationError("Credenciales de BUSAE ausentes.")
shared.exceptions.BusaeIntegrationError: Credenciales de BUSAE ausentes.
{"timestamp": "2026-09-19T14:15:13-0500", "level": "ERROR", "logger": "buses.services.busae", "line": 339, "message": "[BUSAE] Error durante ciclo de sincronización: Credenciales de BUSAE ausentes."}
Traceback (most recent call last):
  File "C:\Proyectos\Bitacora E.E\backend\buses\services\busae_service.py", line 317, in sync
    raw_items = self.fetch_raw_data()
  File "C:\Proyectos\Bitacora E.E\backend\shared\decorators.py", line 115, in wrapper
    result = func(*args, **kwargs)
  File "C:\Proyectos\Bitacora E.E\backend\shared\decorators.py", line 27, in wrapper
    return func(*args, **kwargs)
  File "C:\Proyectos\Bitacora E.E\backend\buses\services\busae_service.py", line 210, in fetch_raw_data
    raise BusaeIntegrationError("Credenciales de BUSAE ausentes.")
shared.exceptions.BusaeIntegrationError: Credenciales de BUSAE ausentes.
{"timestamp": "2026-09-19T14:25:06-0500", "level": "ERROR", "logger": "buses.services.busae", "line": 339, "message": "[BUSAE] Error durante ciclo de sincronización: Credenciales de BUSAE ausentes."}
Traceback (most recent call last):
  File "C:\Proyectos\Bitacora E.E\backend\buses\services\busae_service.py", line 317, in sync
    raw_items = self.fetch_raw_data()
  File "C:\Proyectos\Bitacora E.E\backend\shared\decorators.py", line 115, in wrapper
    result = func(*args, **kwargs)
  File "C:\Proyectos\Bitacora E.E\backend\shared\decorators.py", line 27, in wrapper
    return func(*args, **kwargs)
  File "C:\Proyectos\Bitacora E.E\backend\buses\services\busae_service.py", line 210, in fetch_raw_data
    raise BusaeIntegrationError("Credenciales de BUSAE ausentes.")
shared.exceptions.BusaeIntegrationError: Credenciales de BUSAE ausentes.
{"timestamp": "2026-09-19T14:26:54-0500", "level": "ERROR", "logger": "poller.busae", "line": 103, "message": "Error iniciando browser BUSAE: No module named 'greenlet._greenlet'"}
{"timestamp": "2026-09-19T14:27:50-0500", "level": "ERROR", "logger": "poller.busae", "line": 103, "message": "Error iniciando browser BUSAE: No module named 'greenlet._greenlet'"}
{"timestamp": "2026-09-19T14:35:18-0500", "level": "ERROR", "logger": "buses.services.busae", "line": 339, "message": "[BUSAE] Error durante ciclo de sincronización: La respuesta de BUSAE no contiene datos."}
Traceback (most recent call last):
  File "C:\Proyectos\Bitacora E.E\backend\buses\services\busae_service.py", line 317, in sync
    raw_items = self.fetch_raw_data()
  File "C:\Proyectos\Bitacora E.E\backend\shared\decorators.py", line 115, in wrapper
    result = func(*args, **kwargs)
  File "C:\Proyectos\Bitacora E.E\backend\shared\decorators.py", line 27, in wrapper
    return func(*args, **kwargs)
  File "C:\Proyectos\Bitacora E.E\backend\buses\services\busae_service.py", line 220, in fetch_raw_data
    raise BusaeIntegrationError("La respuesta de BUSAE no contiene datos.")
shared.exceptions.BusaeIntegrationError: La respuesta de BUSAE no contiene datos.
{"timestamp": "2026-09-19T14:45:20-0500", "level": "ERROR", "logger": "buses.services.busae", "line": 339, "message": "[BUSAE] Error durante ciclo de sincronización: La respuesta de BUSAE no contiene datos."}
Traceback (most recent call last):
  File "C:\Proyectos\Bitacora E.E\backend\buses\services\busae_service.py", line 317, in sync
    raw_items = self.fetch_raw_data()
  File "C:\Proyectos\Bitacora E.E\backend\shared\decorators.py", line 115, in wrapper
    result = func(*args, **kwargs)
  File "C:\Proyectos\Bitacora E.E\backend\shared\decorators.py", line 27, in wrapper
    return func(*args, **kwargs)
  File "C:\Proyectos\Bitacora E.E\backend\buses\services\busae_service.py", line 220, in fetch_raw_data
    raise BusaeIntegrationError("La respuesta de BUSAE no contiene datos.")
shared.exceptions.BusaeIntegrationError: La respuesta de BUSAE no contiene datos.
{"timestamp": "2026-09-19T14:52:00-0500", "level": "ERROR", "logger": "poller.busae", "line": 107, "message": "Login BUSAE fallido — credenciales incorrectas o página de login"}
{"timestamp": "2026-09-19T14:55:18-0500", "level": "ERROR", "logger": "buses.services.busae", "line": 339, "message": "[BUSAE] Error durante ciclo de sincronización: La respuesta de BUSAE no contiene datos."}
Traceback (most recent call last):
  File "C:\Proyectos\Bitacora E.E\backend\buses\services\busae_service.py", line 317, in sync
    raw_items = self.fetch_raw_data()
  File "C:\Proyectos\Bitacora E.E\backend\shared\decorators.py", line 115, in wrapper
    result = func(*args, **kwargs)
  File "C:\Proyectos\Bitacora E.E\backend\shared\decorators.py", line 27, in wrapper
    return func(*args, **kwargs)
  File "C:\Proyectos\Bitacora E.E\backend\buses\services\busae_service.py", line 220, in fetch_raw_data
    raise BusaeIntegrationError("La respuesta de BUSAE no contiene datos.")
shared.exceptions.BusaeIntegrationError: La respuesta de BUSAE no contiene datos.
{"timestamp": "2026-09-19T14:56:25-0500", "level": "ERROR", "logger": "poller.busae", "line": 107, "message": "Login BUSAE fallido — credenciales incorrectas o página de login"}
{"timestamp": "2026-09-19T15:01:12-0500", "level": "ERROR", "logger": "poller.busae", "line": 107, "message": "Login BUSAE fallido — credenciales incorrectas o página de login"}
{"timestamp": "2026-09-19T15:02:09-0500", "level": "ERROR", "logger": "poller.busae", "line": 107, "message": "Login BUSAE fallido — credenciales incorrectas o página de login"}
{"timestamp": "2026-09-19T15:05:18-0500", "level": "ERROR", "logger": "buses.services.busae", "line": 339, "message": "[BUSAE] Error durante ciclo de sincronización: La respuesta de BUSAE no contiene datos."}
Traceback (most recent call last):
  File "C:\Proyectos\Bitacora E.E\backend\buses\services\busae_service.py", line 317, in sync
    raw_items = self.fetch_raw_data()
  File "C:\Proyectos\Bitacora E.E\backend\shared\decorators.py", line 115, in wrapper
    result = func(*args, **kwargs)
  File "C:\Proyectos\Bitacora E.E\backend\shared\decorators.py", line 27, in wrapper
    return func(*args, **kwargs)
  File "C:\Proyectos\Bitacora E.E\backend\buses\services\busae_service.py", line 220, in fetch_raw_data
    raise BusaeIntegrationError("La respuesta de BUSAE no contiene datos.")
shared.exceptions.BusaeIntegrationError: La respuesta de BUSAE no contiene datos.
{"timestamp": "2026-09-19T15:07:59-0500", "level": "ERROR", "logger": "poller.busae", "line": 107, "message": "Login BUSAE fallido — credenciales incorrectas o página de login"}
{"timestamp": "2026-09-19T15:11:05-0500", "level": "ERROR", "logger": "poller.busae", "line": 106, "message": "Login BUSAE fallido — credenciales incorrectas o página de login"}
{"timestamp": "2026-09-19T15:15:31-0500", "level": "ERROR", "logger": "buses.services.busae", "line": 339, "message": "[BUSAE] Error durante ciclo de sincronización: La respuesta de BUSAE no contiene datos."}
Traceback (most recent call last):
  File "C:\Proyectos\Bitacora E.E\backend\buses\services\busae_service.py", line 317, in sync
    raw_items = self.fetch_raw_data()
  File "C:\Proyectos\Bitacora E.E\backend\shared\decorators.py", line 115, in wrapper
    result = func(*args, **kwargs)
  File "C:\Proyectos\Bitacora E.E\backend\shared\decorators.py", line 27, in wrapper
    return func(*args, **kwargs)
  File "C:\Proyectos\Bitacora E.E\backend\buses\services\busae_service.py", line 220, in fetch_raw_data
    raise BusaeIntegrationError("La respuesta de BUSAE no contiene datos.")
shared.exceptions.BusaeIntegrationError: La respuesta de BUSAE no contiene datos.
{"timestamp": "2026-09-19T15:23:03-0500", "level": "ERROR", "logger": "poller.busae", "line": 121, "message": "Login BUSAE fallido — credenciales incorrectas o página de login"}
{"timestamp": "2026-09-19T15:23:14-0500", "level": "ERROR", "logger": "poller.busae", "line": 121, "message": "Login BUSAE fallido — credenciales incorrectas o página de login"}
{"timestamp": "2026-09-19T15:23:32-0500", "level": "ERROR", "logger": "poller.busae", "line": 121, "message": "Login BUSAE fallido — credenciales incorrectas o página de login"}
{"timestamp": "2026-09-19T15:24:00-0500", "level": "ERROR", "logger": "poller.busae", "line": 121, "message": "Login BUSAE fallido — credenciales incorrectas o página de login"}
{"timestamp": "2026-09-19T15:24:19-0500", "level": "ERROR", "logger": "poller.busae", "line": 121, "message": "Login BUSAE fallido — credenciales incorrectas o página de login"}
{"timestamp": "2026-09-19T15:25:03-0500", "level": "ERROR", "logger": "poller.busae", "line": 121, "message": "Login BUSAE fallido — credenciales incorrectas o página de login"}
{"timestamp": "2026-09-19T15:25:18-0500", "level": "ERROR", "logger": "poller.busae", "line": 121, "message": "Login BUSAE fallido — credenciales incorrectas o página de login"}
{"timestamp": "2026-09-19T15:25:21-0500", "level": "ERROR", "logger": "buses.services.busae", "line": 339, "message": "[BUSAE] Error durante ciclo de sincronización: La respuesta de BUSAE no contiene datos."}
Traceback (most recent call last):
  File "C:\Proyectos\Bitacora E.E\backend\buses\services\busae_service.py", line 317, in sync
    # Cache de datos validados para fallback graceful
  File "C:\Proyectos\Bitacora E.E\backend\shared\decorators.py", line 115, in wrapper
    result = func(*args, **kwargs)
  File "C:\Proyectos\Bitacora E.E\backend\shared\decorators.py", line 27, in wrapper
    return func(*args, **kwargs)
  File "C:\Proyectos\Bitacora E.E\backend\buses\services\busae_service.py", line 220, in fetch_raw_data
    logger.info("[BUSAE] Ejecutando extracción headless mediante Playwright...")
    ^^^^^^^^^^^^^^^^^^^^^^^^^^^^^^^^^^^^^^^^^^^^^^^^^^^^^^^^^^^^^^^^^^^^^^
shared.exceptions.BusaeIntegrationError: La respuesta de BUSAE no contiene datos.
{"timestamp": "2026-09-19T15:32:38-0500", "level": "ERROR", "logger": "poller.busae", "line": 121, "message": "Login BUSAE fallido — credenciales incorrectas o página de login"}
{"timestamp": "2026-09-19T15:32:53-0500", "level": "ERROR", "logger": "poller.busae", "line": 121, "message": "Login BUSAE fallido — credenciales incorrectas o página de login"}
{"timestamp": "2026-09-19T15:35:20-0500", "level": "ERROR", "logger": "buses.services.busae", "line": 339, "message": "[BUSAE] Error durante ciclo de sincronización: La respuesta de BUSAE no contiene datos."}
Traceback (most recent call last):
  File "C:\Proyectos\Bitacora E.E\backend\buses\services\busae_service.py", line 317, in sync
    # Cache de datos validados para fallback graceful
  File "C:\Proyectos\Bitacora E.E\backend\shared\decorators.py", line 115, in wrapper
    result = func(*args, **kwargs)
  File "C:\Proyectos\Bitacora E.E\backend\shared\decorators.py", line 27, in wrapper
    return func(*args, **kwargs)
  File "C:\Proyectos\Bitacora E.E\backend\buses\services\busae_service.py", line 220, in fetch_raw_data
    logger.info("[BUSAE] Ejecutando extracción headless mediante Playwright...")
    ^^^^^^^^^^^^^^^^^^^^^^^^^^^^^^^^^^^^^^^^^^^^^^^^^^^^^^^^^^^^^^^^^^^^^^
shared.exceptions.BusaeIntegrationError: La respuesta de BUSAE no contiene datos.
{"timestamp": "2026-09-19T15:45:29-0500", "level": "ERROR", "logger": "buses.services.busae", "line": 339, "message": "[BUSAE] Error durante ciclo de sincronización: La respuesta de BUSAE no contiene datos."}
Traceback (most recent call last):
  File "C:\Proyectos\Bitacora E.E\backend\buses\services\busae_service.py", line 317, in sync
    # Cache de datos validados para fallback graceful
  File "C:\Proyectos\Bitacora E.E\backend\shared\decorators.py", line 115, in wrapper
    result = func(*args, **kwargs)
  File "C:\Proyectos\Bitacora E.E\backend\shared\decorators.py", line 27, in wrapper
    return func(*args, **kwargs)
  File "C:\Proyectos\Bitacora E.E\backend\buses\services\busae_service.py", line 220, in fetch_raw_data
    logger.info("[BUSAE] Ejecutando extracción headless mediante Playwright...")
    ^^^^^^^^^^^^^^^^^^^^^^^^^^^^^^^^^^^^^^^^^^^^^^^^^^^^^^^^^^^^^^^^^^^^^^
shared.exceptions.BusaeIntegrationError: La respuesta de BUSAE no contiene datos.
{"timestamp": "2026-09-19T15:48:23-0500", "level": "ERROR", "logger": "poller.busae", "line": 121, "message": "Login BUSAE fallido — credenciales incorrectas o página de login"}
{"timestamp": "2026-09-19T15:48:38-0500", "level": "ERROR", "logger": "poller.busae", "line": 121, "message": "Login BUSAE fallido — credenciales incorrectas o página de login"}
{"timestamp": "2026-09-19T15:55:21-0500", "level": "ERROR", "logger": "buses.services.busae", "line": 339, "message": "[BUSAE] Error durante ciclo de sincronización: La respuesta de BUSAE no contiene datos."}
Traceback (most recent call last):
  File "C:\Proyectos\Bitacora E.E\backend\buses\services\busae_service.py", line 317, in sync
    # Cache de datos validados para fallback graceful
  File "C:\Proyectos\Bitacora E.E\backend\shared\decorators.py", line 115, in wrapper
    result = func(*args, **kwargs)
  File "C:\Proyectos\Bitacora E.E\backend\shared\decorators.py", line 27, in wrapper
    return func(*args, **kwargs)
  File "C:\Proyectos\Bitacora E.E\backend\buses\services\busae_service.py", line 220, in fetch_raw_data
    logger.info("[BUSAE] Ejecutando extracción headless mediante Playwright...")
    ^^^^^^^^^^^^^^^^^^^^^^^^^^^^^^^^^^^^^^^^^^^^^^^^^^^^^^^^^^^^^^^^^^^^^^
shared.exceptions.BusaeIntegrationError: La respuesta de BUSAE no contiene datos.
{"timestamp": "2026-09-19T16:05:45-0500", "level": "ERROR", "logger": "poller.busae", "line": 154, "message": "Login BUSAE HTTP fallido — sigue en página de login"}
{"timestamp": "2026-09-19T16:05:57-0500", "level": "ERROR", "logger": "buses.services.busae", "line": 339, "message": "[BUSAE] Error durante ciclo de sincronización: La respuesta de BUSAE no contiene datos."}
Traceback (most recent call last):
  File "C:\Proyectos\Bitacora E.E\backend\buses\services\busae_service.py", line 317, in sync
  File "C:\Proyectos\Bitacora E.E\backend\shared\decorators.py", line 115, in wrapper
    result = func(*args, **kwargs)
  File "C:\Proyectos\Bitacora E.E\backend\shared\decorators.py", line 27, in wrapper
    return func(*args, **kwargs)
  File "C:\Proyectos\Bitacora E.E\backend\buses\services\busae_service.py", line 220, in fetch_raw_data
    err_msg = str(exc)
shared.exceptions.BusaeIntegrationError: La respuesta de BUSAE no contiene datos.
{"timestamp": "2026-09-19T16:06:08-0500", "level": "ERROR", "logger": "poller.busae", "line": 154, "message": "Login BUSAE HTTP fallido — sigue en página de login"}
{"timestamp": "2026-09-19T16:06:41-0500", "level": "ERROR", "logger": "poller.busae", "line": 139, "message": "Error crítico en ciclo BUSAE: duplicate key value violates unique constraint "buses_reportependiente_report_id_key"
DETAIL:  Key (report_id)=(REP-20260919-2) already exists."}
{"timestamp": "2026-09-19T16:07:01-0500", "level": "ERROR", "logger": "poller.busae", "line": 154, "message": "Login BUSAE HTTP fallido — sigue en página de login"}
{"timestamp": "2026-09-19T16:07:03-0500", "level": "ERROR", "logger": "poller.busae", "line": 246, "message": "Error Playwright BUSAE: BrowserType.launch: Executable doesn't exist at C:\Users\Jerald\AppData\Local\Temp\cursor-sandbox-cache\6b9754d2786fc911214b416734422a18\playwright\chromium_headless_shell-1243\chrome-headless-shell-win64\chrome-headless-shell.exe
╔════════════════════════════════════════════════════════════╗
║ Looks like Playwright was just installed or updated.       ║
║ Please run the following command to download new browsers: ║
║                                                            ║
║     playwright install                                     ║
║                                                            ║
║ <3 Playwright Team                                         ║
╚════════════════════════════════════════════════════════════╝"}
{"timestamp": "2026-09-19T16:07:05-0500", "level": "ERROR", "logger": "poller.busae", "line": 154, "message": "Login BUSAE HTTP fallido — sigue en página de login"}
{"timestamp": "2026-09-19T16:07:07-0500", "level": "ERROR", "logger": "poller.busae", "line": 246, "message": "Error Playwright BUSAE: BrowserType.launch: Executable doesn't exist at C:\Users\Jerald\AppData\Local\Temp\cursor-sandbox-cache\6b9754d2786fc911214b416734422a18\playwright\chromium_headless_shell-1243\chrome-headless-shell-win64\chrome-headless-shell.exe
╔════════════════════════════════════════════════════════════╗
║ Looks like Playwright was just installed or updated.       ║
║ Please run the following command to download new browsers: ║
║                                                            ║
║     playwright install                                     ║
║                                                            ║
║ <3 Playwright Team                                         ║
╚════════════════════════════════════════════════════════════╝"}
{"timestamp": "2026-09-19T16:07:11-0500", "level": "ERROR", "logger": "poller.busae", "line": 154, "message": "Login BUSAE HTTP fallido — sigue en página de login"}
{"timestamp": "2026-09-19T16:07:13-0500", "level": "ERROR", "logger": "poller.busae", "line": 246, "message": "Error Playwright BUSAE: BrowserType.launch: Executable doesn't exist at C:\Users\Jerald\AppData\Local\Temp\cursor-sandbox-cache\6b9754d2786fc911214b416734422a18\playwright\chromium_headless_shell-1243\chrome-headless-shell-win64\chrome-headless-shell.exe
╔════════════════════════════════════════════════════════════╗
║ Looks like Playwright was just installed or updated.       ║
║ Please run the following command to download new browsers: ║
║                                                            ║
║     playwright install                                     ║
║                                                            ║
║ <3 Playwright Team                                         ║
╚════════════════════════════════════════════════════════════╝"}
{"timestamp": "2026-09-19T16:07:13-0500", "level": "ERROR", "logger": "buses.services.busae", "line": 221, "message": "[BUSAE] Error durante ciclo de sincronización: La respuesta de BUSAE no contiene datos."}
Traceback (most recent call last):
  File "C:\Proyectos\Bitacora E.E\backend\buses\services\busae_service.py", line 199, in sync
    raw_items = self.fetch_raw_data()
  File "C:\Proyectos\Bitacora E.E\backend\shared\decorators.py", line 115, in wrapper
    result = func(*args, **kwargs)
  File "C:\Proyectos\Bitacora E.E\backend\shared\decorators.py", line 27, in wrapper
    return func(*args, **kwargs)
  File "C:\Proyectos\Bitacora E.E\backend\buses\services\busae_service.py", line 103, in fetch_raw_data
    raise BusaeIntegrationError("La respuesta de BUSAE no contiene datos.")
shared.exceptions.BusaeIntegrationError: La respuesta de BUSAE no contiene datos.
{"timestamp": "2026-09-19T16:07:19-0500", "level": "ERROR", "logger": "poller.busae", "line": 154, "message": "Login BUSAE HTTP fallido — sigue en página de login"}
{"timestamp": "2026-09-19T16:07:39-0500", "level": "ERROR", "logger": "poller.busae", "line": 154, "message": "Login BUSAE HTTP fallido — sigue en página de login"}
{"timestamp": "2026-09-19T16:08:32-0500", "level": "ERROR", "logger": "poller.busae", "line": 154, "message": "Login BUSAE HTTP fallido — sigue en página de login"}
{"timestamp": "2026-09-19T16:08:34-0500", "level": "ERROR", "logger": "poller.busae", "line": 246, "message": "Error Playwright BUSAE: BrowserType.launch: Executable doesn't exist at C:\Users\Jerald\AppData\Local\Temp\cursor-sandbox-cache\6b9754d2786fc911214b416734422a18\playwright\chromium_headless_shell-1243\chrome-headless-shell-win64\chrome-headless-shell.exe
╔════════════════════════════════════════════════════════════╗
║ Looks like Playwright was just installed or updated.       ║
║ Please run the following command to download new browsers: ║
║                                                            ║
║     playwright install                                     ║
║                                                            ║
║ <3 Playwright Team                                         ║
╚════════════════════════════════════════════════════════════╝"}
{"timestamp": "2026-09-19T16:09:59-0500", "level": "ERROR", "logger": "django.request", "line": 283, "message": "Internal Server Error: /api/bitacora/tabla/"}
Traceback (most recent call last):
  File "C:\Proyectos\Bitacora E.E\backend\venv\Lib\site-packages\django\core\handlers\exception.py", line 56, in inner
    response = get_response(request)
  File "C:\Proyectos\Bitacora E.E\backend\venv\Lib\site-packages\django\core\handlers\base.py", line 199, in _get_response
    response = wrapped_callback(request, *callback_args, **callback_kwargs)
  File "C:\Proyectos\Bitacora E.E\backend\venv\Lib\site-packages\django\views\decorators\csrf.py", line 64, in _view_wrapper
    return view_func(request, *args, **kwargs)
  File "C:\Proyectos\Bitacora E.E\backend\venv\Lib\site-packages\django\views\generic\base.py", line 105, in view
    return self.dispatch(request, *args, **kwargs)
           ~~~~~~~~~~~~~^^^^^^^^^^^^^^^^^^^^^^^^^^
  File "C:\Proyectos\Bitacora E.E\backend\venv\Lib\site-packages\rest_framework\views.py", line 526, in dispatch
    response = self.handle_exception(exc)
  File "C:\Proyectos\Bitacora E.E\backend\venv\Lib\site-packages\rest_framework\views.py", line 474, in handle_exception
    self.raise_uncaught_exception(exc)
    ~~~~~~~~~~~~~~~~~~~~~~~~~~~~~^^^^^
  File "C:\Proyectos\Bitacora E.E\backend\venv\Lib\site-packages\rest_framework\views.py", line 485, in raise_uncaught_exception
    raise exc
  File "C:\Proyectos\Bitacora E.E\backend\venv\Lib\site-packages\rest_framework\views.py", line 523, in dispatch
    response = handler(request, *args, **kwargs)
  File "C:\Proyectos\Bitacora E.E\backend\buses\views.py", line 1660, in get
    'odometro': b_info.odometro if (b_info and b_info.odometro is not None) else '—',
                                               ^^^^^^^^^^^^^^^
AttributeError: 'DatosBusae' object has no attribute 'odometro'
{"timestamp": "2026-09-19T16:09:59-0500", "level": "ERROR", "logger": "django.server", "line": 283, "message": ""GET /api/bitacora/tabla/?search=&patio=&estado_gps=&estado_genesis=&page=1&page_size=20&ordering=bus HTTP/1.1" 500 21820"}
{"timestamp": "2026-09-19T16:10:00-0500", "level": "ERROR", "logger": "django.request", "line": 283, "message": "Internal Server Error: /api/bitacora/tabla/"}
Traceback (most recent call last):
  File "C:\Proyectos\Bitacora E.E\backend\venv\Lib\site-packages\django\core\handlers\exception.py", line 56, in inner
    response = get_response(request)
  File "C:\Proyectos\Bitacora E.E\backend\venv\Lib\site-packages\django\core\handlers\base.py", line 199, in _get_response
    response = wrapped_callback(request, *callback_args, **callback_kwargs)
  File "C:\Proyectos\Bitacora E.E\backend\venv\Lib\site-packages\django\views\decorators\csrf.py", line 64, in _view_wrapper
    return view_func(request, *args, **kwargs)
  File "C:\Proyectos\Bitacora E.E\backend\venv\Lib\site-packages\django\views\generic\base.py", line 105, in view
    return self.dispatch(request, *args, **kwargs)
           ~~~~~~~~~~~~~^^^^^^^^^^^^^^^^^^^^^^^^^^
  File "C:\Proyectos\Bitacora E.E\backend\venv\Lib\site-packages\rest_framework\views.py", line 526, in dispatch
    response = self.handle_exception(exc)
  File "C:\Proyectos\Bitacora E.E\backend\venv\Lib\site-packages\rest_framework\views.py", line 474, in handle_exception
    self.raise_uncaught_exception(exc)
    ~~~~~~~~~~~~~~~~~~~~~~~~~~~~~^^^^^
  File "C:\Proyectos\Bitacora E.E\backend\venv\Lib\site-packages\rest_framework\views.py", line 485, in raise_uncaught_exception
    raise exc
  File "C:\Proyectos\Bitacora E.E\backend\venv\Lib\site-packages\rest_framework\views.py", line 523, in dispatch
    response = handler(request, *args, **kwargs)
  File "C:\Proyectos\Bitacora E.E\backend\buses\views.py", line 1660, in get
    'odometro': b_info.odometro if (b_info and b_info.odometro is not None) else '—',
                                               ^^^^^^^^^^^^^^^
AttributeError: 'DatosBusae' object has no attribute 'odometro'
{"timestamp": "2026-09-19T16:10:00-0500", "level": "ERROR", "logger": "django.server", "line": 283, "message": ""GET /api/bitacora/tabla/?search=&patio=&estado_gps=&estado_genesis=&page=1&page_size=20&ordering=bus HTTP/1.1" 500 21820"}
{"timestamp": "2026-09-19T16:10:02-0500", "level": "ERROR", "logger": "django.request", "line": 283, "message": "Internal Server Error: /api/bitacora/tabla/"}
Traceback (most recent call last):
  File "C:\Proyectos\Bitacora E.E\backend\venv\Lib\site-packages\django\core\handlers\exception.py", line 56, in inner
    response = get_response(request)
  File "C:\Proyectos\Bitacora E.E\backend\venv\Lib\site-packages\django\core\handlers\base.py", line 199, in _get_response
    response = wrapped_callback(request, *callback_args, **callback_kwargs)
  File "C:\Proyectos\Bitacora E.E\backend\venv\Lib\site-packages\django\views\decorators\csrf.py", line 64, in _view_wrapper
    return view_func(request, *args, **kwargs)
  File "C:\Proyectos\Bitacora E.E\backend\venv\Lib\site-packages\django\views\generic\base.py", line 105, in view
    return self.dispatch(request, *args, **kwargs)
           ~~~~~~~~~~~~~^^^^^^^^^^^^^^^^^^^^^^^^^^
  File "C:\Proyectos\Bitacora E.E\backend\venv\Lib\site-packages\rest_framework\views.py", line 526, in dispatch
    response = self.handle_exception(exc)
  File "C:\Proyectos\Bitacora E.E\backend\venv\Lib\site-packages\rest_framework\views.py", line 474, in handle_exception
    self.raise_uncaught_exception(exc)
    ~~~~~~~~~~~~~~~~~~~~~~~~~~~~~^^^^^
  File "C:\Proyectos\Bitacora E.E\backend\venv\Lib\site-packages\rest_framework\views.py", line 485, in raise_uncaught_exception
    raise exc
  File "C:\Proyectos\Bitacora E.E\backend\venv\Lib\site-packages\rest_framework\views.py", line 523, in dispatch
    response = handler(request, *args, **kwargs)
  File "C:\Proyectos\Bitacora E.E\backend\buses\views.py", line 1660, in get
    'odometro': b_info.odometro if (b_info and b_info.odometro is not None) else '—',
                                               ^^^^^^^^^^^^^^^
AttributeError: 'DatosBusae' object has no attribute 'odometro'
{"timestamp": "2026-09-19T16:10:02-0500", "level": "ERROR", "logger": "django.server", "line": 283, "message": ""GET /api/bitacora/tabla/?search=&patio=&estado_gps=&estado_genesis=&page=1&page_size=20&ordering=bus HTTP/1.1" 500 21820"}
{"timestamp": "2026-09-19T16:10:03-0500", "level": "ERROR", "logger": "django.request", "line": 283, "message": "Internal Server Error: /api/bitacora/tabla/"}
Traceback (most recent call last):
  File "C:\Proyectos\Bitacora E.E\backend\venv\Lib\site-packages\django\core\handlers\exception.py", line 56, in inner
    response = get_response(request)
  File "C:\Proyectos\Bitacora E.E\backend\venv\Lib\site-packages\django\core\handlers\base.py", line 199, in _get_response
    response = wrapped_callback(request, *callback_args, **callback_kwargs)
  File "C:\Proyectos\Bitacora E.E\backend\venv\Lib\site-packages\django\views\decorators\csrf.py", line 64, in _view_wrapper
    return view_func(request, *args, **kwargs)
  File "C:\Proyectos\Bitacora E.E\backend\venv\Lib\site-packages\django\views\generic\base.py", line 105, in view
    return self.dispatch(request, *args, **kwargs)
           ~~~~~~~~~~~~~^^^^^^^^^^^^^^^^^^^^^^^^^^
  File "C:\Proyectos\Bitacora E.E\backend\venv\Lib\site-packages\rest_framework\views.py", line 526, in dispatch
    response = self.handle_exception(exc)
  File "C:\Proyectos\Bitacora E.E\backend\venv\Lib\site-packages\rest_framework\views.py", line 474, in handle_exception
    self.raise_uncaught_exception(exc)
    ~~~~~~~~~~~~~~~~~~~~~~~~~~~~~^^^^^
  File "C:\Proyectos\Bitacora E.E\backend\venv\Lib\site-packages\rest_framework\views.py", line 485, in raise_uncaught_exception
    raise exc
  File "C:\Proyectos\Bitacora E.E\backend\venv\Lib\site-packages\rest_framework\views.py", line 523, in dispatch
    response = handler(request, *args, **kwargs)
  File "C:\Proyectos\Bitacora E.E\backend\buses\views.py", line 1660, in get
    'odometro': b_info.odometro if (b_info and b_info.odometro is not None) else '—',
                                               ^^^^^^^^^^^^^^^
AttributeError: 'DatosBusae' object has no attribute 'odometro'
{"timestamp": "2026-09-19T16:10:03-0500", "level": "ERROR", "logger": "django.server", "line": 283, "message": ""GET /api/bitacora/tabla/?search=&patio=&estado_gps=&estado_genesis=&page=1&page_size=20&ordering=bus HTTP/1.1" 500 21820"}
{"timestamp": "2026-09-19T16:15:29-0500", "level": "ERROR", "logger": "buses.services.busae", "line": 339, "message": "[BUSAE] Error durante ciclo de sincronización: La respuesta de BUSAE no contiene datos."}
Traceback (most recent call last):
  File "C:\Proyectos\Bitacora E.E\backend\buses\services\busae_service.py", line 317, in sync
  File "C:\Proyectos\Bitacora E.E\backend\shared\decorators.py", line 115, in wrapper
    result = func(*args, **kwargs)
  File "C:\Proyectos\Bitacora E.E\backend\shared\decorators.py", line 27, in wrapper
    return func(*args, **kwargs)
  File "C:\Proyectos\Bitacora E.E\backend\buses\services\busae_service.py", line 220, in fetch_raw_data
    err_msg = str(exc)
shared.exceptions.BusaeIntegrationError: La respuesta de BUSAE no contiene datos.
{"timestamp": "2026-09-19T16:17:54-0500", "level": "ERROR", "logger": "django.request", "line": 283, "message": "Internal Server Error: /api/bitacora/tabla/"}
Traceback (most recent call last):
  File "C:\Proyectos\Bitacora E.E\backend\venv\Lib\site-packages\django\core\handlers\exception.py", line 56, in inner
    response = get_response(request)
  File "C:\Proyectos\Bitacora E.E\backend\venv\Lib\site-packages\django\core\handlers\base.py", line 199, in _get_response
    response = wrapped_callback(request, *callback_args, **callback_kwargs)
  File "C:\Proyectos\Bitacora E.E\backend\venv\Lib\site-packages\django\views\decorators\csrf.py", line 64, in _view_wrapper
    return view_func(request, *args, **kwargs)
  File "C:\Proyectos\Bitacora E.E\backend\venv\Lib\site-packages\django\views\generic\base.py", line 105, in view
    return self.dispatch(request, *args, **kwargs)
           ~~~~~~~~~~~~~^^^^^^^^^^^^^^^^^^^^^^^^^^
  File "C:\Proyectos\Bitacora E.E\backend\venv\Lib\site-packages\rest_framework\views.py", line 526, in dispatch
    response = self.handle_exception(exc)
  File "C:\Proyectos\Bitacora E.E\backend\venv\Lib\site-packages\rest_framework\views.py", line 474, in handle_exception
    self.raise_uncaught_exception(exc)
    ~~~~~~~~~~~~~~~~~~~~~~~~~~~~~^^^^^
  File "C:\Proyectos\Bitacora E.E\backend\venv\Lib\site-packages\rest_framework\views.py", line 485, in raise_uncaught_exception
    raise exc
  File "C:\Proyectos\Bitacora E.E\backend\venv\Lib\site-packages\rest_framework\views.py", line 523, in dispatch
    response = handler(request, *args, **kwargs)
  File "C:\Proyectos\Bitacora E.E\backend\buses\views.py", line 1660, in get
    'odometro': b_info.odometro if (b_info and b_info.odometro is not None) else '—',
                                               ^^^^^^^^^^^^^^^
AttributeError: 'DatosBusae' object has no attribute 'odometro'
{"timestamp": "2026-09-19T16:17:54-0500", "level": "ERROR", "logger": "django.server", "line": 283, "message": ""GET /api/bitacora/tabla/?search=&patio=&estado_gps=&estado_genesis=&page=1&page_size=20&ordering=bus HTTP/1.1" 500 21820"}
{"timestamp": "2026-09-19T16:17:55-0500", "level": "ERROR", "logger": "django.request", "line": 283, "message": "Internal Server Error: /api/bitacora/tabla/"}
Traceback (most recent call last):
  File "C:\Proyectos\Bitacora E.E\backend\venv\Lib\site-packages\django\core\handlers\exception.py", line 56, in inner
    response = get_response(request)
  File "C:\Proyectos\Bitacora E.E\backend\venv\Lib\site-packages\django\core\handlers\base.py", line 199, in _get_response
    response = wrapped_callback(request, *callback_args, **callback_kwargs)
  File "C:\Proyectos\Bitacora E.E\backend\venv\Lib\site-packages\django\views\decorators\csrf.py", line 64, in _view_wrapper
    return view_func(request, *args, **kwargs)
  File "C:\Proyectos\Bitacora E.E\backend\venv\Lib\site-packages\django\views\generic\base.py", line 105, in view
    return self.dispatch(request, *args, **kwargs)
           ~~~~~~~~~~~~~^^^^^^^^^^^^^^^^^^^^^^^^^^
  File "C:\Proyectos\Bitacora E.E\backend\venv\Lib\site-packages\rest_framework\views.py", line 526, in dispatch
    response = self.handle_exception(exc)
  File "C:\Proyectos\Bitacora E.E\backend\venv\Lib\site-packages\rest_framework\views.py", line 474, in handle_exception
    self.raise_uncaught_exception(exc)
    ~~~~~~~~~~~~~~~~~~~~~~~~~~~~~^^^^^
  File "C:\Proyectos\Bitacora E.E\backend\venv\Lib\site-packages\rest_framework\views.py", line 485, in raise_uncaught_exception
    raise exc
  File "C:\Proyectos\Bitacora E.E\backend\venv\Lib\site-packages\rest_framework\views.py", line 523, in dispatch
    response = handler(request, *args, **kwargs)
  File "C:\Proyectos\Bitacora E.E\backend\buses\views.py", line 1660, in get
    'odometro': b_info.odometro if (b_info and b_info.odometro is not None) else '—',
                                               ^^^^^^^^^^^^^^^
AttributeError: 'DatosBusae' object has no attribute 'odometro'
{"timestamp": "2026-09-19T16:17:55-0500", "level": "ERROR", "logger": "django.server", "line": 283, "message": ""GET /api/bitacora/tabla/?search=&patio=&estado_gps=&estado_genesis=&page=1&page_size=20&ordering=bus HTTP/1.1" 500 21820"}
{"timestamp": "2026-09-19T16:18:10-0500", "level": "ERROR", "logger": "poller.busae", "line": 154, "message": "Login BUSAE HTTP fallido — sigue en página de login"}
{"timestamp": "2026-09-19T16:18:29-0500", "level": "ERROR", "logger": "poller.busae", "line": 154, "message": "Login BUSAE HTTP fallido — sigue en página de login"}
{"timestamp": "2026-09-19T16:18:55-0500", "level": "ERROR", "logger": "django.request", "line": 283, "message": "Internal Server Error: /api/bitacora/tabla/"}
Traceback (most recent call last):
  File "C:\Proyectos\Bitacora E.E\backend\venv\Lib\site-packages\django\core\handlers\exception.py", line 56, in inner
    response = get_response(request)
  File "C:\Proyectos\Bitacora E.E\backend\venv\Lib\site-packages\django\core\handlers\base.py", line 199, in _get_response
    response = wrapped_callback(request, *callback_args, **callback_kwargs)
  File "C:\Proyectos\Bitacora E.E\backend\venv\Lib\site-packages\django\views\decorators\csrf.py", line 64, in _view_wrapper
    return view_func(request, *args, **kwargs)
  File "C:\Proyectos\Bitacora E.E\backend\venv\Lib\site-packages\django\views\generic\base.py", line 105, in view
    return self.dispatch(request, *args, **kwargs)
           ~~~~~~~~~~~~~^^^^^^^^^^^^^^^^^^^^^^^^^^
  File "C:\Proyectos\Bitacora E.E\backend\venv\Lib\site-packages\rest_framework\views.py", line 526, in dispatch
    response = self.handle_exception(exc)
  File "C:\Proyectos\Bitacora E.E\backend\venv\Lib\site-packages\rest_framework\views.py", line 474, in handle_exception
    self.raise_uncaught_exception(exc)
    ~~~~~~~~~~~~~~~~~~~~~~~~~~~~~^^^^^
  File "C:\Proyectos\Bitacora E.E\backend\venv\Lib\site-packages\rest_framework\views.py", line 485, in raise_uncaught_exception
    raise exc
  File "C:\Proyectos\Bitacora E.E\backend\venv\Lib\site-packages\rest_framework\views.py", line 523, in dispatch
    response = handler(request, *args, **kwargs)
  File "C:\Proyectos\Bitacora E.E\backend\buses\views.py", line 1660, in get
    'odometro': b_info.odometro if (b_info and b_info.odometro is not None) else '—',
                                               ^^^^^^^^^^^^^^^
AttributeError: 'DatosBusae' object has no attribute 'odometro'
{"timestamp": "2026-09-19T16:18:55-0500", "level": "ERROR", "logger": "django.server", "line": 283, "message": ""GET /api/bitacora/tabla/?search=&patio=&estado_gps=&estado_genesis=&page=1&page_size=20&ordering=bus HTTP/1.1" 500 21820"}
{"timestamp": "2026-09-19T16:18:57-0500", "level": "ERROR", "logger": "django.request", "line": 283, "message": "Internal Server Error: /api/bitacora/tabla/"}
Traceback (most recent call last):
  File "C:\Proyectos\Bitacora E.E\backend\venv\Lib\site-packages\django\core\handlers\exception.py", line 56, in inner
    response = get_response(request)
  File "C:\Proyectos\Bitacora E.E\backend\venv\Lib\site-packages\django\core\handlers\base.py", line 199, in _get_response
    response = wrapped_callback(request, *callback_args, **callback_kwargs)
  File "C:\Proyectos\Bitacora E.E\backend\venv\Lib\site-packages\django\views\decorators\csrf.py", line 64, in _view_wrapper
    return view_func(request, *args, **kwargs)
  File "C:\Proyectos\Bitacora E.E\backend\venv\Lib\site-packages\django\views\generic\base.py", line 105, in view
    return self.dispatch(request, *args, **kwargs)
           ~~~~~~~~~~~~~^^^^^^^^^^^^^^^^^^^^^^^^^^
  File "C:\Proyectos\Bitacora E.E\backend\venv\Lib\site-packages\rest_framework\views.py", line 526, in dispatch
    response = self.handle_exception(exc)
  File "C:\Proyectos\Bitacora E.E\backend\venv\Lib\site-packages\rest_framework\views.py", line 474, in handle_exception
    self.raise_uncaught_exception(exc)
    ~~~~~~~~~~~~~~~~~~~~~~~~~~~~~^^^^^
  File "C:\Proyectos\Bitacora E.E\backend\venv\Lib\site-packages\rest_framework\views.py", line 485, in raise_uncaught_exception
    raise exc
  File "C:\Proyectos\Bitacora E.E\backend\venv\Lib\site-packages\rest_framework\views.py", line 523, in dispatch
    response = handler(request, *args, **kwargs)
  File "C:\Proyectos\Bitacora E.E\backend\buses\views.py", line 1660, in get
    'odometro': b_info.odometro if (b_info and b_info.odometro is not None) else '—',
                                               ^^^^^^^^^^^^^^^
AttributeError: 'DatosBusae' object has no attribute 'odometro'
{"timestamp": "2026-09-19T16:18:57-0500", "level": "ERROR", "logger": "django.server", "line": 283, "message": ""GET /api/bitacora/tabla/?search=&patio=&estado_gps=&estado_genesis=&page=1&page_size=20&ordering=bus HTTP/1.1" 500 21820"}
{"timestamp": "2026-09-19T16:25:25-0500", "level": "ERROR", "logger": "buses.services.busae", "line": 339, "message": "[BUSAE] Error durante ciclo de sincronización: La respuesta de BUSAE no contiene datos."}
Traceback (most recent call last):
  File "C:\Proyectos\Bitacora E.E\backend\buses\services\busae_service.py", line 317, in sync
  File "C:\Proyectos\Bitacora E.E\backend\shared\decorators.py", line 115, in wrapper
    result = func(*args, **kwargs)
  File "C:\Proyectos\Bitacora E.E\backend\shared\decorators.py", line 27, in wrapper
    return func(*args, **kwargs)
  File "C:\Proyectos\Bitacora E.E\backend\buses\services\busae_service.py", line 220, in fetch_raw_data
    err_msg = str(exc)
shared.exceptions.BusaeIntegrationError: La respuesta de BUSAE no contiene datos.
{"timestamp": "2026-09-19T16:35:43-0500", "level": "ERROR", "logger": "buses.services.busae", "line": 339, "message": "[BUSAE] Error durante ciclo de sincronización: La respuesta de BUSAE no contiene datos."}
Traceback (most recent call last):
  File "C:\Proyectos\Bitacora E.E\backend\buses\services\busae_service.py", line 317, in sync
  File "C:\Proyectos\Bitacora E.E\backend\shared\decorators.py", line 115, in wrapper
    result = func(*args, **kwargs)
  File "C:\Proyectos\Bitacora E.E\backend\shared\decorators.py", line 27, in wrapper
    return func(*args, **kwargs)
  File "C:\Proyectos\Bitacora E.E\backend\buses\services\busae_service.py", line 220, in fetch_raw_data
    err_msg = str(exc)
shared.exceptions.BusaeIntegrationError: La respuesta de BUSAE no contiene datos.
{"timestamp": "2026-09-19T16:45:32-0500", "level": "ERROR", "logger": "buses.services.busae", "line": 339, "message": "[BUSAE] Error durante ciclo de sincronización: La respuesta de BUSAE no contiene datos."}
Traceback (most recent call last):
  File "C:\Proyectos\Bitacora E.E\backend\buses\services\busae_service.py", line 317, in sync
  File "C:\Proyectos\Bitacora E.E\backend\shared\decorators.py", line 115, in wrapper
    result = func(*args, **kwargs)
  File "C:\Proyectos\Bitacora E.E\backend\shared\decorators.py", line 27, in wrapper
    return func(*args, **kwargs)
  File "C:\Proyectos\Bitacora E.E\backend\buses\services\busae_service.py", line 220, in fetch_raw_data
    err_msg = str(exc)
shared.exceptions.BusaeIntegrationError: La respuesta de BUSAE no contiene datos.
{"timestamp": "2026-09-19T16:55:37-0500", "level": "ERROR", "logger": "buses.services.busae", "line": 339, "message": "[BUSAE] Error durante ciclo de sincronización: La respuesta de BUSAE no contiene datos."}
Traceback (most recent call last):
  File "C:\Proyectos\Bitacora E.E\backend\buses\services\busae_service.py", line 317, in sync
  File "C:\Proyectos\Bitacora E.E\backend\shared\decorators.py", line 115, in wrapper
    result = func(*args, **kwargs)
  File "C:\Proyectos\Bitacora E.E\backend\shared\decorators.py", line 27, in wrapper
    return func(*args, **kwargs)
  File "C:\Proyectos\Bitacora E.E\backend\buses\services\busae_service.py", line 220, in fetch_raw_data
    err_msg = str(exc)
shared.exceptions.BusaeIntegrationError: La respuesta de BUSAE no contiene datos.
{"timestamp": "2026-09-19T17:05:20-0500", "level": "ERROR", "logger": "buses.services.busae", "line": 339, "message": "[BUSAE] Error durante ciclo de sincronización: La respuesta de BUSAE no contiene datos."}
Traceback (most recent call last):
  File "C:\Proyectos\Bitacora E.E\backend\buses\services\busae_service.py", line 317, in sync
  File "C:\Proyectos\Bitacora E.E\backend\shared\decorators.py", line 115, in wrapper
    result = func(*args, **kwargs)
  File "C:\Proyectos\Bitacora E.E\backend\shared\decorators.py", line 27, in wrapper
    return func(*args, **kwargs)
  File "C:\Proyectos\Bitacora E.E\backend\buses\services\busae_service.py", line 220, in fetch_raw_data
    err_msg = str(exc)
shared.exceptions.BusaeIntegrationError: La respuesta de BUSAE no contiene datos.
{"timestamp": "2026-09-19T17:09:12-0500", "level": "ERROR", "logger": "poller.busae", "line": 154, "message": "Login BUSAE HTTP fallido — sigue en página de login"}
{"timestamp": "2026-09-19T17:09:44-0500", "level": "ERROR", "logger": "poller.busae", "line": 154, "message": "Login BUSAE HTTP fallido — sigue en página de login"}
{"timestamp": "2026-09-19T17:11:25-0500", "level": "ERROR", "logger": "django.request", "line": 283, "message": "Internal Server Error: /api/datos-busae/"}
Traceback (most recent call last):
  File "C:\Proyectos\Bitacora E.E\backend\venv\Lib\site-packages\django\db\backends\utils.py", line 105, in _execute
    return self.cursor.execute(sql, params)
           ~~~~~~~~~~~~~~~~~~~^^^^^^^^^^^^^
  File "C:\Proyectos\Bitacora E.E\backend\venv\Lib\site-packages\psycopg\cursor.py", line 117, in execute
    raise ex.with_traceback(None)
psycopg.errors.UndefinedColumn: column buses_datosbusae.odometro does not exist
LINE 1: ...e"."manos_libres", "buses_datosbusae"."telefono", "buses_dat...
                                                             ^

The above exception was the direct cause of the following exception:

Traceback (most recent call last):
  File "C:\Proyectos\Bitacora E.E\backend\venv\Lib\site-packages\django\core\handlers\exception.py", line 56, in inner
    response = get_response(request)
  File "C:\Proyectos\Bitacora E.E\backend\venv\Lib\site-packages\django\core\handlers\base.py", line 199, in _get_response
    response = wrapped_callback(request, *callback_args, **callback_kwargs)
  File "C:\Proyectos\Bitacora E.E\backend\venv\Lib\site-packages\django\views\decorators\csrf.py", line 64, in _view_wrapper
    return view_func(request, *args, **kwargs)
  File "C:\Proyectos\Bitacora E.E\backend\venv\Lib\site-packages\rest_framework\viewsets.py", line 124, in view
    return self.dispatch(request, *args, **kwargs)
           ~~~~~~~~~~~~~^^^^^^^^^^^^^^^^^^^^^^^^^^
  File "C:\Proyectos\Bitacora E.E\backend\venv\Lib\site-packages\rest_framework\views.py", line 526, in dispatch
    response = self.handle_exception(exc)
  File "C:\Proyectos\Bitacora E.E\backend\venv\Lib\site-packages\rest_framework\views.py", line 474, in handle_exception
    self.raise_uncaught_exception(exc)
    ~~~~~~~~~~~~~~~~~~~~~~~~~~~~~^^^^^
  File "C:\Proyectos\Bitacora E.E\backend\venv\Lib\site-packages\rest_framework\views.py", line 485, in raise_uncaught_exception
    raise exc
  File "C:\Proyectos\Bitacora E.E\backend\venv\Lib\site-packages\rest_framework\views.py", line 523, in dispatch
    response = handler(request, *args, **kwargs)
  File "C:\Proyectos\Bitacora E.E\backend\venv\Lib\site-packages\rest_framework\mixins.py", line 40, in list
    page = self.paginate_queryset(queryset)
  File "C:\Proyectos\Bitacora E.E\backend\venv\Lib\site-packages\rest_framework\generics.py", line 175, in paginate_queryset
    return self.paginator.paginate_queryset(queryset, self.request, view=self)
           ~~~~~~~~~~~~~~~~~~~~~~~~~~~~~~~~^^^^^^^^^^^^^^^^^^^^^^^^^^^^^^^^^^^
  File "C:\Proyectos\Bitacora E.E\backend\venv\Lib\site-packages\rest_framework\pagination.py", line 213, in paginate_queryset
    return list(self.page)
  File "C:\Proyectos\Bitacora E.E\backend\venv\Lib\site-packages\django\core\paginator.py", line 312, in __len__
    return len(self.object_list)
  File "C:\Proyectos\Bitacora E.E\backend\venv\Lib\site-packages\django\db\models\query.py", line 455, in __len__
    self._fetch_all()
    ~~~~~~~~~~~~~~~^^
  File "C:\Proyectos\Bitacora E.E\backend\venv\Lib\site-packages\django\db\models\query.py", line 2287, in _fetch_all
    self._result_cache = list(self._iterable_class(self))
                         ~~~~^^^^^^^^^^^^^^^^^^^^^^^^^^^^
  File "C:\Proyectos\Bitacora E.E\backend\venv\Lib\site-packages\django\db\models\query.py", line 131, in __iter__
    results = compiler.execute_sql(
        chunked_fetch=self.chunked_fetch, chunk_size=self.chunk_size
    )
  File "C:\Proyectos\Bitacora E.E\backend\venv\Lib\site-packages\django\db\models\sql\compiler.py", line 1643, in execute_sql
    cursor.execute(sql, params)
    ~~~~~~~~~~~~~~^^^^^^^^^^^^^
  File "C:\Proyectos\Bitacora E.E\backend\venv\Lib\site-packages\django\db\backends\utils.py", line 122, in execute
    return super().execute(sql, params)
           ~~~~~~~~~~~~~~~^^^^^^^^^^^^^
  File "C:\Proyectos\Bitacora E.E\backend\venv\Lib\site-packages\django\db\backends\utils.py", line 79, in execute
    return self._execute_with_wrappers(
           ~~~~~~~~~~~~~~~~~~~~~~~~~~~^
        sql, params, many=False, executor=self._execute
        ^^^^^^^^^^^^^^^^^^^^^^^^^^^^^^^^^^^^^^^^^^^^^^^
    )
    ^
  File "C:\Proyectos\Bitacora E.E\backend\venv\Lib\site-packages\django\db\backends\utils.py", line 92, in _execute_with_wrappers
    return executor(sql, params, many, context)
  File "C:\Proyectos\Bitacora E.E\backend\venv\Lib\site-packages\django\db\backends\utils.py", line 100, in _execute
    with self.db.wrap_database_errors:
         ^^^^^^^^^^^^^^^^^^^^^^^^^^^^
  File "C:\Proyectos\Bitacora E.E\backend\venv\Lib\site-packages\django\db\utils.py", line 94, in __exit__
    raise dj_exc_value.with_traceback(traceback) from exc_value
  File "C:\Proyectos\Bitacora E.E\backend\venv\Lib\site-packages\django\db\backends\utils.py", line 105, in _execute
    return self.cursor.execute(sql, params)
           ~~~~~~~~~~~~~~~~~~~^^^^^^^^^^^^^
  File "C:\Proyectos\Bitacora E.E\backend\venv\Lib\site-packages\psycopg\cursor.py", line 117, in execute
    raise ex.with_traceback(None)
django.db.utils.ProgrammingError: column buses_datosbusae.odometro does not exist
LINE 1: ...e"."manos_libres", "buses_datosbusae"."telefono", "buses_dat...
                                                             ^
{"timestamp": "2026-09-19T17:11:25-0500", "level": "ERROR", "logger": "django.server", "line": 283, "message": ""GET /api/datos-busae/?page=1&page_size=50&search=&estado=&ordering=bus_movil HTTP/1.1" 500 25406"}
{"timestamp": "2026-09-19T17:11:26-0500", "level": "ERROR", "logger": "django.request", "line": 283, "message": "Internal Server Error: /api/datos-busae/"}
Traceback (most recent call last):
  File "C:\Proyectos\Bitacora E.E\backend\venv\Lib\site-packages\django\db\backends\utils.py", line 105, in _execute
    return self.cursor.execute(sql, params)
           ~~~~~~~~~~~~~~~~~~~^^^^^^^^^^^^^
  File "C:\Proyectos\Bitacora E.E\backend\venv\Lib\site-packages\psycopg\cursor.py", line 117, in execute
    raise ex.with_traceback(None)
psycopg.errors.UndefinedColumn: column buses_datosbusae.odometro does not exist
LINE 1: ...e"."manos_libres", "buses_datosbusae"."telefono", "buses_dat...
                                                             ^

The above exception was the direct cause of the following exception:

Traceback (most recent call last):
  File "C:\Proyectos\Bitacora E.E\backend\venv\Lib\site-packages\django\core\handlers\exception.py", line 56, in inner
    response = get_response(request)
  File "C:\Proyectos\Bitacora E.E\backend\venv\Lib\site-packages\django\core\handlers\base.py", line 199, in _get_response
    response = wrapped_callback(request, *callback_args, **callback_kwargs)
  File "C:\Proyectos\Bitacora E.E\backend\venv\Lib\site-packages\django\views\decorators\csrf.py", line 64, in _view_wrapper
    return view_func(request, *args, **kwargs)
  File "C:\Proyectos\Bitacora E.E\backend\venv\Lib\site-packages\rest_framework\viewsets.py", line 124, in view
    return self.dispatch(request, *args, **kwargs)
           ~~~~~~~~~~~~~^^^^^^^^^^^^^^^^^^^^^^^^^^
  File "C:\Proyectos\Bitacora E.E\backend\venv\Lib\site-packages\rest_framework\views.py", line 526, in dispatch
    response = self.handle_exception(exc)
  File "C:\Proyectos\Bitacora E.E\backend\venv\Lib\site-packages\rest_framework\views.py", line 474, in handle_exception
    self.raise_uncaught_exception(exc)
    ~~~~~~~~~~~~~~~~~~~~~~~~~~~~~^^^^^
  File "C:\Proyectos\Bitacora E.E\backend\venv\Lib\site-packages\rest_framework\views.py", line 485, in raise_uncaught_exception
    raise exc
  File "C:\Proyectos\Bitacora E.E\backend\venv\Lib\site-packages\rest_framework\views.py", line 523, in dispatch
    response = handler(request, *args, **kwargs)
  File "C:\Proyectos\Bitacora E.E\backend\venv\Lib\site-packages\rest_framework\mixins.py", line 40, in list
    page = self.paginate_queryset(queryset)
  File "C:\Proyectos\Bitacora E.E\backend\venv\Lib\site-packages\rest_framework\generics.py", line 175, in paginate_queryset
    return self.paginator.paginate_queryset(queryset, self.request, view=self)
           ~~~~~~~~~~~~~~~~~~~~~~~~~~~~~~~~^^^^^^^^^^^^^^^^^^^^^^^^^^^^^^^^^^^
  File "C:\Proyectos\Bitacora E.E\backend\venv\Lib\site-packages\rest_framework\pagination.py", line 213, in paginate_queryset
    return list(self.page)
  File "C:\Proyectos\Bitacora E.E\backend\venv\Lib\site-packages\django\core\paginator.py", line 312, in __len__
    return len(self.object_list)
  File "C:\Proyectos\Bitacora E.E\backend\venv\Lib\site-packages\django\db\models\query.py", line 455, in __len__
    self._fetch_all()
    ~~~~~~~~~~~~~~~^^
  File "C:\Proyectos\Bitacora E.E\backend\venv\Lib\site-packages\django\db\models\query.py", line 2287, in _fetch_all
    self._result_cache = list(self._iterable_class(self))
                         ~~~~^^^^^^^^^^^^^^^^^^^^^^^^^^^^
  File "C:\Proyectos\Bitacora E.E\backend\venv\Lib\site-packages\django\db\models\query.py", line 131, in __iter__
    results = compiler.execute_sql(
        chunked_fetch=self.chunked_fetch, chunk_size=self.chunk_size
    )
  File "C:\Proyectos\Bitacora E.E\backend\venv\Lib\site-packages\django\db\models\sql\compiler.py", line 1643, in execute_sql
    cursor.execute(sql, params)
    ~~~~~~~~~~~~~~^^^^^^^^^^^^^
  File "C:\Proyectos\Bitacora E.E\backend\venv\Lib\site-packages\django\db\backends\utils.py", line 122, in execute
    return super().execute(sql, params)
           ~~~~~~~~~~~~~~~^^^^^^^^^^^^^
  File "C:\Proyectos\Bitacora E.E\backend\venv\Lib\site-packages\django\db\backends\utils.py", line 79, in execute
    return self._execute_with_wrappers(
           ~~~~~~~~~~~~~~~~~~~~~~~~~~~^
        sql, params, many=False, executor=self._execute
        ^^^^^^^^^^^^^^^^^^^^^^^^^^^^^^^^^^^^^^^^^^^^^^^
    )
    ^
  File "C:\Proyectos\Bitacora E.E\backend\venv\Lib\site-packages\django\db\backends\utils.py", line 92, in _execute_with_wrappers
    return executor(sql, params, many, context)
  File "C:\Proyectos\Bitacora E.E\backend\venv\Lib\site-packages\django\db\backends\utils.py", line 100, in _execute
    with self.db.wrap_database_errors:
         ^^^^^^^^^^^^^^^^^^^^^^^^^^^^
  File "C:\Proyectos\Bitacora E.E\backend\venv\Lib\site-packages\django\db\utils.py", line 94, in __exit__
    raise dj_exc_value.with_traceback(traceback) from exc_value
  File "C:\Proyectos\Bitacora E.E\backend\venv\Lib\site-packages\django\db\backends\utils.py", line 105, in _execute
    return self.cursor.execute(sql, params)
           ~~~~~~~~~~~~~~~~~~~^^^^^^^^^^^^^
  File "C:\Proyectos\Bitacora E.E\backend\venv\Lib\site-packages\psycopg\cursor.py", line 117, in execute
    raise ex.with_traceback(None)
django.db.utils.ProgrammingError: column buses_datosbusae.odometro does not exist
LINE 1: ...e"."manos_libres", "buses_datosbusae"."telefono", "buses_dat...
                                                             ^
{"timestamp": "2026-09-19T17:11:26-0500", "level": "ERROR", "logger": "django.server", "line": 283, "message": ""GET /api/datos-busae/?page=1&page_size=50&search=&estado=&ordering=bus_movil HTTP/1.1" 500 25406"}
{"timestamp": "2026-09-19T17:11:48-0500", "level": "ERROR", "logger": "django.request", "line": 283, "message": "Internal Server Error: /api/datos-busae/"}
Traceback (most recent call last):
  File "C:\Proyectos\Bitacora E.E\backend\venv\Lib\site-packages\django\db\backends\utils.py", line 105, in _execute
    return self.cursor.execute(sql, params)
           ~~~~~~~~~~~~~~~~~~~^^^^^^^^^^^^^
  File "C:\Proyectos\Bitacora E.E\backend\venv\Lib\site-packages\psycopg\cursor.py", line 117, in execute
    raise ex.with_traceback(None)
psycopg.errors.UndefinedColumn: column buses_datosbusae.odometro does not exist
LINE 1: ...e"."manos_libres", "buses_datosbusae"."telefono", "buses_dat...
                                                             ^

The above exception was the direct cause of the following exception:

Traceback (most recent call last):
  File "C:\Proyectos\Bitacora E.E\backend\venv\Lib\site-packages\django\core\handlers\exception.py", line 56, in inner
    response = get_response(request)
  File "C:\Proyectos\Bitacora E.E\backend\venv\Lib\site-packages\django\core\handlers\base.py", line 199, in _get_response
    response = wrapped_callback(request, *callback_args, **callback_kwargs)
  File "C:\Proyectos\Bitacora E.E\backend\venv\Lib\site-packages\django\views\decorators\csrf.py", line 64, in _view_wrapper
    return view_func(request, *args, **kwargs)
  File "C:\Proyectos\Bitacora E.E\backend\venv\Lib\site-packages\rest_framework\viewsets.py", line 124, in view
    return self.dispatch(request, *args, **kwargs)
           ~~~~~~~~~~~~~^^^^^^^^^^^^^^^^^^^^^^^^^^
  File "C:\Proyectos\Bitacora E.E\backend\venv\Lib\site-packages\rest_framework\views.py", line 526, in dispatch
    response = self.handle_exception(exc)
  File "C:\Proyectos\Bitacora E.E\backend\venv\Lib\site-packages\rest_framework\views.py", line 474, in handle_exception
    self.raise_uncaught_exception(exc)
    ~~~~~~~~~~~~~~~~~~~~~~~~~~~~~^^^^^
  File "C:\Proyectos\Bitacora E.E\backend\venv\Lib\site-packages\rest_framework\views.py", line 485, in raise_uncaught_exception
    raise exc
  File "C:\Proyectos\Bitacora E.E\backend\venv\Lib\site-packages\rest_framework\views.py", line 523, in dispatch
    response = handler(request, *args, **kwargs)
  File "C:\Proyectos\Bitacora E.E\backend\venv\Lib\site-packages\rest_framework\mixins.py", line 40, in list
    page = self.paginate_queryset(queryset)
  File "C:\Proyectos\Bitacora E.E\backend\venv\Lib\site-packages\rest_framework\generics.py", line 175, in paginate_queryset
    return self.paginator.paginate_queryset(queryset, self.request, view=self)
           ~~~~~~~~~~~~~~~~~~~~~~~~~~~~~~~~^^^^^^^^^^^^^^^^^^^^^^^^^^^^^^^^^^^
  File "C:\Proyectos\Bitacora E.E\backend\venv\Lib\site-packages\rest_framework\pagination.py", line 213, in paginate_queryset
    return list(self.page)
  File "C:\Proyectos\Bitacora E.E\backend\venv\Lib\site-packages\django\core\paginator.py", line 312, in __len__
    return len(self.object_list)
  File "C:\Proyectos\Bitacora E.E\backend\venv\Lib\site-packages\django\db\models\query.py", line 455, in __len__
    self._fetch_all()
    ~~~~~~~~~~~~~~~^^
  File "C:\Proyectos\Bitacora E.E\backend\venv\Lib\site-packages\django\db\models\query.py", line 2287, in _fetch_all
    self._result_cache = list(self._iterable_class(self))
                         ~~~~^^^^^^^^^^^^^^^^^^^^^^^^^^^^
  File "C:\Proyectos\Bitacora E.E\backend\venv\Lib\site-packages\django\db\models\query.py", line 131, in __iter__
    results = compiler.execute_sql(
        chunked_fetch=self.chunked_fetch, chunk_size=self.chunk_size
    )
  File "C:\Proyectos\Bitacora E.E\backend\venv\Lib\site-packages\django\db\models\sql\compiler.py", line 1643, in execute_sql
    cursor.execute(sql, params)
    ~~~~~~~~~~~~~~^^^^^^^^^^^^^
  File "C:\Proyectos\Bitacora E.E\backend\venv\Lib\site-packages\django\db\backends\utils.py", line 122, in execute
    return super().execute(sql, params)
           ~~~~~~~~~~~~~~~^^^^^^^^^^^^^
  File "C:\Proyectos\Bitacora E.E\backend\venv\Lib\site-packages\django\db\backends\utils.py", line 79, in execute
    return self._execute_with_wrappers(
           ~~~~~~~~~~~~~~~~~~~~~~~~~~~^
        sql, params, many=False, executor=self._execute
        ^^^^^^^^^^^^^^^^^^^^^^^^^^^^^^^^^^^^^^^^^^^^^^^
    )
    ^
  File "C:\Proyectos\Bitacora E.E\backend\venv\Lib\site-packages\django\db\backends\utils.py", line 92, in _execute_with_wrappers
    return executor(sql, params, many, context)
  File "C:\Proyectos\Bitacora E.E\backend\venv\Lib\site-packages\django\db\backends\utils.py", line 100, in _execute
    with self.db.wrap_database_errors:
         ^^^^^^^^^^^^^^^^^^^^^^^^^^^^
  File "C:\Proyectos\Bitacora E.E\backend\venv\Lib\site-packages\django\db\utils.py", line 94, in __exit__
    raise dj_exc_value.with_traceback(traceback) from exc_value
  File "C:\Proyectos\Bitacora E.E\backend\venv\Lib\site-packages\django\db\backends\utils.py", line 105, in _execute
    return self.cursor.execute(sql, params)
           ~~~~~~~~~~~~~~~~~~~^^^^^^^^^^^^^
  File "C:\Proyectos\Bitacora E.E\backend\venv\Lib\site-packages\psycopg\cursor.py", line 117, in execute
    raise ex.with_traceback(None)
django.db.utils.ProgrammingError: column buses_datosbusae.odometro does not exist
LINE 1: ...e"."manos_libres", "buses_datosbusae"."telefono", "buses_dat...
                                                             ^
{"timestamp": "2026-09-19T17:11:48-0500", "level": "ERROR", "logger": "django.server", "line": 283, "message": ""GET /api/datos-busae/?page=1&page_size=50&search=&estado=&ordering=manos_libres HTTP/1.1" 500 25415"}
{"timestamp": "2026-09-19T17:11:49-0500", "level": "ERROR", "logger": "poller.busae", "line": 154, "message": "Login BUSAE HTTP fallido — sigue en página de login"}
{"timestamp": "2026-09-19T17:11:50-0500", "level": "ERROR", "logger": "django.request", "line": 283, "message": "Internal Server Error: /api/datos-busae/"}
Traceback (most recent call last):
  File "C:\Proyectos\Bitacora E.E\backend\venv\Lib\site-packages\django\db\backends\utils.py", line 105, in _execute
    return self.cursor.execute(sql, params)
           ~~~~~~~~~~~~~~~~~~~^^^^^^^^^^^^^
  File "C:\Proyectos\Bitacora E.E\backend\venv\Lib\site-packages\psycopg\cursor.py", line 117, in execute
    raise ex.with_traceback(None)
psycopg.errors.UndefinedColumn: column buses_datosbusae.odometro does not exist
LINE 1: ...e"."manos_libres", "buses_datosbusae"."telefono", "buses_dat...
                                                             ^

The above exception was the direct cause of the following exception:

Traceback (most recent call last):
  File "C:\Proyectos\Bitacora E.E\backend\venv\Lib\site-packages\django\core\handlers\exception.py", line 56, in inner
    response = get_response(request)
  File "C:\Proyectos\Bitacora E.E\backend\venv\Lib\site-packages\django\core\handlers\base.py", line 199, in _get_response
    response = wrapped_callback(request, *callback_args, **callback_kwargs)
  File "C:\Proyectos\Bitacora E.E\backend\venv\Lib\site-packages\django\views\decorators\csrf.py", line 64, in _view_wrapper
    return view_func(request, *args, **kwargs)
  File "C:\Proyectos\Bitacora E.E\backend\venv\Lib\site-packages\rest_framework\viewsets.py", line 124, in view
    return self.dispatch(request, *args, **kwargs)
           ~~~~~~~~~~~~~^^^^^^^^^^^^^^^^^^^^^^^^^^
  File "C:\Proyectos\Bitacora E.E\backend\venv\Lib\site-packages\rest_framework\views.py", line 526, in dispatch
    response = self.handle_exception(exc)
  File "C:\Proyectos\Bitacora E.E\backend\venv\Lib\site-packages\rest_framework\views.py", line 474, in handle_exception
    self.raise_uncaught_exception(exc)
    ~~~~~~~~~~~~~~~~~~~~~~~~~~~~~^^^^^
  File "C:\Proyectos\Bitacora E.E\backend\venv\Lib\site-packages\rest_framework\views.py", line 485, in raise_uncaught_exception
    raise exc
  File "C:\Proyectos\Bitacora E.E\backend\venv\Lib\site-packages\rest_framework\views.py", line 523, in dispatch
    response = handler(request, *args, **kwargs)
  File "C:\Proyectos\Bitacora E.E\backend\venv\Lib\site-packages\rest_framework\mixins.py", line 40, in list
    page = self.paginate_queryset(queryset)
  File "C:\Proyectos\Bitacora E.E\backend\venv\Lib\site-packages\rest_framework\generics.py", line 175, in paginate_queryset
    return self.paginator.paginate_queryset(queryset, self.request, view=self)
           ~~~~~~~~~~~~~~~~~~~~~~~~~~~~~~~~^^^^^^^^^^^^^^^^^^^^^^^^^^^^^^^^^^^
  File "C:\Proyectos\Bitacora E.E\backend\venv\Lib\site-packages\rest_framework\pagination.py", line 213, in paginate_queryset
    return list(self.page)
  File "C:\Proyectos\Bitacora E.E\backend\venv\Lib\site-packages\django\core\paginator.py", line 312, in __len__
    return len(self.object_list)
  File "C:\Proyectos\Bitacora E.E\backend\venv\Lib\site-packages\django\db\models\query.py", line 455, in __len__
    self._fetch_all()
    ~~~~~~~~~~~~~~~^^
  File "C:\Proyectos\Bitacora E.E\backend\venv\Lib\site-packages\django\db\models\query.py", line 2287, in _fetch_all
    self._result_cache = list(self._iterable_class(self))
                         ~~~~^^^^^^^^^^^^^^^^^^^^^^^^^^^^
  File "C:\Proyectos\Bitacora E.E\backend\venv\Lib\site-packages\django\db\models\query.py", line 131, in __iter__
    results = compiler.execute_sql(
        chunked_fetch=self.chunked_fetch, chunk_size=self.chunk_size
    )
  File "C:\Proyectos\Bitacora E.E\backend\venv\Lib\site-packages\django\db\models\sql\compiler.py", line 1643, in execute_sql
    cursor.execute(sql, params)
    ~~~~~~~~~~~~~~^^^^^^^^^^^^^
  File "C:\Proyectos\Bitacora E.E\backend\venv\Lib\site-packages\django\db\backends\utils.py", line 122, in execute
    return super().execute(sql, params)
           ~~~~~~~~~~~~~~~^^^^^^^^^^^^^
  File "C:\Proyectos\Bitacora E.E\backend\venv\Lib\site-packages\django\db\backends\utils.py", line 79, in execute
    return self._execute_with_wrappers(
           ~~~~~~~~~~~~~~~~~~~~~~~~~~~^
        sql, params, many=False, executor=self._execute
        ^^^^^^^^^^^^^^^^^^^^^^^^^^^^^^^^^^^^^^^^^^^^^^^
    )
    ^
  File "C:\Proyectos\Bitacora E.E\backend\venv\Lib\site-packages\django\db\backends\utils.py", line 92, in _execute_with_wrappers
    return executor(sql, params, many, context)
  File "C:\Proyectos\Bitacora E.E\backend\venv\Lib\site-packages\django\db\backends\utils.py", line 100, in _execute
    with self.db.wrap_database_errors:
         ^^^^^^^^^^^^^^^^^^^^^^^^^^^^
  File "C:\Proyectos\Bitacora E.E\backend\venv\Lib\site-packages\django\db\utils.py", line 94, in __exit__
    raise dj_exc_value.with_traceback(traceback) from exc_value
  File "C:\Proyectos\Bitacora E.E\backend\venv\Lib\site-packages\django\db\backends\utils.py", line 105, in _execute
    return self.cursor.execute(sql, params)
           ~~~~~~~~~~~~~~~~~~~^^^^^^^^^^^^^
  File "C:\Proyectos\Bitacora E.E\backend\venv\Lib\site-packages\psycopg\cursor.py", line 117, in execute
    raise ex.with_traceback(None)
django.db.utils.ProgrammingError: column buses_datosbusae.odometro does not exist
LINE 1: ...e"."manos_libres", "buses_datosbusae"."telefono", "buses_dat...
                                                             ^
{"timestamp": "2026-09-19T17:11:50-0500", "level": "ERROR", "logger": "django.server", "line": 283, "message": ""GET /api/datos-busae/?page=1&page_size=50&search=&estado=&ordering=manos_libres HTTP/1.1" 500 25415"}
{"timestamp": "2026-09-19T17:11:51-0500", "level": "ERROR", "logger": "django.request", "line": 283, "message": "Internal Server Error: /api/datos-busae/"}
Traceback (most recent call last):
  File "C:\Proyectos\Bitacora E.E\backend\venv\Lib\site-packages\django\db\backends\utils.py", line 105, in _execute
    return self.cursor.execute(sql, params)
           ~~~~~~~~~~~~~~~~~~~^^^^^^^^^^^^^
  File "C:\Proyectos\Bitacora E.E\backend\venv\Lib\site-packages\psycopg\cursor.py", line 117, in execute
    raise ex.with_traceback(None)
psycopg.errors.UndefinedColumn: column buses_datosbusae.odometro does not exist
LINE 1: ...e"."manos_libres", "buses_datosbusae"."telefono", "buses_dat...
                                                             ^

The above exception was the direct cause of the following exception:

Traceback (most recent call last):
  File "C:\Proyectos\Bitacora E.E\backend\venv\Lib\site-packages\django\core\handlers\exception.py", line 56, in inner
    response = get_response(request)
  File "C:\Proyectos\Bitacora E.E\backend\venv\Lib\site-packages\django\core\handlers\base.py", line 199, in _get_response
    response = wrapped_callback(request, *callback_args, **callback_kwargs)
  File "C:\Proyectos\Bitacora E.E\backend\venv\Lib\site-packages\django\views\decorators\csrf.py", line 64, in _view_wrapper
    return view_func(request, *args, **kwargs)
  File "C:\Proyectos\Bitacora E.E\backend\venv\Lib\site-packages\rest_framework\viewsets.py", line 124, in view
    return self.dispatch(request, *args, **kwargs)
           ~~~~~~~~~~~~~^^^^^^^^^^^^^^^^^^^^^^^^^^
  File "C:\Proyectos\Bitacora E.E\backend\venv\Lib\site-packages\rest_framework\views.py", line 526, in dispatch
    response = self.handle_exception(exc)
  File "C:\Proyectos\Bitacora E.E\backend\venv\Lib\site-packages\rest_framework\views.py", line 474, in handle_exception
    self.raise_uncaught_exception(exc)
    ~~~~~~~~~~~~~~~~~~~~~~~~~~~~~^^^^^
  File "C:\Proyectos\Bitacora E.E\backend\venv\Lib\site-packages\rest_framework\views.py", line 485, in raise_uncaught_exception
    raise exc
  File "C:\Proyectos\Bitacora E.E\backend\venv\Lib\site-packages\rest_framework\views.py", line 523, in dispatch
    response = handler(request, *args, **kwargs)
  File "C:\Proyectos\Bitacora E.E\backend\venv\Lib\site-packages\rest_framework\mixins.py", line 40, in list
    page = self.paginate_queryset(queryset)
  File "C:\Proyectos\Bitacora E.E\backend\venv\Lib\site-packages\rest_framework\generics.py", line 175, in paginate_queryset
    return self.paginator.paginate_queryset(queryset, self.request, view=self)
           ~~~~~~~~~~~~~~~~~~~~~~~~~~~~~~~~^^^^^^^^^^^^^^^^^^^^^^^^^^^^^^^^^^^
  File "C:\Proyectos\Bitacora E.E\backend\venv\Lib\site-packages\rest_framework\pagination.py", line 213, in paginate_queryset
    return list(self.page)
  File "C:\Proyectos\Bitacora E.E\backend\venv\Lib\site-packages\django\core\paginator.py", line 312, in __len__
    return len(self.object_list)
  File "C:\Proyectos\Bitacora E.E\backend\venv\Lib\site-packages\django\db\models\query.py", line 455, in __len__
    self._fetch_all()
    ~~~~~~~~~~~~~~~^^
  File "C:\Proyectos\Bitacora E.E\backend\venv\Lib\site-packages\django\db\models\query.py", line 2287, in _fetch_all
    self._result_cache = list(self._iterable_class(self))
                         ~~~~^^^^^^^^^^^^^^^^^^^^^^^^^^^^
  File "C:\Proyectos\Bitacora E.E\backend\venv\Lib\site-packages\django\db\models\query.py", line 131, in __iter__
    results = compiler.execute_sql(
        chunked_fetch=self.chunked_fetch, chunk_size=self.chunk_size
    )
  File "C:\Proyectos\Bitacora E.E\backend\venv\Lib\site-packages\django\db\models\sql\compiler.py", line 1643, in execute_sql
    cursor.execute(sql, params)
    ~~~~~~~~~~~~~~^^^^^^^^^^^^^
  File "C:\Proyectos\Bitacora E.E\backend\venv\Lib\site-packages\django\db\backends\utils.py", line 122, in execute
    return super().execute(sql, params)
           ~~~~~~~~~~~~~~~^^^^^^^^^^^^^
  File "C:\Proyectos\Bitacora E.E\backend\venv\Lib\site-packages\django\db\backends\utils.py", line 79, in execute
    return self._execute_with_wrappers(
           ~~~~~~~~~~~~~~~~~~~~~~~~~~~^
        sql, params, many=False, executor=self._execute
        ^^^^^^^^^^^^^^^^^^^^^^^^^^^^^^^^^^^^^^^^^^^^^^^
    )
    ^
  File "C:\Proyectos\Bitacora E.E\backend\venv\Lib\site-packages\django\db\backends\utils.py", line 92, in _execute_with_wrappers
    return executor(sql, params, many, context)
  File "C:\Proyectos\Bitacora E.E\backend\venv\Lib\site-packages\django\db\backends\utils.py", line 100, in _execute
    with self.db.wrap_database_errors:
         ^^^^^^^^^^^^^^^^^^^^^^^^^^^^
  File "C:\Proyectos\Bitacora E.E\backend\venv\Lib\site-packages\django\db\utils.py", line 94, in __exit__
    raise dj_exc_value.with_traceback(traceback) from exc_value
  File "C:\Proyectos\Bitacora E.E\backend\venv\Lib\site-packages\django\db\backends\utils.py", line 105, in _execute
    return self.cursor.execute(sql, params)
           ~~~~~~~~~~~~~~~~~~~^^^^^^^^^^^^^
  File "C:\Proyectos\Bitacora E.E\backend\venv\Lib\site-packages\psycopg\cursor.py", line 117, in execute
    raise ex.with_traceback(None)
django.db.utils.ProgrammingError: column buses_datosbusae.odometro does not exist
LINE 1: ...e"."manos_libres", "buses_datosbusae"."telefono", "buses_dat...
                                                             ^
{"timestamp": "2026-09-19T17:11:51-0500", "level": "ERROR", "logger": "django.server", "line": 283, "message": ""GET /api/datos-busae/?page=1&page_size=50&search=&estado=&ordering=-manos_libres HTTP/1.1" 500 25418"}
{"timestamp": "2026-09-19T17:11:53-0500", "level": "ERROR", "logger": "django.request", "line": 283, "message": "Internal Server Error: /api/datos-busae/"}
Traceback (most recent call last):
  File "C:\Proyectos\Bitacora E.E\backend\venv\Lib\site-packages\django\db\backends\utils.py", line 105, in _execute
    return self.cursor.execute(sql, params)
           ~~~~~~~~~~~~~~~~~~~^^^^^^^^^^^^^
  File "C:\Proyectos\Bitacora E.E\backend\venv\Lib\site-packages\psycopg\cursor.py", line 117, in execute
    raise ex.with_traceback(None)
psycopg.errors.UndefinedColumn: column buses_datosbusae.odometro does not exist
LINE 1: ...e"."manos_libres", "buses_datosbusae"."telefono", "buses_dat...
                                                             ^

The above exception was the direct cause of the following exception:

Traceback (most recent call last):
  File "C:\Proyectos\Bitacora E.E\backend\venv\Lib\site-packages\django\core\handlers\exception.py", line 56, in inner
    response = get_response(request)
  File "C:\Proyectos\Bitacora E.E\backend\venv\Lib\site-packages\django\core\handlers\base.py", line 199, in _get_response
    response = wrapped_callback(request, *callback_args, **callback_kwargs)
  File "C:\Proyectos\Bitacora E.E\backend\venv\Lib\site-packages\django\views\decorators\csrf.py", line 64, in _view_wrapper
    return view_func(request, *args, **kwargs)
  File "C:\Proyectos\Bitacora E.E\backend\venv\Lib\site-packages\rest_framework\viewsets.py", line 124, in view
    return self.dispatch(request, *args, **kwargs)
           ~~~~~~~~~~~~~^^^^^^^^^^^^^^^^^^^^^^^^^^
  File "C:\Proyectos\Bitacora E.E\backend\venv\Lib\site-packages\rest_framework\views.py", line 526, in dispatch
    response = self.handle_exception(exc)
  File "C:\Proyectos\Bitacora E.E\backend\venv\Lib\site-packages\rest_framework\views.py", line 474, in handle_exception
    self.raise_uncaught_exception(exc)
    ~~~~~~~~~~~~~~~~~~~~~~~~~~~~~^^^^^
  File "C:\Proyectos\Bitacora E.E\backend\venv\Lib\site-packages\rest_framework\views.py", line 485, in raise_uncaught_exception
    raise exc
  File "C:\Proyectos\Bitacora E.E\backend\venv\Lib\site-packages\rest_framework\views.py", line 523, in dispatch
    response = handler(request, *args, **kwargs)
  File "C:\Proyectos\Bitacora E.E\backend\venv\Lib\site-packages\rest_framework\mixins.py", line 40, in list
    page = self.paginate_queryset(queryset)
  File "C:\Proyectos\Bitacora E.E\backend\venv\Lib\site-packages\rest_framework\generics.py", line 175, in paginate_queryset
    return self.paginator.paginate_queryset(queryset, self.request, view=self)
           ~~~~~~~~~~~~~~~~~~~~~~~~~~~~~~~~^^^^^^^^^^^^^^^^^^^^^^^^^^^^^^^^^^^
  File "C:\Proyectos\Bitacora E.E\backend\venv\Lib\site-packages\rest_framework\pagination.py", line 213, in paginate_queryset
    return list(self.page)
  File "C:\Proyectos\Bitacora E.E\backend\venv\Lib\site-packages\django\core\paginator.py", line 312, in __len__
    return len(self.object_list)
  File "C:\Proyectos\Bitacora E.E\backend\venv\Lib\site-packages\django\db\models\query.py", line 455, in __len__
    self._fetch_all()
    ~~~~~~~~~~~~~~~^^
  File "C:\Proyectos\Bitacora E.E\backend\venv\Lib\site-packages\django\db\models\query.py", line 2287, in _fetch_all
    self._result_cache = list(self._iterable_class(self))
                         ~~~~^^^^^^^^^^^^^^^^^^^^^^^^^^^^
  File "C:\Proyectos\Bitacora E.E\backend\venv\Lib\site-packages\django\db\models\query.py", line 131, in __iter__
    results = compiler.execute_sql(
        chunked_fetch=self.chunked_fetch, chunk_size=self.chunk_size
    )
  File "C:\Proyectos\Bitacora E.E\backend\venv\Lib\site-packages\django\db\models\sql\compiler.py", line 1643, in execute_sql
    cursor.execute(sql, params)
    ~~~~~~~~~~~~~~^^^^^^^^^^^^^
  File "C:\Proyectos\Bitacora E.E\backend\venv\Lib\site-packages\django\db\backends\utils.py", line 122, in execute
    return super().execute(sql, params)
           ~~~~~~~~~~~~~~~^^^^^^^^^^^^^
  File "C:\Proyectos\Bitacora E.E\backend\venv\Lib\site-packages\django\db\backends\utils.py", line 79, in execute
    return self._execute_with_wrappers(
           ~~~~~~~~~~~~~~~~~~~~~~~~~~~^
        sql, params, many=False, executor=self._execute
        ^^^^^^^^^^^^^^^^^^^^^^^^^^^^^^^^^^^^^^^^^^^^^^^
    )
    ^
  File "C:\Proyectos\Bitacora E.E\backend\venv\Lib\site-packages\django\db\backends\utils.py", line 92, in _execute_with_wrappers
    return executor(sql, params, many, context)
  File "C:\Proyectos\Bitacora E.E\backend\venv\Lib\site-packages\django\db\backends\utils.py", line 100, in _execute
    with self.db.wrap_database_errors:
         ^^^^^^^^^^^^^^^^^^^^^^^^^^^^
  File "C:\Proyectos\Bitacora E.E\backend\venv\Lib\site-packages\django\db\utils.py", line 94, in __exit__
    raise dj_exc_value.with_traceback(traceback) from exc_value
  File "C:\Proyectos\Bitacora E.E\backend\venv\Lib\site-packages\django\db\backends\utils.py", line 105, in _execute
    return self.cursor.execute(sql, params)
           ~~~~~~~~~~~~~~~~~~~^^^^^^^^^^^^^
  File "C:\Proyectos\Bitacora E.E\backend\venv\Lib\site-packages\psycopg\cursor.py", line 117, in execute
    raise ex.with_traceback(None)
django.db.utils.ProgrammingError: column buses_datosbusae.odometro does not exist
LINE 1: ...e"."manos_libres", "buses_datosbusae"."telefono", "buses_dat...
                                                             ^
{"timestamp": "2026-09-19T17:11:53-0500", "level": "ERROR", "logger": "django.server", "line": 283, "message": ""GET /api/datos-busae/?page=1&page_size=50&search=&estado=&ordering=-manos_libres HTTP/1.1" 500 25418"}
{"timestamp": "2026-09-19T17:11:55-0500", "level": "ERROR", "logger": "django.request", "line": 283, "message": "Internal Server Error: /api/datos-busae/"}
Traceback (most recent call last):
  File "C:\Proyectos\Bitacora E.E\backend\venv\Lib\site-packages\django\db\backends\utils.py", line 105, in _execute
    return self.cursor.execute(sql, params)
           ~~~~~~~~~~~~~~~~~~~^^^^^^^^^^^^^
  File "C:\Proyectos\Bitacora E.E\backend\venv\Lib\site-packages\psycopg\cursor.py", line 117, in execute
    raise ex.with_traceback(None)
psycopg.errors.UndefinedColumn: column buses_datosbusae.odometro does not exist
LINE 1: ...e"."manos_libres", "buses_datosbusae"."telefono", "buses_dat...
                                                             ^

The above exception was the direct cause of the following exception:

Traceback (most recent call last):
  File "C:\Proyectos\Bitacora E.E\backend\venv\Lib\site-packages\django\core\handlers\exception.py", line 56, in inner
    response = get_response(request)
  File "C:\Proyectos\Bitacora E.E\backend\venv\Lib\site-packages\django\core\handlers\base.py", line 199, in _get_response
    response = wrapped_callback(request, *callback_args, **callback_kwargs)
  File "C:\Proyectos\Bitacora E.E\backend\venv\Lib\site-packages\django\views\decorators\csrf.py", line 64, in _view_wrapper
    return view_func(request, *args, **kwargs)
  File "C:\Proyectos\Bitacora E.E\backend\venv\Lib\site-packages\rest_framework\viewsets.py", line 124, in view
    return self.dispatch(request, *args, **kwargs)
           ~~~~~~~~~~~~~^^^^^^^^^^^^^^^^^^^^^^^^^^
  File "C:\Proyectos\Bitacora E.E\backend\venv\Lib\site-packages\rest_framework\views.py", line 526, in dispatch
    response = self.handle_exception(exc)
  File "C:\Proyectos\Bitacora E.E\backend\venv\Lib\site-packages\rest_framework\views.py", line 474, in handle_exception
    self.raise_uncaught_exception(exc)
    ~~~~~~~~~~~~~~~~~~~~~~~~~~~~~^^^^^
  File "C:\Proyectos\Bitacora E.E\backend\venv\Lib\site-packages\rest_framework\views.py", line 485, in raise_uncaught_exception
    raise exc
  File "C:\Proyectos\Bitacora E.E\backend\venv\Lib\site-packages\rest_framework\views.py", line 523, in dispatch
    response = handler(request, *args, **kwargs)
  File "C:\Proyectos\Bitacora E.E\backend\venv\Lib\site-packages\rest_framework\mixins.py", line 40, in list
    page = self.paginate_queryset(queryset)
  File "C:\Proyectos\Bitacora E.E\backend\venv\Lib\site-packages\rest_framework\generics.py", line 175, in paginate_queryset
    return self.paginator.paginate_queryset(queryset, self.request, view=self)
           ~~~~~~~~~~~~~~~~~~~~~~~~~~~~~~~~^^^^^^^^^^^^^^^^^^^^^^^^^^^^^^^^^^^
  File "C:\Proyectos\Bitacora E.E\backend\venv\Lib\site-packages\rest_framework\pagination.py", line 213, in paginate_queryset
    return list(self.page)
  File "C:\Proyectos\Bitacora E.E\backend\venv\Lib\site-packages\django\core\paginator.py", line 312, in __len__
    return len(self.object_list)
  File "C:\Proyectos\Bitacora E.E\backend\venv\Lib\site-packages\django\db\models\query.py", line 455, in __len__
    self._fetch_all()
    ~~~~~~~~~~~~~~~^^
  File "C:\Proyectos\Bitacora E.E\backend\venv\Lib\site-packages\django\db\models\query.py", line 2287, in _fetch_all
    self._result_cache = list(self._iterable_class(self))
                         ~~~~^^^^^^^^^^^^^^^^^^^^^^^^^^^^
  File "C:\Proyectos\Bitacora E.E\backend\venv\Lib\site-packages\django\db\models\query.py", line 131, in __iter__
    results = compiler.execute_sql(
        chunked_fetch=self.chunked_fetch, chunk_size=self.chunk_size
    )
  File "C:\Proyectos\Bitacora E.E\backend\venv\Lib\site-packages\django\db\models\sql\compiler.py", line 1643, in execute_sql
    cursor.execute(sql, params)
    ~~~~~~~~~~~~~~^^^^^^^^^^^^^
  File "C:\Proyectos\Bitacora E.E\backend\venv\Lib\site-packages\django\db\backends\utils.py", line 122, in execute
    return super().execute(sql, params)
           ~~~~~~~~~~~~~~~^^^^^^^^^^^^^
  File "C:\Proyectos\Bitacora E.E\backend\venv\Lib\site-packages\django\db\backends\utils.py", line 79, in execute
    return self._execute_with_wrappers(
           ~~~~~~~~~~~~~~~~~~~~~~~~~~~^
        sql, params, many=False, executor=self._execute
        ^^^^^^^^^^^^^^^^^^^^^^^^^^^^^^^^^^^^^^^^^^^^^^^
    )
    ^
  File "C:\Proyectos\Bitacora E.E\backend\venv\Lib\site-packages\django\db\backends\utils.py", line 92, in _execute_with_wrappers
    return executor(sql, params, many, context)
  File "C:\Proyectos\Bitacora E.E\backend\venv\Lib\site-packages\django\db\backends\utils.py", line 100, in _execute
    with self.db.wrap_database_errors:
         ^^^^^^^^^^^^^^^^^^^^^^^^^^^^
  File "C:\Proyectos\Bitacora E.E\backend\venv\Lib\site-packages\django\db\utils.py", line 94, in __exit__
    raise dj_exc_value.with_traceback(traceback) from exc_value
  File "C:\Proyectos\Bitacora E.E\backend\venv\Lib\site-packages\django\db\backends\utils.py", line 105, in _execute
    return self.cursor.execute(sql, params)
           ~~~~~~~~~~~~~~~~~~~^^^^^^^^^^^^^
  File "C:\Proyectos\Bitacora E.E\backend\venv\Lib\site-packages\psycopg\cursor.py", line 117, in execute
    raise ex.with_traceback(None)
django.db.utils.ProgrammingError: column buses_datosbusae.odometro does not exist
LINE 1: ...e"."manos_libres", "buses_datosbusae"."telefono", "buses_dat...
                                                             ^
{"timestamp": "2026-09-19T17:11:55-0500", "level": "ERROR", "logger": "django.server", "line": 283, "message": ""GET /api/datos-busae/?page=1&page_size=50&search=&estado=&ordering=-manos_libres HTTP/1.1" 500 25418"}
{"timestamp": "2026-09-19T17:11:56-0500", "level": "ERROR", "logger": "django.request", "line": 283, "message": "Internal Server Error: /api/datos-busae/"}
Traceback (most recent call last):
  File "C:\Proyectos\Bitacora E.E\backend\venv\Lib\site-packages\django\db\backends\utils.py", line 105, in _execute
    return self.cursor.execute(sql, params)
           ~~~~~~~~~~~~~~~~~~~^^^^^^^^^^^^^
  File "C:\Proyectos\Bitacora E.E\backend\venv\Lib\site-packages\psycopg\cursor.py", line 117, in execute
    raise ex.with_traceback(None)
psycopg.errors.UndefinedColumn: column buses_datosbusae.odometro does not exist
LINE 1: ...e"."manos_libres", "buses_datosbusae"."telefono", "buses_dat...
                                                             ^

The above exception was the direct cause of the following exception:

Traceback (most recent call last):
  File "C:\Proyectos\Bitacora E.E\backend\venv\Lib\site-packages\django\core\handlers\exception.py", line 56, in inner
    response = get_response(request)
  File "C:\Proyectos\Bitacora E.E\backend\venv\Lib\site-packages\django\core\handlers\base.py", line 199, in _get_response
    response = wrapped_callback(request, *callback_args, **callback_kwargs)
  File "C:\Proyectos\Bitacora E.E\backend\venv\Lib\site-packages\django\views\decorators\csrf.py", line 64, in _view_wrapper
    return view_func(request, *args, **kwargs)
  File "C:\Proyectos\Bitacora E.E\backend\venv\Lib\site-packages\rest_framework\viewsets.py", line 124, in view
    return self.dispatch(request, *args, **kwargs)
           ~~~~~~~~~~~~~^^^^^^^^^^^^^^^^^^^^^^^^^^
  File "C:\Proyectos\Bitacora E.E\backend\venv\Lib\site-packages\rest_framework\views.py", line 526, in dispatch
    response = self.handle_exception(exc)
  File "C:\Proyectos\Bitacora E.E\backend\venv\Lib\site-packages\rest_framework\views.py", line 474, in handle_exception
    self.raise_uncaught_exception(exc)
    ~~~~~~~~~~~~~~~~~~~~~~~~~~~~~^^^^^
  File "C:\Proyectos\Bitacora E.E\backend\venv\Lib\site-packages\rest_framework\views.py", line 485, in raise_uncaught_exception
    raise exc
  File "C:\Proyectos\Bitacora E.E\backend\venv\Lib\site-packages\rest_framework\views.py", line 523, in dispatch
    response = handler(request, *args, **kwargs)
  File "C:\Proyectos\Bitacora E.E\backend\venv\Lib\site-packages\rest_framework\mixins.py", line 40, in list
    page = self.paginate_queryset(queryset)
  File "C:\Proyectos\Bitacora E.E\backend\venv\Lib\site-packages\rest_framework\generics.py", line 175, in paginate_queryset
    return self.paginator.paginate_queryset(queryset, self.request, view=self)
           ~~~~~~~~~~~~~~~~~~~~~~~~~~~~~~~~^^^^^^^^^^^^^^^^^^^^^^^^^^^^^^^^^^^
  File "C:\Proyectos\Bitacora E.E\backend\venv\Lib\site-packages\rest_framework\pagination.py", line 213, in paginate_queryset
    return list(self.page)
  File "C:\Proyectos\Bitacora E.E\backend\venv\Lib\site-packages\django\core\paginator.py", line 312, in __len__
    return len(self.object_list)
  File "C:\Proyectos\Bitacora E.E\backend\venv\Lib\site-packages\django\db\models\query.py", line 455, in __len__
    self._fetch_all()
    ~~~~~~~~~~~~~~~^^
  File "C:\Proyectos\Bitacora E.E\backend\venv\Lib\site-packages\django\db\models\query.py", line 2287, in _fetch_all
    self._result_cache = list(self._iterable_class(self))
                         ~~~~^^^^^^^^^^^^^^^^^^^^^^^^^^^^
  File "C:\Proyectos\Bitacora E.E\backend\venv\Lib\site-packages\django\db\models\query.py", line 131, in __iter__
    results = compiler.execute_sql(
        chunked_fetch=self.chunked_fetch, chunk_size=self.chunk_size
    )
  File "C:\Proyectos\Bitacora E.E\backend\venv\Lib\site-packages\django\db\models\sql\compiler.py", line 1643, in execute_sql
    cursor.execute(sql, params)
    ~~~~~~~~~~~~~~^^^^^^^^^^^^^
  File "C:\Proyectos\Bitacora E.E\backend\venv\Lib\site-packages\django\db\backends\utils.py", line 122, in execute
    return super().execute(sql, params)
           ~~~~~~~~~~~~~~~^^^^^^^^^^^^^
  File "C:\Proyectos\Bitacora E.E\backend\venv\Lib\site-packages\django\db\backends\utils.py", line 79, in execute
    return self._execute_with_wrappers(
           ~~~~~~~~~~~~~~~~~~~~~~~~~~~^
        sql, params, many=False, executor=self._execute
        ^^^^^^^^^^^^^^^^^^^^^^^^^^^^^^^^^^^^^^^^^^^^^^^
    )
    ^
  File "C:\Proyectos\Bitacora E.E\backend\venv\Lib\site-packages\django\db\backends\utils.py", line 92, in _execute_with_wrappers
    return executor(sql, params, many, context)
  File "C:\Proyectos\Bitacora E.E\backend\venv\Lib\site-packages\django\db\backends\utils.py", line 100, in _execute
    with self.db.wrap_database_errors:
         ^^^^^^^^^^^^^^^^^^^^^^^^^^^^
  File "C:\Proyectos\Bitacora E.E\backend\venv\Lib\site-packages\django\db\utils.py", line 94, in __exit__
    raise dj_exc_value.with_traceback(traceback) from exc_value
  File "C:\Proyectos\Bitacora E.E\backend\venv\Lib\site-packages\django\db\backends\utils.py", line 105, in _execute
    return self.cursor.execute(sql, params)
           ~~~~~~~~~~~~~~~~~~~^^^^^^^^^^^^^
  File "C:\Proyectos\Bitacora E.E\backend\venv\Lib\site-packages\psycopg\cursor.py", line 117, in execute
    raise ex.with_traceback(None)
django.db.utils.ProgrammingError: column buses_datosbusae.odometro does not exist
LINE 1: ...e"."manos_libres", "buses_datosbusae"."telefono", "buses_dat...
                                                             ^
{"timestamp": "2026-09-19T17:11:56-0500", "level": "ERROR", "logger": "django.server", "line": 283, "message": ""GET /api/datos-busae/?page=1&page_size=50&search=&estado=&ordering=-manos_libres HTTP/1.1" 500 25418"}
{"timestamp": "2026-09-19T17:12:01-0500", "level": "ERROR", "logger": "django.request", "line": 283, "message": "Internal Server Error: /api/datos-busae/"}
Traceback (most recent call last):
  File "C:\Proyectos\Bitacora E.E\backend\venv\Lib\site-packages\django\db\backends\utils.py", line 105, in _execute
    return self.cursor.execute(sql, params)
           ~~~~~~~~~~~~~~~~~~~^^^^^^^^^^^^^
  File "C:\Proyectos\Bitacora E.E\backend\venv\Lib\site-packages\psycopg\cursor.py", line 117, in execute
    raise ex.with_traceback(None)
psycopg.errors.UndefinedColumn: column buses_datosbusae.odometro does not exist
LINE 1: ...e"."manos_libres", "buses_datosbusae"."telefono", "buses_dat...
                                                             ^

The above exception was the direct cause of the following exception:

Traceback (most recent call last):
  File "C:\Proyectos\Bitacora E.E\backend\venv\Lib\site-packages\django\core\handlers\exception.py", line 56, in inner
    response = get_response(request)
  File "C:\Proyectos\Bitacora E.E\backend\venv\Lib\site-packages\django\core\handlers\base.py", line 199, in _get_response
    response = wrapped_callback(request, *callback_args, **callback_kwargs)
  File "C:\Proyectos\Bitacora E.E\backend\venv\Lib\site-packages\django\views\decorators\csrf.py", line 64, in _view_wrapper
    return view_func(request, *args, **kwargs)
  File "C:\Proyectos\Bitacora E.E\backend\venv\Lib\site-packages\rest_framework\viewsets.py", line 124, in view
    return self.dispatch(request, *args, **kwargs)
           ~~~~~~~~~~~~~^^^^^^^^^^^^^^^^^^^^^^^^^^
  File "C:\Proyectos\Bitacora E.E\backend\venv\Lib\site-packages\rest_framework\views.py", line 526, in dispatch
    response = self.handle_exception(exc)
  File "C:\Proyectos\Bitacora E.E\backend\venv\Lib\site-packages\rest_framework\views.py", line 474, in handle_exception
    self.raise_uncaught_exception(exc)
    ~~~~~~~~~~~~~~~~~~~~~~~~~~~~~^^^^^
  File "C:\Proyectos\Bitacora E.E\backend\venv\Lib\site-packages\rest_framework\views.py", line 485, in raise_uncaught_exception
    raise exc
  File "C:\Proyectos\Bitacora E.E\backend\venv\Lib\site-packages\rest_framework\views.py", line 523, in dispatch
    response = handler(request, *args, **kwargs)
  File "C:\Proyectos\Bitacora E.E\backend\venv\Lib\site-packages\rest_framework\mixins.py", line 40, in list
    page = self.paginate_queryset(queryset)
  File "C:\Proyectos\Bitacora E.E\backend\venv\Lib\site-packages\rest_framework\generics.py", line 175, in paginate_queryset
    return self.paginator.paginate_queryset(queryset, self.request, view=self)
           ~~~~~~~~~~~~~~~~~~~~~~~~~~~~~~~~^^^^^^^^^^^^^^^^^^^^^^^^^^^^^^^^^^^
  File "C:\Proyectos\Bitacora E.E\backend\venv\Lib\site-packages\rest_framework\pagination.py", line 213, in paginate_queryset
    return list(self.page)
  File "C:\Proyectos\Bitacora E.E\backend\venv\Lib\site-packages\django\core\paginator.py", line 312, in __len__
    return len(self.object_list)
  File "C:\Proyectos\Bitacora E.E\backend\venv\Lib\site-packages\django\db\models\query.py", line 455, in __len__
    self._fetch_all()
    ~~~~~~~~~~~~~~~^^
  File "C:\Proyectos\Bitacora E.E\backend\venv\Lib\site-packages\django\db\models\query.py", line 2287, in _fetch_all
    self._result_cache = list(self._iterable_class(self))
                         ~~~~^^^^^^^^^^^^^^^^^^^^^^^^^^^^
  File "C:\Proyectos\Bitacora E.E\backend\venv\Lib\site-packages\django\db\models\query.py", line 131, in __iter__
    results = compiler.execute_sql(
        chunked_fetch=self.chunked_fetch, chunk_size=self.chunk_size
    )
  File "C:\Proyectos\Bitacora E.E\backend\venv\Lib\site-packages\django\db\models\sql\compiler.py", line 1643, in execute_sql
    cursor.execute(sql, params)
    ~~~~~~~~~~~~~~^^^^^^^^^^^^^
  File "C:\Proyectos\Bitacora E.E\backend\venv\Lib\site-packages\django\db\backends\utils.py", line 122, in execute
    return super().execute(sql, params)
           ~~~~~~~~~~~~~~~^^^^^^^^^^^^^
  File "C:\Proyectos\Bitacora E.E\backend\venv\Lib\site-packages\django\db\backends\utils.py", line 79, in execute
    return self._execute_with_wrappers(
           ~~~~~~~~~~~~~~~~~~~~~~~~~~~^
        sql, params, many=False, executor=self._execute
        ^^^^^^^^^^^^^^^^^^^^^^^^^^^^^^^^^^^^^^^^^^^^^^^
    )
    ^
  File "C:\Proyectos\Bitacora E.E\backend\venv\Lib\site-packages\django\db\backends\utils.py", line 92, in _execute_with_wrappers
    return executor(sql, params, many, context)
  File "C:\Proyectos\Bitacora E.E\backend\venv\Lib\site-packages\django\db\backends\utils.py", line 100, in _execute
    with self.db.wrap_database_errors:
         ^^^^^^^^^^^^^^^^^^^^^^^^^^^^
  File "C:\Proyectos\Bitacora E.E\backend\venv\Lib\site-packages\django\db\utils.py", line 94, in __exit__
    raise dj_exc_value.with_traceback(traceback) from exc_value
  File "C:\Proyectos\Bitacora E.E\backend\venv\Lib\site-packages\django\db\backends\utils.py", line 105, in _execute
    return self.cursor.execute(sql, params)
           ~~~~~~~~~~~~~~~~~~~^^^^^^^^^^^^^
  File "C:\Proyectos\Bitacora E.E\backend\venv\Lib\site-packages\psycopg\cursor.py", line 117, in execute
    raise ex.with_traceback(None)
django.db.utils.ProgrammingError: column buses_datosbusae.odometro does not exist
LINE 1: ...e"."manos_libres", "buses_datosbusae"."telefono", "buses_dat...
                                                             ^
{"timestamp": "2026-09-19T17:12:01-0500", "level": "ERROR", "logger": "django.server", "line": 283, "message": ""GET /api/datos-busae/?page=1&page_size=50&search=&estado=ON&ordering=-manos_libres HTTP/1.1" 500 25424"}
{"timestamp": "2026-09-19T17:12:02-0500", "level": "ERROR", "logger": "django.request", "line": 283, "message": "Internal Server Error: /api/datos-busae/"}
Traceback (most recent call last):
  File "C:\Proyectos\Bitacora E.E\backend\venv\Lib\site-packages\django\db\backends\utils.py", line 105, in _execute
    return self.cursor.execute(sql, params)
           ~~~~~~~~~~~~~~~~~~~^^^^^^^^^^^^^
  File "C:\Proyectos\Bitacora E.E\backend\venv\Lib\site-packages\psycopg\cursor.py", line 117, in execute
    raise ex.with_traceback(None)
psycopg.errors.UndefinedColumn: column buses_datosbusae.odometro does not exist
LINE 1: ...e"."manos_libres", "buses_datosbusae"."telefono", "buses_dat...
                                                             ^

The above exception was the direct cause of the following exception:

Traceback (most recent call last):
  File "C:\Proyectos\Bitacora E.E\backend\venv\Lib\site-packages\django\core\handlers\exception.py", line 56, in inner
    response = get_response(request)
  File "C:\Proyectos\Bitacora E.E\backend\venv\Lib\site-packages\django\core\handlers\base.py", line 199, in _get_response
    response = wrapped_callback(request, *callback_args, **callback_kwargs)
  File "C:\Proyectos\Bitacora E.E\backend\venv\Lib\site-packages\django\views\decorators\csrf.py", line 64, in _view_wrapper
    return view_func(request, *args, **kwargs)
  File "C:\Proyectos\Bitacora E.E\backend\venv\Lib\site-packages\rest_framework\viewsets.py", line 124, in view
    return self.dispatch(request, *args, **kwargs)
           ~~~~~~~~~~~~~^^^^^^^^^^^^^^^^^^^^^^^^^^
  File "C:\Proyectos\Bitacora E.E\backend\venv\Lib\site-packages\rest_framework\views.py", line 526, in dispatch
    response = self.handle_exception(exc)
  File "C:\Proyectos\Bitacora E.E\backend\venv\Lib\site-packages\rest_framework\views.py", line 474, in handle_exception
    self.raise_uncaught_exception(exc)
    ~~~~~~~~~~~~~~~~~~~~~~~~~~~~~^^^^^
  File "C:\Proyectos\Bitacora E.E\backend\venv\Lib\site-packages\rest_framework\views.py", line 485, in raise_uncaught_exception
    raise exc
  File "C:\Proyectos\Bitacora E.E\backend\venv\Lib\site-packages\rest_framework\views.py", line 523, in dispatch
    response = handler(request, *args, **kwargs)
  File "C:\Proyectos\Bitacora E.E\backend\venv\Lib\site-packages\rest_framework\mixins.py", line 40, in list
    page = self.paginate_queryset(queryset)
  File "C:\Proyectos\Bitacora E.E\backend\venv\Lib\site-packages\rest_framework\generics.py", line 175, in paginate_queryset
    return self.paginator.paginate_queryset(queryset, self.request, view=self)
           ~~~~~~~~~~~~~~~~~~~~~~~~~~~~~~~~^^^^^^^^^^^^^^^^^^^^^^^^^^^^^^^^^^^
  File "C:\Proyectos\Bitacora E.E\backend\venv\Lib\site-packages\rest_framework\pagination.py", line 213, in paginate_queryset
    return list(self.page)
  File "C:\Proyectos\Bitacora E.E\backend\venv\Lib\site-packages\django\core\paginator.py", line 312, in __len__
    return len(self.object_list)
  File "C:\Proyectos\Bitacora E.E\backend\venv\Lib\site-packages\django\db\models\query.py", line 455, in __len__
    self._fetch_all()
    ~~~~~~~~~~~~~~~^^
  File "C:\Proyectos\Bitacora E.E\backend\venv\Lib\site-packages\django\db\models\query.py", line 2287, in _fetch_all
    self._result_cache = list(self._iterable_class(self))
                         ~~~~^^^^^^^^^^^^^^^^^^^^^^^^^^^^
  File "C:\Proyectos\Bitacora E.E\backend\venv\Lib\site-packages\django\db\models\query.py", line 131, in __iter__
    results = compiler.execute_sql(
        chunked_fetch=self.chunked_fetch, chunk_size=self.chunk_size
    )
  File "C:\Proyectos\Bitacora E.E\backend\venv\Lib\site-packages\django\db\models\sql\compiler.py", line 1643, in execute_sql
    cursor.execute(sql, params)
    ~~~~~~~~~~~~~~^^^^^^^^^^^^^
  File "C:\Proyectos\Bitacora E.E\backend\venv\Lib\site-packages\django\db\backends\utils.py", line 122, in execute
    return super().execute(sql, params)
           ~~~~~~~~~~~~~~~^^^^^^^^^^^^^
  File "C:\Proyectos\Bitacora E.E\backend\venv\Lib\site-packages\django\db\backends\utils.py", line 79, in execute
    return self._execute_with_wrappers(
           ~~~~~~~~~~~~~~~~~~~~~~~~~~~^
        sql, params, many=False, executor=self._execute
        ^^^^^^^^^^^^^^^^^^^^^^^^^^^^^^^^^^^^^^^^^^^^^^^
    )
    ^
  File "C:\Proyectos\Bitacora E.E\backend\venv\Lib\site-packages\django\db\backends\utils.py", line 92, in _execute_with_wrappers
    return executor(sql, params, many, context)
  File "C:\Proyectos\Bitacora E.E\backend\venv\Lib\site-packages\django\db\backends\utils.py", line 100, in _execute
    with self.db.wrap_database_errors:
         ^^^^^^^^^^^^^^^^^^^^^^^^^^^^
  File "C:\Proyectos\Bitacora E.E\backend\venv\Lib\site-packages\django\db\utils.py", line 94, in __exit__
    raise dj_exc_value.with_traceback(traceback) from exc_value
  File "C:\Proyectos\Bitacora E.E\backend\venv\Lib\site-packages\django\db\backends\utils.py", line 105, in _execute
    return self.cursor.execute(sql, params)
           ~~~~~~~~~~~~~~~~~~~^^^^^^^^^^^^^
  File "C:\Proyectos\Bitacora E.E\backend\venv\Lib\site-packages\psycopg\cursor.py", line 117, in execute
    raise ex.with_traceback(None)
django.db.utils.ProgrammingError: column buses_datosbusae.odometro does not exist
LINE 1: ...e"."manos_libres", "buses_datosbusae"."telefono", "buses_dat...
                                                             ^
{"timestamp": "2026-09-19T17:12:02-0500", "level": "ERROR", "logger": "django.server", "line": 283, "message": ""GET /api/datos-busae/?page=1&page_size=50&search=&estado=ON&ordering=-manos_libres HTTP/1.1" 500 25424"}
{"timestamp": "2026-09-19T17:12:03-0500", "level": "ERROR", "logger": "poller.busae", "line": 139, "message": "Error crítico en ciclo BUSAE: column buses_datosbusae.odometro does not exist
LINE 1: ...e"."manos_libres", "buses_datosbusae"."telefono", "buses_dat...
                                                             ^"}
{"timestamp": "2026-09-19T17:12:04-0500", "level": "ERROR", "logger": "django.request", "line": 283, "message": "Internal Server Error: /api/datos-busae/"}
Traceback (most recent call last):
  File "C:\Proyectos\Bitacora E.E\backend\venv\Lib\site-packages\django\db\backends\utils.py", line 105, in _execute
    return self.cursor.execute(sql, params)
           ~~~~~~~~~~~~~~~~~~~^^^^^^^^^^^^^
  File "C:\Proyectos\Bitacora E.E\backend\venv\Lib\site-packages\psycopg\cursor.py", line 117, in execute
    raise ex.with_traceback(None)
psycopg.errors.UndefinedColumn: column buses_datosbusae.odometro does not exist
LINE 1: ...e"."manos_libres", "buses_datosbusae"."telefono", "buses_dat...
                                                             ^

The above exception was the direct cause of the following exception:

Traceback (most recent call last):
  File "C:\Proyectos\Bitacora E.E\backend\venv\Lib\site-packages\django\core\handlers\exception.py", line 56, in inner
    response = get_response(request)
  File "C:\Proyectos\Bitacora E.E\backend\venv\Lib\site-packages\django\core\handlers\base.py", line 199, in _get_response
    response = wrapped_callback(request, *callback_args, **callback_kwargs)
  File "C:\Proyectos\Bitacora E.E\backend\venv\Lib\site-packages\django\views\decorators\csrf.py", line 64, in _view_wrapper
    return view_func(request, *args, **kwargs)
  File "C:\Proyectos\Bitacora E.E\backend\venv\Lib\site-packages\rest_framework\viewsets.py", line 124, in view
    return self.dispatch(request, *args, **kwargs)
           ~~~~~~~~~~~~~^^^^^^^^^^^^^^^^^^^^^^^^^^
  File "C:\Proyectos\Bitacora E.E\backend\venv\Lib\site-packages\rest_framework\views.py", line 526, in dispatch
    response = self.handle_exception(exc)
  File "C:\Proyectos\Bitacora E.E\backend\venv\Lib\site-packages\rest_framework\views.py", line 474, in handle_exception
    self.raise_uncaught_exception(exc)
    ~~~~~~~~~~~~~~~~~~~~~~~~~~~~~^^^^^
  File "C:\Proyectos\Bitacora E.E\backend\venv\Lib\site-packages\rest_framework\views.py", line 485, in raise_uncaught_exception
    raise exc
  File "C:\Proyectos\Bitacora E.E\backend\venv\Lib\site-packages\rest_framework\views.py", line 523, in dispatch
    response = handler(request, *args, **kwargs)
  File "C:\Proyectos\Bitacora E.E\backend\venv\Lib\site-packages\rest_framework\mixins.py", line 40, in list
    page = self.paginate_queryset(queryset)
  File "C:\Proyectos\Bitacora E.E\backend\venv\Lib\site-packages\rest_framework\generics.py", line 175, in paginate_queryset
    return self.paginator.paginate_queryset(queryset, self.request, view=self)
           ~~~~~~~~~~~~~~~~~~~~~~~~~~~~~~~~^^^^^^^^^^^^^^^^^^^^^^^^^^^^^^^^^^^
  File "C:\Proyectos\Bitacora E.E\backend\venv\Lib\site-packages\rest_framework\pagination.py", line 213, in paginate_queryset
    return list(self.page)
  File "C:\Proyectos\Bitacora E.E\backend\venv\Lib\site-packages\django\core\paginator.py", line 312, in __len__
    return len(self.object_list)
  File "C:\Proyectos\Bitacora E.E\backend\venv\Lib\site-packages\django\db\models\query.py", line 455, in __len__
    self._fetch_all()
    ~~~~~~~~~~~~~~~^^
  File "C:\Proyectos\Bitacora E.E\backend\venv\Lib\site-packages\django\db\models\query.py", line 2287, in _fetch_all
    self._result_cache = list(self._iterable_class(self))
                         ~~~~^^^^^^^^^^^^^^^^^^^^^^^^^^^^
  File "C:\Proyectos\Bitacora E.E\backend\venv\Lib\site-packages\django\db\models\query.py", line 131, in __iter__
    results = compiler.execute_sql(
        chunked_fetch=self.chunked_fetch, chunk_size=self.chunk_size
    )
  File "C:\Proyectos\Bitacora E.E\backend\venv\Lib\site-packages\django\db\models\sql\compiler.py", line 1643, in execute_sql
    cursor.execute(sql, params)
    ~~~~~~~~~~~~~~^^^^^^^^^^^^^
  File "C:\Proyectos\Bitacora E.E\backend\venv\Lib\site-packages\django\db\backends\utils.py", line 122, in execute
    return super().execute(sql, params)
           ~~~~~~~~~~~~~~~^^^^^^^^^^^^^
  File "C:\Proyectos\Bitacora E.E\backend\venv\Lib\site-packages\django\db\backends\utils.py", line 79, in execute
    return self._execute_with_wrappers(
           ~~~~~~~~~~~~~~~~~~~~~~~~~~~^
        sql, params, many=False, executor=self._execute
        ^^^^^^^^^^^^^^^^^^^^^^^^^^^^^^^^^^^^^^^^^^^^^^^
    )
    ^
  File "C:\Proyectos\Bitacora E.E\backend\venv\Lib\site-packages\django\db\backends\utils.py", line 92, in _execute_with_wrappers
    return executor(sql, params, many, context)
  File "C:\Proyectos\Bitacora E.E\backend\venv\Lib\site-packages\django\db\backends\utils.py", line 100, in _execute
    with self.db.wrap_database_errors:
         ^^^^^^^^^^^^^^^^^^^^^^^^^^^^
  File "C:\Proyectos\Bitacora E.E\backend\venv\Lib\site-packages\django\db\utils.py", line 94, in __exit__
    raise dj_exc_value.with_traceback(traceback) from exc_value
  File "C:\Proyectos\Bitacora E.E\backend\venv\Lib\site-packages\django\db\backends\utils.py", line 105, in _execute
    return self.cursor.execute(sql, params)
           ~~~~~~~~~~~~~~~~~~~^^^^^^^^^^^^^
  File "C:\Proyectos\Bitacora E.E\backend\venv\Lib\site-packages\psycopg\cursor.py", line 117, in execute
    raise ex.with_traceback(None)
django.db.utils.ProgrammingError: column buses_datosbusae.odometro does not exist
LINE 1: ...e"."manos_libres", "buses_datosbusae"."telefono", "buses_dat...
                                                             ^
{"timestamp": "2026-09-19T17:12:04-0500", "level": "ERROR", "logger": "django.server", "line": 283, "message": ""GET /api/datos-busae/?page=1&page_size=50&search=&estado=&ordering=bus_movil HTTP/1.1" 500 25406"}
{"timestamp": "2026-09-19T17:12:06-0500", "level": "ERROR", "logger": "django.request", "line": 283, "message": "Internal Server Error: /api/datos-busae/"}
Traceback (most recent call last):
  File "C:\Proyectos\Bitacora E.E\backend\venv\Lib\site-packages\django\db\backends\utils.py", line 105, in _execute
    return self.cursor.execute(sql, params)
           ~~~~~~~~~~~~~~~~~~~^^^^^^^^^^^^^
  File "C:\Proyectos\Bitacora E.E\backend\venv\Lib\site-packages\psycopg\cursor.py", line 117, in execute
    raise ex.with_traceback(None)
psycopg.errors.UndefinedColumn: column buses_datosbusae.odometro does not exist
LINE 1: ...e"."manos_libres", "buses_datosbusae"."telefono", "buses_dat...
                                                             ^

The above exception was the direct cause of the following exception:

Traceback (most recent call last):
  File "C:\Proyectos\Bitacora E.E\backend\venv\Lib\site-packages\django\core\handlers\exception.py", line 56, in inner
    response = get_response(request)
  File "C:\Proyectos\Bitacora E.E\backend\venv\Lib\site-packages\django\core\handlers\base.py", line 199, in _get_response
    response = wrapped_callback(request, *callback_args, **callback_kwargs)
  File "C:\Proyectos\Bitacora E.E\backend\venv\Lib\site-packages\django\views\decorators\csrf.py", line 64, in _view_wrapper
    return view_func(request, *args, **kwargs)
  File "C:\Proyectos\Bitacora E.E\backend\venv\Lib\site-packages\rest_framework\viewsets.py", line 124, in view
    return self.dispatch(request, *args, **kwargs)
           ~~~~~~~~~~~~~^^^^^^^^^^^^^^^^^^^^^^^^^^
  File "C:\Proyectos\Bitacora E.E\backend\venv\Lib\site-packages\rest_framework\views.py", line 526, in dispatch
    response = self.handle_exception(exc)
  File "C:\Proyectos\Bitacora E.E\backend\venv\Lib\site-packages\rest_framework\views.py", line 474, in handle_exception
    self.raise_uncaught_exception(exc)
    ~~~~~~~~~~~~~~~~~~~~~~~~~~~~~^^^^^
  File "C:\Proyectos\Bitacora E.E\backend\venv\Lib\site-packages\rest_framework\views.py", line 485, in raise_uncaught_exception
    raise exc
  File "C:\Proyectos\Bitacora E.E\backend\venv\Lib\site-packages\rest_framework\views.py", line 523, in dispatch
    response = handler(request, *args, **kwargs)
  File "C:\Proyectos\Bitacora E.E\backend\venv\Lib\site-packages\rest_framework\mixins.py", line 40, in list
    page = self.paginate_queryset(queryset)
  File "C:\Proyectos\Bitacora E.E\backend\venv\Lib\site-packages\rest_framework\generics.py", line 175, in paginate_queryset
    return self.paginator.paginate_queryset(queryset, self.request, view=self)
           ~~~~~~~~~~~~~~~~~~~~~~~~~~~~~~~~^^^^^^^^^^^^^^^^^^^^^^^^^^^^^^^^^^^
  File "C:\Proyectos\Bitacora E.E\backend\venv\Lib\site-packages\rest_framework\pagination.py", line 213, in paginate_queryset
    return list(self.page)
  File "C:\Proyectos\Bitacora E.E\backend\venv\Lib\site-packages\django\core\paginator.py", line 312, in __len__
    return len(self.object_list)
  File "C:\Proyectos\Bitacora E.E\backend\venv\Lib\site-packages\django\db\models\query.py", line 455, in __len__
    self._fetch_all()
    ~~~~~~~~~~~~~~~^^
  File "C:\Proyectos\Bitacora E.E\backend\venv\Lib\site-packages\django\db\models\query.py", line 2287, in _fetch_all
    self._result_cache = list(self._iterable_class(self))
                         ~~~~^^^^^^^^^^^^^^^^^^^^^^^^^^^^
  File "C:\Proyectos\Bitacora E.E\backend\venv\Lib\site-packages\django\db\models\query.py", line 131, in __iter__
    results = compiler.execute_sql(
        chunked_fetch=self.chunked_fetch, chunk_size=self.chunk_size
    )
  File "C:\Proyectos\Bitacora E.E\backend\venv\Lib\site-packages\django\db\models\sql\compiler.py", line 1643, in execute_sql
    cursor.execute(sql, params)
    ~~~~~~~~~~~~~~^^^^^^^^^^^^^
  File "C:\Proyectos\Bitacora E.E\backend\venv\Lib\site-packages\django\db\backends\utils.py", line 122, in execute
    return super().execute(sql, params)
           ~~~~~~~~~~~~~~~^^^^^^^^^^^^^
  File "C:\Proyectos\Bitacora E.E\backend\venv\Lib\site-packages\django\db\backends\utils.py", line 79, in execute
    return self._execute_with_wrappers(
           ~~~~~~~~~~~~~~~~~~~~~~~~~~~^
        sql, params, many=False, executor=self._execute
        ^^^^^^^^^^^^^^^^^^^^^^^^^^^^^^^^^^^^^^^^^^^^^^^
    )
    ^
  File "C:\Proyectos\Bitacora E.E\backend\venv\Lib\site-packages\django\db\backends\utils.py", line 92, in _execute_with_wrappers
    return executor(sql, params, many, context)
  File "C:\Proyectos\Bitacora E.E\backend\venv\Lib\site-packages\django\db\backends\utils.py", line 100, in _execute
    with self.db.wrap_database_errors:
         ^^^^^^^^^^^^^^^^^^^^^^^^^^^^
  File "C:\Proyectos\Bitacora E.E\backend\venv\Lib\site-packages\django\db\utils.py", line 94, in __exit__
    raise dj_exc_value.with_traceback(traceback) from exc_value
  File "C:\Proyectos\Bitacora E.E\backend\venv\Lib\site-packages\django\db\backends\utils.py", line 105, in _execute
    return self.cursor.execute(sql, params)
           ~~~~~~~~~~~~~~~~~~~^^^^^^^^^^^^^
  File "C:\Proyectos\Bitacora E.E\backend\venv\Lib\site-packages\psycopg\cursor.py", line 117, in execute
    raise ex.with_traceback(None)
django.db.utils.ProgrammingError: column buses_datosbusae.odometro does not exist
LINE 1: ...e"."manos_libres", "buses_datosbusae"."telefono", "buses_dat...
                                                             ^
{"timestamp": "2026-09-19T17:12:06-0500", "level": "ERROR", "logger": "django.server", "line": 283, "message": ""GET /api/datos-busae/?page=1&page_size=50&search=&estado=&ordering=bus_movil HTTP/1.1" 500 25406"}
{"timestamp": "2026-09-19T17:12:07-0500", "level": "ERROR", "logger": "poller.busae", "line": 154, "message": "Login BUSAE HTTP fallido — sigue en página de login"}
{"timestamp": "2026-09-19T17:12:12-0500", "level": "ERROR", "logger": "django.request", "line": 283, "message": "Internal Server Error: /api/datos-busae/"}
Traceback (most recent call last):
  File "C:\Proyectos\Bitacora E.E\backend\venv\Lib\site-packages\django\db\backends\utils.py", line 105, in _execute
    return self.cursor.execute(sql, params)
           ~~~~~~~~~~~~~~~~~~~^^^^^^^^^^^^^
  File "C:\Proyectos\Bitacora E.E\backend\venv\Lib\site-packages\psycopg\cursor.py", line 117, in execute
    raise ex.with_traceback(None)
psycopg.errors.UndefinedColumn: column buses_datosbusae.odometro does not exist
LINE 1: ...e"."manos_libres", "buses_datosbusae"."telefono", "buses_dat...
                                                             ^

The above exception was the direct cause of the following exception:

Traceback (most recent call last):
  File "C:\Proyectos\Bitacora E.E\backend\venv\Lib\site-packages\django\core\handlers\exception.py", line 56, in inner
    response = get_response(request)
  File "C:\Proyectos\Bitacora E.E\backend\venv\Lib\site-packages\django\core\handlers\base.py", line 199, in _get_response
    response = wrapped_callback(request, *callback_args, **callback_kwargs)
  File "C:\Proyectos\Bitacora E.E\backend\venv\Lib\site-packages\django\views\decorators\csrf.py", line 64, in _view_wrapper
    return view_func(request, *args, **kwargs)
  File "C:\Proyectos\Bitacora E.E\backend\venv\Lib\site-packages\rest_framework\viewsets.py", line 124, in view
    return self.dispatch(request, *args, **kwargs)
           ~~~~~~~~~~~~~^^^^^^^^^^^^^^^^^^^^^^^^^^
  File "C:\Proyectos\Bitacora E.E\backend\venv\Lib\site-packages\rest_framework\views.py", line 526, in dispatch
    response = self.handle_exception(exc)
  File "C:\Proyectos\Bitacora E.E\backend\venv\Lib\site-packages\rest_framework\views.py", line 474, in handle_exception
    self.raise_uncaught_exception(exc)
    ~~~~~~~~~~~~~~~~~~~~~~~~~~~~~^^^^^
  File "C:\Proyectos\Bitacora E.E\backend\venv\Lib\site-packages\rest_framework\views.py", line 485, in raise_uncaught_exception
    raise exc
  File "C:\Proyectos\Bitacora E.E\backend\venv\Lib\site-packages\rest_framework\views.py", line 523, in dispatch
    response = handler(request, *args, **kwargs)
  File "C:\Proyectos\Bitacora E.E\backend\venv\Lib\site-packages\rest_framework\mixins.py", line 40, in list
    page = self.paginate_queryset(queryset)
  File "C:\Proyectos\Bitacora E.E\backend\venv\Lib\site-packages\rest_framework\generics.py", line 175, in paginate_queryset
    return self.paginator.paginate_queryset(queryset, self.request, view=self)
           ~~~~~~~~~~~~~~~~~~~~~~~~~~~~~~~~^^^^^^^^^^^^^^^^^^^^^^^^^^^^^^^^^^^
  File "C:\Proyectos\Bitacora E.E\backend\venv\Lib\site-packages\rest_framework\pagination.py", line 213, in paginate_queryset
    return list(self.page)
  File "C:\Proyectos\Bitacora E.E\backend\venv\Lib\site-packages\django\core\paginator.py", line 312, in __len__
    return len(self.object_list)
  File "C:\Proyectos\Bitacora E.E\backend\venv\Lib\site-packages\django\db\models\query.py", line 455, in __len__
    self._fetch_all()
    ~~~~~~~~~~~~~~~^^
  File "C:\Proyectos\Bitacora E.E\backend\venv\Lib\site-packages\django\db\models\query.py", line 2287, in _fetch_all
    self._result_cache = list(self._iterable_class(self))
                         ~~~~^^^^^^^^^^^^^^^^^^^^^^^^^^^^
  File "C:\Proyectos\Bitacora E.E\backend\venv\Lib\site-packages\django\db\models\query.py", line 131, in __iter__
    results = compiler.execute_sql(
        chunked_fetch=self.chunked_fetch, chunk_size=self.chunk_size
    )
  File "C:\Proyectos\Bitacora E.E\backend\venv\Lib\site-packages\django\db\models\sql\compiler.py", line 1643, in execute_sql
    cursor.execute(sql, params)
    ~~~~~~~~~~~~~~^^^^^^^^^^^^^
  File "C:\Proyectos\Bitacora E.E\backend\venv\Lib\site-packages\django\db\backends\utils.py", line 122, in execute
    return super().execute(sql, params)
           ~~~~~~~~~~~~~~~^^^^^^^^^^^^^
  File "C:\Proyectos\Bitacora E.E\backend\venv\Lib\site-packages\django\db\backends\utils.py", line 79, in execute
    return self._execute_with_wrappers(
           ~~~~~~~~~~~~~~~~~~~~~~~~~~~^
        sql, params, many=False, executor=self._execute
        ^^^^^^^^^^^^^^^^^^^^^^^^^^^^^^^^^^^^^^^^^^^^^^^
    )
    ^
  File "C:\Proyectos\Bitacora E.E\backend\venv\Lib\site-packages\django\db\backends\utils.py", line 92, in _execute_with_wrappers
    return executor(sql, params, many, context)
  File "C:\Proyectos\Bitacora E.E\backend\venv\Lib\site-packages\django\db\backends\utils.py", line 100, in _execute
    with self.db.wrap_database_errors:
         ^^^^^^^^^^^^^^^^^^^^^^^^^^^^
  File "C:\Proyectos\Bitacora E.E\backend\venv\Lib\site-packages\django\db\utils.py", line 94, in __exit__
    raise dj_exc_value.with_traceback(traceback) from exc_value
  File "C:\Proyectos\Bitacora E.E\backend\venv\Lib\site-packages\django\db\backends\utils.py", line 105, in _execute
    return self.cursor.execute(sql, params)
           ~~~~~~~~~~~~~~~~~~~^^^^^^^^^^^^^
  File "C:\Proyectos\Bitacora E.E\backend\venv\Lib\site-packages\psycopg\cursor.py", line 117, in execute
    raise ex.with_traceback(None)
django.db.utils.ProgrammingError: column buses_datosbusae.odometro does not exist
LINE 1: ...e"."manos_libres", "buses_datosbusae"."telefono", "buses_dat...
                                                             ^
{"timestamp": "2026-09-19T17:12:12-0500", "level": "ERROR", "logger": "django.server", "line": 283, "message": ""GET /api/datos-busae/?page=1&page_size=50&search=&estado=&ordering=bus_movil HTTP/1.1" 500 25406"}
{"timestamp": "2026-09-19T17:12:13-0500", "level": "ERROR", "logger": "django.request", "line": 283, "message": "Internal Server Error: /api/datos-busae/"}
Traceback (most recent call last):
  File "C:\Proyectos\Bitacora E.E\backend\venv\Lib\site-packages\django\db\backends\utils.py", line 105, in _execute
    return self.cursor.execute(sql, params)
           ~~~~~~~~~~~~~~~~~~~^^^^^^^^^^^^^
  File "C:\Proyectos\Bitacora E.E\backend\venv\Lib\site-packages\psycopg\cursor.py", line 117, in execute
    raise ex.with_traceback(None)
psycopg.errors.UndefinedColumn: column buses_datosbusae.odometro does not exist
LINE 1: ...e"."manos_libres", "buses_datosbusae"."telefono", "buses_dat...
                                                             ^

The above exception was the direct cause of the following exception:

Traceback (most recent call last):
  File "C:\Proyectos\Bitacora E.E\backend\venv\Lib\site-packages\django\core\handlers\exception.py", line 56, in inner
    response = get_response(request)
  File "C:\Proyectos\Bitacora E.E\backend\venv\Lib\site-packages\django\core\handlers\base.py", line 199, in _get_response
    response = wrapped_callback(request, *callback_args, **callback_kwargs)
  File "C:\Proyectos\Bitacora E.E\backend\venv\Lib\site-packages\django\views\decorators\csrf.py", line 64, in _view_wrapper
    return view_func(request, *args, **kwargs)
  File "C:\Proyectos\Bitacora E.E\backend\venv\Lib\site-packages\rest_framework\viewsets.py", line 124, in view
    return self.dispatch(request, *args, **kwargs)
           ~~~~~~~~~~~~~^^^^^^^^^^^^^^^^^^^^^^^^^^
  File "C:\Proyectos\Bitacora E.E\backend\venv\Lib\site-packages\rest_framework\views.py", line 526, in dispatch
    response = self.handle_exception(exc)
  File "C:\Proyectos\Bitacora E.E\backend\venv\Lib\site-packages\rest_framework\views.py", line 474, in handle_exception
    self.raise_uncaught_exception(exc)
    ~~~~~~~~~~~~~~~~~~~~~~~~~~~~~^^^^^
  File "C:\Proyectos\Bitacora E.E\backend\venv\Lib\site-packages\rest_framework\views.py", line 485, in raise_uncaught_exception
    raise exc
  File "C:\Proyectos\Bitacora E.E\backend\venv\Lib\site-packages\rest_framework\views.py", line 523, in dispatch
    response = handler(request, *args, **kwargs)
  File "C:\Proyectos\Bitacora E.E\backend\venv\Lib\site-packages\rest_framework\mixins.py", line 40, in list
    page = self.paginate_queryset(queryset)
  File "C:\Proyectos\Bitacora E.E\backend\venv\Lib\site-packages\rest_framework\generics.py", line 175, in paginate_queryset
    return self.paginator.paginate_queryset(queryset, self.request, view=self)
           ~~~~~~~~~~~~~~~~~~~~~~~~~~~~~~~~^^^^^^^^^^^^^^^^^^^^^^^^^^^^^^^^^^^
  File "C:\Proyectos\Bitacora E.E\backend\venv\Lib\site-packages\rest_framework\pagination.py", line 213, in paginate_queryset
    return list(self.page)
  File "C:\Proyectos\Bitacora E.E\backend\venv\Lib\site-packages\django\core\paginator.py", line 312, in __len__
    return len(self.object_list)
  File "C:\Proyectos\Bitacora E.E\backend\venv\Lib\site-packages\django\db\models\query.py", line 455, in __len__
    self._fetch_all()
    ~~~~~~~~~~~~~~~^^
  File "C:\Proyectos\Bitacora E.E\backend\venv\Lib\site-packages\django\db\models\query.py", line 2287, in _fetch_all
    self._result_cache = list(self._iterable_class(self))
                         ~~~~^^^^^^^^^^^^^^^^^^^^^^^^^^^^
  File "C:\Proyectos\Bitacora E.E\backend\venv\Lib\site-packages\django\db\models\query.py", line 131, in __iter__
    results = compiler.execute_sql(
        chunked_fetch=self.chunked_fetch, chunk_size=self.chunk_size
    )
  File "C:\Proyectos\Bitacora E.E\backend\venv\Lib\site-packages\django\db\models\sql\compiler.py", line 1643, in execute_sql
    cursor.execute(sql, params)
    ~~~~~~~~~~~~~~^^^^^^^^^^^^^
  File "C:\Proyectos\Bitacora E.E\backend\venv\Lib\site-packages\django\db\backends\utils.py", line 122, in execute
    return super().execute(sql, params)
           ~~~~~~~~~~~~~~~^^^^^^^^^^^^^
  File "C:\Proyectos\Bitacora E.E\backend\venv\Lib\site-packages\django\db\backends\utils.py", line 79, in execute
    return self._execute_with_wrappers(
           ~~~~~~~~~~~~~~~~~~~~~~~~~~~^
        sql, params, many=False, executor=self._execute
        ^^^^^^^^^^^^^^^^^^^^^^^^^^^^^^^^^^^^^^^^^^^^^^^
    )
    ^
  File "C:\Proyectos\Bitacora E.E\backend\venv\Lib\site-packages\django\db\backends\utils.py", line 92, in _execute_with_wrappers
    return executor(sql, params, many, context)
  File "C:\Proyectos\Bitacora E.E\backend\venv\Lib\site-packages\django\db\backends\utils.py", line 100, in _execute
    with self.db.wrap_database_errors:
         ^^^^^^^^^^^^^^^^^^^^^^^^^^^^
  File "C:\Proyectos\Bitacora E.E\backend\venv\Lib\site-packages\django\db\utils.py", line 94, in __exit__
    raise dj_exc_value.with_traceback(traceback) from exc_value
  File "C:\Proyectos\Bitacora E.E\backend\venv\Lib\site-packages\django\db\backends\utils.py", line 105, in _execute
    return self.cursor.execute(sql, params)
           ~~~~~~~~~~~~~~~~~~~^^^^^^^^^^^^^
  File "C:\Proyectos\Bitacora E.E\backend\venv\Lib\site-packages\psycopg\cursor.py", line 117, in execute
    raise ex.with_traceback(None)
django.db.utils.ProgrammingError: column buses_datosbusae.odometro does not exist
LINE 1: ...e"."manos_libres", "buses_datosbusae"."telefono", "buses_dat...
                                                             ^
{"timestamp": "2026-09-19T17:12:13-0500", "level": "ERROR", "logger": "django.server", "line": 283, "message": ""GET /api/datos-busae/?page=1&page_size=50&search=&estado=&ordering=bus_movil HTTP/1.1" 500 25406"}
{"timestamp": "2026-09-19T17:12:16-0500", "level": "ERROR", "logger": "django.request", "line": 283, "message": "Internal Server Error: /api/datos-busae/"}
Traceback (most recent call last):
  File "C:\Proyectos\Bitacora E.E\backend\venv\Lib\site-packages\django\db\backends\utils.py", line 105, in _execute
    return self.cursor.execute(sql, params)
           ~~~~~~~~~~~~~~~~~~~^^^^^^^^^^^^^
  File "C:\Proyectos\Bitacora E.E\backend\venv\Lib\site-packages\psycopg\cursor.py", line 117, in execute
    raise ex.with_traceback(None)
psycopg.errors.UndefinedColumn: column buses_datosbusae.odometro does not exist
LINE 1: ...e"."manos_libres", "buses_datosbusae"."telefono", "buses_dat...
                                                             ^

The above exception was the direct cause of the following exception:

Traceback (most recent call last):
  File "C:\Proyectos\Bitacora E.E\backend\venv\Lib\site-packages\django\core\handlers\exception.py", line 56, in inner
    response = get_response(request)
  File "C:\Proyectos\Bitacora E.E\backend\venv\Lib\site-packages\django\core\handlers\base.py", line 199, in _get_response
    response = wrapped_callback(request, *callback_args, **callback_kwargs)
  File "C:\Proyectos\Bitacora E.E\backend\venv\Lib\site-packages\django\views\decorators\csrf.py", line 64, in _view_wrapper
    return view_func(request, *args, **kwargs)
  File "C:\Proyectos\Bitacora E.E\backend\venv\Lib\site-packages\rest_framework\viewsets.py", line 124, in view
    return self.dispatch(request, *args, **kwargs)
           ~~~~~~~~~~~~~^^^^^^^^^^^^^^^^^^^^^^^^^^
  File "C:\Proyectos\Bitacora E.E\backend\venv\Lib\site-packages\rest_framework\views.py", line 526, in dispatch
    response = self.handle_exception(exc)
  File "C:\Proyectos\Bitacora E.E\backend\venv\Lib\site-packages\rest_framework\views.py", line 474, in handle_exception
    self.raise_uncaught_exception(exc)
    ~~~~~~~~~~~~~~~~~~~~~~~~~~~~~^^^^^
  File "C:\Proyectos\Bitacora E.E\backend\venv\Lib\site-packages\rest_framework\views.py", line 485, in raise_uncaught_exception
    raise exc
  File "C:\Proyectos\Bitacora E.E\backend\venv\Lib\site-packages\rest_framework\views.py", line 523, in dispatch
    response = handler(request, *args, **kwargs)
  File "C:\Proyectos\Bitacora E.E\backend\venv\Lib\site-packages\rest_framework\mixins.py", line 40, in list
    page = self.paginate_queryset(queryset)
  File "C:\Proyectos\Bitacora E.E\backend\venv\Lib\site-packages\rest_framework\generics.py", line 175, in paginate_queryset
    return self.paginator.paginate_queryset(queryset, self.request, view=self)
           ~~~~~~~~~~~~~~~~~~~~~~~~~~~~~~~~^^^^^^^^^^^^^^^^^^^^^^^^^^^^^^^^^^^
  File "C:\Proyectos\Bitacora E.E\backend\venv\Lib\site-packages\rest_framework\pagination.py", line 213, in paginate_queryset
    return list(self.page)
  File "C:\Proyectos\Bitacora E.E\backend\venv\Lib\site-packages\django\core\paginator.py", line 312, in __len__
    return len(self.object_list)
  File "C:\Proyectos\Bitacora E.E\backend\venv\Lib\site-packages\django\db\models\query.py", line 455, in __len__
    self._fetch_all()
    ~~~~~~~~~~~~~~~^^
  File "C:\Proyectos\Bitacora E.E\backend\venv\Lib\site-packages\django\db\models\query.py", line 2287, in _fetch_all
    self._result_cache = list(self._iterable_class(self))
                         ~~~~^^^^^^^^^^^^^^^^^^^^^^^^^^^^
  File "C:\Proyectos\Bitacora E.E\backend\venv\Lib\site-packages\django\db\models\query.py", line 131, in __iter__
    results = compiler.execute_sql(
        chunked_fetch=self.chunked_fetch, chunk_size=self.chunk_size
    )
  File "C:\Proyectos\Bitacora E.E\backend\venv\Lib\site-packages\django\db\models\sql\compiler.py", line 1643, in execute_sql
    cursor.execute(sql, params)
    ~~~~~~~~~~~~~~^^^^^^^^^^^^^
  File "C:\Proyectos\Bitacora E.E\backend\venv\Lib\site-packages\django\db\backends\utils.py", line 122, in execute
    return super().execute(sql, params)
           ~~~~~~~~~~~~~~~^^^^^^^^^^^^^
  File "C:\Proyectos\Bitacora E.E\backend\venv\Lib\site-packages\django\db\backends\utils.py", line 79, in execute
    return self._execute_with_wrappers(
           ~~~~~~~~~~~~~~~~~~~~~~~~~~~^
        sql, params, many=False, executor=self._execute
        ^^^^^^^^^^^^^^^^^^^^^^^^^^^^^^^^^^^^^^^^^^^^^^^
    )
    ^
  File "C:\Proyectos\Bitacora E.E\backend\venv\Lib\site-packages\django\db\backends\utils.py", line 92, in _execute_with_wrappers
    return executor(sql, params, many, context)
  File "C:\Proyectos\Bitacora E.E\backend\venv\Lib\site-packages\django\db\backends\utils.py", line 100, in _execute
    with self.db.wrap_database_errors:
         ^^^^^^^^^^^^^^^^^^^^^^^^^^^^
  File "C:\Proyectos\Bitacora E.E\backend\venv\Lib\site-packages\django\db\utils.py", line 94, in __exit__
    raise dj_exc_value.with_traceback(traceback) from exc_value
  File "C:\Proyectos\Bitacora E.E\backend\venv\Lib\site-packages\django\db\backends\utils.py", line 105, in _execute
    return self.cursor.execute(sql, params)
           ~~~~~~~~~~~~~~~~~~~^^^^^^^^^^^^^
  File "C:\Proyectos\Bitacora E.E\backend\venv\Lib\site-packages\psycopg\cursor.py", line 117, in execute
    raise ex.with_traceback(None)
django.db.utils.ProgrammingError: column buses_datosbusae.odometro does not exist
LINE 1: ...e"."manos_libres", "buses_datosbusae"."telefono", "buses_dat...
                                                             ^
{"timestamp": "2026-09-19T17:12:16-0500", "level": "ERROR", "logger": "django.server", "line": 283, "message": ""GET /api/datos-busae/?page=1&page_size=50&search=&estado=&ordering=bus_movil HTTP/1.1" 500 25406"}
{"timestamp": "2026-09-19T17:12:17-0500", "level": "ERROR", "logger": "django.request", "line": 283, "message": "Internal Server Error: /api/datos-busae/"}
Traceback (most recent call last):
  File "C:\Proyectos\Bitacora E.E\backend\venv\Lib\site-packages\django\db\backends\utils.py", line 105, in _execute
    return self.cursor.execute(sql, params)
           ~~~~~~~~~~~~~~~~~~~^^^^^^^^^^^^^
  File "C:\Proyectos\Bitacora E.E\backend\venv\Lib\site-packages\psycopg\cursor.py", line 117, in execute
    raise ex.with_traceback(None)
psycopg.errors.UndefinedColumn: column buses_datosbusae.odometro does not exist
LINE 1: ...e"."manos_libres", "buses_datosbusae"."telefono", "buses_dat...
                                                             ^

The above exception was the direct cause of the following exception:

Traceback (most recent call last):
  File "C:\Proyectos\Bitacora E.E\backend\venv\Lib\site-packages\django\core\handlers\exception.py", line 56, in inner
    response = get_response(request)
  File "C:\Proyectos\Bitacora E.E\backend\venv\Lib\site-packages\django\core\handlers\base.py", line 199, in _get_response
    response = wrapped_callback(request, *callback_args, **callback_kwargs)
  File "C:\Proyectos\Bitacora E.E\backend\venv\Lib\site-packages\django\views\decorators\csrf.py", line 64, in _view_wrapper
    return view_func(request, *args, **kwargs)
  File "C:\Proyectos\Bitacora E.E\backend\venv\Lib\site-packages\rest_framework\viewsets.py", line 124, in view
    return self.dispatch(request, *args, **kwargs)
           ~~~~~~~~~~~~~^^^^^^^^^^^^^^^^^^^^^^^^^^
  File "C:\Proyectos\Bitacora E.E\backend\venv\Lib\site-packages\rest_framework\views.py", line 526, in dispatch
    response = self.handle_exception(exc)
  File "C:\Proyectos\Bitacora E.E\backend\venv\Lib\site-packages\rest_framework\views.py", line 474, in handle_exception
    self.raise_uncaught_exception(exc)
    ~~~~~~~~~~~~~~~~~~~~~~~~~~~~~^^^^^
  File "C:\Proyectos\Bitacora E.E\backend\venv\Lib\site-packages\rest_framework\views.py", line 485, in raise_uncaught_exception
    raise exc
  File "C:\Proyectos\Bitacora E.E\backend\venv\Lib\site-packages\rest_framework\views.py", line 523, in dispatch
    response = handler(request, *args, **kwargs)
  File "C:\Proyectos\Bitacora E.E\backend\venv\Lib\site-packages\rest_framework\mixins.py", line 40, in list
    page = self.paginate_queryset(queryset)
  File "C:\Proyectos\Bitacora E.E\backend\venv\Lib\site-packages\rest_framework\generics.py", line 175, in paginate_queryset
    return self.paginator.paginate_queryset(queryset, self.request, view=self)
           ~~~~~~~~~~~~~~~~~~~~~~~~~~~~~~~~^^^^^^^^^^^^^^^^^^^^^^^^^^^^^^^^^^^
  File "C:\Proyectos\Bitacora E.E\backend\venv\Lib\site-packages\rest_framework\pagination.py", line 213, in paginate_queryset
    return list(self.page)
  File "C:\Proyectos\Bitacora E.E\backend\venv\Lib\site-packages\django\core\paginator.py", line 312, in __len__
    return len(self.object_list)
  File "C:\Proyectos\Bitacora E.E\backend\venv\Lib\site-packages\django\db\models\query.py", line 455, in __len__
    self._fetch_all()
    ~~~~~~~~~~~~~~~^^
  File "C:\Proyectos\Bitacora E.E\backend\venv\Lib\site-packages\django\db\models\query.py", line 2287, in _fetch_all
    self._result_cache = list(self._iterable_class(self))
                         ~~~~^^^^^^^^^^^^^^^^^^^^^^^^^^^^
  File "C:\Proyectos\Bitacora E.E\backend\venv\Lib\site-packages\django\db\models\query.py", line 131, in __iter__
    results = compiler.execute_sql(
        chunked_fetch=self.chunked_fetch, chunk_size=self.chunk_size
    )
  File "C:\Proyectos\Bitacora E.E\backend\venv\Lib\site-packages\django\db\models\sql\compiler.py", line 1643, in execute_sql
    cursor.execute(sql, params)
    ~~~~~~~~~~~~~~^^^^^^^^^^^^^
  File "C:\Proyectos\Bitacora E.E\backend\venv\Lib\site-packages\django\db\backends\utils.py", line 122, in execute
    return super().execute(sql, params)
           ~~~~~~~~~~~~~~~^^^^^^^^^^^^^
  File "C:\Proyectos\Bitacora E.E\backend\venv\Lib\site-packages\django\db\backends\utils.py", line 79, in execute
    return self._execute_with_wrappers(
           ~~~~~~~~~~~~~~~~~~~~~~~~~~~^
        sql, params, many=False, executor=self._execute
        ^^^^^^^^^^^^^^^^^^^^^^^^^^^^^^^^^^^^^^^^^^^^^^^
    )
    ^
  File "C:\Proyectos\Bitacora E.E\backend\venv\Lib\site-packages\django\db\backends\utils.py", line 92, in _execute_with_wrappers
    return executor(sql, params, many, context)
  File "C:\Proyectos\Bitacora E.E\backend\venv\Lib\site-packages\django\db\backends\utils.py", line 100, in _execute
    with self.db.wrap_database_errors:
         ^^^^^^^^^^^^^^^^^^^^^^^^^^^^
  File "C:\Proyectos\Bitacora E.E\backend\venv\Lib\site-packages\django\db\utils.py", line 94, in __exit__
    raise dj_exc_value.with_traceback(traceback) from exc_value
  File "C:\Proyectos\Bitacora E.E\backend\venv\Lib\site-packages\django\db\backends\utils.py", line 105, in _execute
    return self.cursor.execute(sql, params)
           ~~~~~~~~~~~~~~~~~~~^^^^^^^^^^^^^
  File "C:\Proyectos\Bitacora E.E\backend\venv\Lib\site-packages\psycopg\cursor.py", line 117, in execute
    raise ex.with_traceback(None)
django.db.utils.ProgrammingError: column buses_datosbusae.odometro does not exist
LINE 1: ...e"."manos_libres", "buses_datosbusae"."telefono", "buses_dat...
                                                             ^
{"timestamp": "2026-09-19T17:12:17-0500", "level": "ERROR", "logger": "django.server", "line": 283, "message": ""GET /api/datos-busae/?page=1&page_size=50&search=&estado=&ordering=bus_movil HTTP/1.1" 500 25406"}
{"timestamp": "2026-09-19T17:12:17-0500", "level": "ERROR", "logger": "poller.busae", "line": 139, "message": "Error crítico en ciclo BUSAE: column buses_datosbusae.odometro does not exist
LINE 1: ...e"."manos_libres", "buses_datosbusae"."telefono", "buses_dat...
                                                             ^"}
{"timestamp": "2026-09-19T17:12:18-0500", "level": "ERROR", "logger": "django.request", "line": 283, "message": "Internal Server Error: /api/datos-busae/"}
Traceback (most recent call last):
  File "C:\Proyectos\Bitacora E.E\backend\venv\Lib\site-packages\django\db\backends\utils.py", line 105, in _execute
    return self.cursor.execute(sql, params)
           ~~~~~~~~~~~~~~~~~~~^^^^^^^^^^^^^
  File "C:\Proyectos\Bitacora E.E\backend\venv\Lib\site-packages\psycopg\cursor.py", line 117, in execute
    raise ex.with_traceback(None)
psycopg.errors.UndefinedColumn: column buses_datosbusae.odometro does not exist
LINE 1: ...e"."manos_libres", "buses_datosbusae"."telefono", "buses_dat...
                                                             ^

The above exception was the direct cause of the following exception:

Traceback (most recent call last):
  File "C:\Proyectos\Bitacora E.E\backend\venv\Lib\site-packages\django\core\handlers\exception.py", line 56, in inner
    response = get_response(request)
  File "C:\Proyectos\Bitacora E.E\backend\venv\Lib\site-packages\django\core\handlers\base.py", line 199, in _get_response
    response = wrapped_callback(request, *callback_args, **callback_kwargs)
  File "C:\Proyectos\Bitacora E.E\backend\venv\Lib\site-packages\django\views\decorators\csrf.py", line 64, in _view_wrapper
    return view_func(request, *args, **kwargs)
  File "C:\Proyectos\Bitacora E.E\backend\venv\Lib\site-packages\rest_framework\viewsets.py", line 124, in view
    return self.dispatch(request, *args, **kwargs)
           ~~~~~~~~~~~~~^^^^^^^^^^^^^^^^^^^^^^^^^^
  File "C:\Proyectos\Bitacora E.E\backend\venv\Lib\site-packages\rest_framework\views.py", line 526, in dispatch
    response = self.handle_exception(exc)
  File "C:\Proyectos\Bitacora E.E\backend\venv\Lib\site-packages\rest_framework\views.py", line 474, in handle_exception
    self.raise_uncaught_exception(exc)
    ~~~~~~~~~~~~~~~~~~~~~~~~~~~~~^^^^^
  File "C:\Proyectos\Bitacora E.E\backend\venv\Lib\site-packages\rest_framework\views.py", line 485, in raise_uncaught_exception
    raise exc
  File "C:\Proyectos\Bitacora E.E\backend\venv\Lib\site-packages\rest_framework\views.py", line 523, in dispatch
    response = handler(request, *args, **kwargs)
  File "C:\Proyectos\Bitacora E.E\backend\venv\Lib\site-packages\rest_framework\mixins.py", line 40, in list
    page = self.paginate_queryset(queryset)
  File "C:\Proyectos\Bitacora E.E\backend\venv\Lib\site-packages\rest_framework\generics.py", line 175, in paginate_queryset
    return self.paginator.paginate_queryset(queryset, self.request, view=self)
           ~~~~~~~~~~~~~~~~~~~~~~~~~~~~~~~~^^^^^^^^^^^^^^^^^^^^^^^^^^^^^^^^^^^
  File "C:\Proyectos\Bitacora E.E\backend\venv\Lib\site-packages\rest_framework\pagination.py", line 213, in paginate_queryset
    return list(self.page)
  File "C:\Proyectos\Bitacora E.E\backend\venv\Lib\site-packages\django\core\paginator.py", line 312, in __len__
    return len(self.object_list)
  File "C:\Proyectos\Bitacora E.E\backend\venv\Lib\site-packages\django\db\models\query.py", line 455, in __len__
    self._fetch_all()
    ~~~~~~~~~~~~~~~^^
  File "C:\Proyectos\Bitacora E.E\backend\venv\Lib\site-packages\django\db\models\query.py", line 2287, in _fetch_all
    self._result_cache = list(self._iterable_class(self))
                         ~~~~^^^^^^^^^^^^^^^^^^^^^^^^^^^^
  File "C:\Proyectos\Bitacora E.E\backend\venv\Lib\site-packages\django\db\models\query.py", line 131, in __iter__
    results = compiler.execute_sql(
        chunked_fetch=self.chunked_fetch, chunk_size=self.chunk_size
    )
  File "C:\Proyectos\Bitacora E.E\backend\venv\Lib\site-packages\django\db\models\sql\compiler.py", line 1643, in execute_sql
    cursor.execute(sql, params)
    ~~~~~~~~~~~~~~^^^^^^^^^^^^^
  File "C:\Proyectos\Bitacora E.E\backend\venv\Lib\site-packages\django\db\backends\utils.py", line 122, in execute
    return super().execute(sql, params)
           ~~~~~~~~~~~~~~~^^^^^^^^^^^^^
  File "C:\Proyectos\Bitacora E.E\backend\venv\Lib\site-packages\django\db\backends\utils.py", line 79, in execute
    return self._execute_with_wrappers(
           ~~~~~~~~~~~~~~~~~~~~~~~~~~~^
        sql, params, many=False, executor=self._execute
        ^^^^^^^^^^^^^^^^^^^^^^^^^^^^^^^^^^^^^^^^^^^^^^^
    )
    ^
  File "C:\Proyectos\Bitacora E.E\backend\venv\Lib\site-packages\django\db\backends\utils.py", line 92, in _execute_with_wrappers
    return executor(sql, params, many, context)
  File "C:\Proyectos\Bitacora E.E\backend\venv\Lib\site-packages\django\db\backends\utils.py", line 100, in _execute
    with self.db.wrap_database_errors:
         ^^^^^^^^^^^^^^^^^^^^^^^^^^^^
  File "C:\Proyectos\Bitacora E.E\backend\venv\Lib\site-packages\django\db\utils.py", line 94, in __exit__
    raise dj_exc_value.with_traceback(traceback) from exc_value
  File "C:\Proyectos\Bitacora E.E\backend\venv\Lib\site-packages\django\db\backends\utils.py", line 105, in _execute
    return self.cursor.execute(sql, params)
           ~~~~~~~~~~~~~~~~~~~^^^^^^^^^^^^^
  File "C:\Proyectos\Bitacora E.E\backend\venv\Lib\site-packages\psycopg\cursor.py", line 117, in execute
    raise ex.with_traceback(None)
django.db.utils.ProgrammingError: column buses_datosbusae.odometro does not exist
LINE 1: ...e"."manos_libres", "buses_datosbusae"."telefono", "buses_dat...
                                                             ^
{"timestamp": "2026-09-19T17:12:18-0500", "level": "ERROR", "logger": "django.server", "line": 283, "message": ""GET /api/datos-busae/?page=1&page_size=50&search=&estado=&ordering=-bus_movil HTTP/1.1" 500 25409"}
{"timestamp": "2026-09-19T17:12:19-0500", "level": "ERROR", "logger": "django.request", "line": 283, "message": "Internal Server Error: /api/datos-busae/"}
Traceback (most recent call last):
  File "C:\Proyectos\Bitacora E.E\backend\venv\Lib\site-packages\django\db\backends\utils.py", line 105, in _execute
    return self.cursor.execute(sql, params)
           ~~~~~~~~~~~~~~~~~~~^^^^^^^^^^^^^
  File "C:\Proyectos\Bitacora E.E\backend\venv\Lib\site-packages\psycopg\cursor.py", line 117, in execute
    raise ex.with_traceback(None)
psycopg.errors.UndefinedColumn: column buses_datosbusae.odometro does not exist
LINE 1: ...e"."manos_libres", "buses_datosbusae"."telefono", "buses_dat...
                                                             ^

The above exception was the direct cause of the following exception:

Traceback (most recent call last):
  File "C:\Proyectos\Bitacora E.E\backend\venv\Lib\site-packages\django\core\handlers\exception.py", line 56, in inner
    response = get_response(request)
  File "C:\Proyectos\Bitacora E.E\backend\venv\Lib\site-packages\django\core\handlers\base.py", line 199, in _get_response
    response = wrapped_callback(request, *callback_args, **callback_kwargs)
  File "C:\Proyectos\Bitacora E.E\backend\venv\Lib\site-packages\django\views\decorators\csrf.py", line 64, in _view_wrapper
    return view_func(request, *args, **kwargs)
  File "C:\Proyectos\Bitacora E.E\backend\venv\Lib\site-packages\rest_framework\viewsets.py", line 124, in view
    return self.dispatch(request, *args, **kwargs)
           ~~~~~~~~~~~~~^^^^^^^^^^^^^^^^^^^^^^^^^^
  File "C:\Proyectos\Bitacora E.E\backend\venv\Lib\site-packages\rest_framework\views.py", line 526, in dispatch
    response = self.handle_exception(exc)
  File "C:\Proyectos\Bitacora E.E\backend\venv\Lib\site-packages\rest_framework\views.py", line 474, in handle_exception
    self.raise_uncaught_exception(exc)
    ~~~~~~~~~~~~~~~~~~~~~~~~~~~~~^^^^^
  File "C:\Proyectos\Bitacora E.E\backend\venv\Lib\site-packages\rest_framework\views.py", line 485, in raise_uncaught_exception
    raise exc
  File "C:\Proyectos\Bitacora E.E\backend\venv\Lib\site-packages\rest_framework\views.py", line 523, in dispatch
    response = handler(request, *args, **kwargs)
  File "C:\Proyectos\Bitacora E.E\backend\venv\Lib\site-packages\rest_framework\mixins.py", line 40, in list
    page = self.paginate_queryset(queryset)
  File "C:\Proyectos\Bitacora E.E\backend\venv\Lib\site-packages\rest_framework\generics.py", line 175, in paginate_queryset
    return self.paginator.paginate_queryset(queryset, self.request, view=self)
           ~~~~~~~~~~~~~~~~~~~~~~~~~~~~~~~~^^^^^^^^^^^^^^^^^^^^^^^^^^^^^^^^^^^
  File "C:\Proyectos\Bitacora E.E\backend\venv\Lib\site-packages\rest_framework\pagination.py", line 213, in paginate_queryset
    return list(self.page)
  File "C:\Proyectos\Bitacora E.E\backend\venv\Lib\site-packages\django\core\paginator.py", line 312, in __len__
    return len(self.object_list)
  File "C:\Proyectos\Bitacora E.E\backend\venv\Lib\site-packages\django\db\models\query.py", line 455, in __len__
    self._fetch_all()
    ~~~~~~~~~~~~~~~^^
  File "C:\Proyectos\Bitacora E.E\backend\venv\Lib\site-packages\django\db\models\query.py", line 2287, in _fetch_all
    self._result_cache = list(self._iterable_class(self))
                         ~~~~^^^^^^^^^^^^^^^^^^^^^^^^^^^^
  File "C:\Proyectos\Bitacora E.E\backend\venv\Lib\site-packages\django\db\models\query.py", line 131, in __iter__
    results = compiler.execute_sql(
        chunked_fetch=self.chunked_fetch, chunk_size=self.chunk_size
    )
  File "C:\Proyectos\Bitacora E.E\backend\venv\Lib\site-packages\django\db\models\sql\compiler.py", line 1643, in execute_sql
    cursor.execute(sql, params)
    ~~~~~~~~~~~~~~^^^^^^^^^^^^^
  File "C:\Proyectos\Bitacora E.E\backend\venv\Lib\site-packages\django\db\backends\utils.py", line 122, in execute
    return super().execute(sql, params)
           ~~~~~~~~~~~~~~~^^^^^^^^^^^^^
  File "C:\Proyectos\Bitacora E.E\backend\venv\Lib\site-packages\django\db\backends\utils.py", line 79, in execute
    return self._execute_with_wrappers(
           ~~~~~~~~~~~~~~~~~~~~~~~~~~~^
        sql, params, many=False, executor=self._execute
        ^^^^^^^^^^^^^^^^^^^^^^^^^^^^^^^^^^^^^^^^^^^^^^^
    )
    ^
  File "C:\Proyectos\Bitacora E.E\backend\venv\Lib\site-packages\django\db\backends\utils.py", line 92, in _execute_with_wrappers
    return executor(sql, params, many, context)
  File "C:\Proyectos\Bitacora E.E\backend\venv\Lib\site-packages\django\db\backends\utils.py", line 100, in _execute
    with self.db.wrap_database_errors:
         ^^^^^^^^^^^^^^^^^^^^^^^^^^^^
  File "C:\Proyectos\Bitacora E.E\backend\venv\Lib\site-packages\django\db\utils.py", line 94, in __exit__
    raise dj_exc_value.with_traceback(traceback) from exc_value
  File "C:\Proyectos\Bitacora E.E\backend\venv\Lib\site-packages\django\db\backends\utils.py", line 105, in _execute
    return self.cursor.execute(sql, params)
           ~~~~~~~~~~~~~~~~~~~^^^^^^^^^^^^^
  File "C:\Proyectos\Bitacora E.E\backend\venv\Lib\site-packages\psycopg\cursor.py", line 117, in execute
    raise ex.with_traceback(None)
django.db.utils.ProgrammingError: column buses_datosbusae.odometro does not exist
LINE 1: ...e"."manos_libres", "buses_datosbusae"."telefono", "buses_dat...
                                                             ^
{"timestamp": "2026-09-19T17:12:19-0500", "level": "ERROR", "logger": "django.server", "line": 283, "message": ""GET /api/datos-busae/?page=1&page_size=50&search=&estado=&ordering=-bus_movil HTTP/1.1" 500 25409"}
{"timestamp": "2026-09-19T17:12:20-0500", "level": "ERROR", "logger": "django.request", "line": 283, "message": "Internal Server Error: /api/datos-busae/"}
Traceback (most recent call last):
  File "C:\Proyectos\Bitacora E.E\backend\venv\Lib\site-packages\django\db\backends\utils.py", line 105, in _execute
    return self.cursor.execute(sql, params)
           ~~~~~~~~~~~~~~~~~~~^^^^^^^^^^^^^
  File "C:\Proyectos\Bitacora E.E\backend\venv\Lib\site-packages\psycopg\cursor.py", line 117, in execute
    raise ex.with_traceback(None)
psycopg.errors.UndefinedColumn: column buses_datosbusae.odometro does not exist
LINE 1: ...e"."manos_libres", "buses_datosbusae"."telefono", "buses_dat...
                                                             ^

The above exception was the direct cause of the following exception:

Traceback (most recent call last):
  File "C:\Proyectos\Bitacora E.E\backend\venv\Lib\site-packages\django\core\handlers\exception.py", line 56, in inner
    response = get_response(request)
  File "C:\Proyectos\Bitacora E.E\backend\venv\Lib\site-packages\django\core\handlers\base.py", line 199, in _get_response
    response = wrapped_callback(request, *callback_args, **callback_kwargs)
  File "C:\Proyectos\Bitacora E.E\backend\venv\Lib\site-packages\django\views\decorators\csrf.py", line 64, in _view_wrapper
    return view_func(request, *args, **kwargs)
  File "C:\Proyectos\Bitacora E.E\backend\venv\Lib\site-packages\rest_framework\viewsets.py", line 124, in view
    return self.dispatch(request, *args, **kwargs)
           ~~~~~~~~~~~~~^^^^^^^^^^^^^^^^^^^^^^^^^^
  File "C:\Proyectos\Bitacora E.E\backend\venv\Lib\site-packages\rest_framework\views.py", line 526, in dispatch
    response = self.handle_exception(exc)
  File "C:\Proyectos\Bitacora E.E\backend\venv\Lib\site-packages\rest_framework\views.py", line 474, in handle_exception
    self.raise_uncaught_exception(exc)
    ~~~~~~~~~~~~~~~~~~~~~~~~~~~~~^^^^^
  File "C:\Proyectos\Bitacora E.E\backend\venv\Lib\site-packages\rest_framework\views.py", line 485, in raise_uncaught_exception
    raise exc
  File "C:\Proyectos\Bitacora E.E\backend\venv\Lib\site-packages\rest_framework\views.py", line 523, in dispatch
    response = handler(request, *args, **kwargs)
  File "C:\Proyectos\Bitacora E.E\backend\venv\Lib\site-packages\rest_framework\mixins.py", line 40, in list
    page = self.paginate_queryset(queryset)
  File "C:\Proyectos\Bitacora E.E\backend\venv\Lib\site-packages\rest_framework\generics.py", line 175, in paginate_queryset
    return self.paginator.paginate_queryset(queryset, self.request, view=self)
           ~~~~~~~~~~~~~~~~~~~~~~~~~~~~~~~~^^^^^^^^^^^^^^^^^^^^^^^^^^^^^^^^^^^
  File "C:\Proyectos\Bitacora E.E\backend\venv\Lib\site-packages\rest_framework\pagination.py", line 213, in paginate_queryset
    return list(self.page)
  File "C:\Proyectos\Bitacora E.E\backend\venv\Lib\site-packages\django\core\paginator.py", line 312, in __len__
    return len(self.object_list)
  File "C:\Proyectos\Bitacora E.E\backend\venv\Lib\site-packages\django\db\models\query.py", line 455, in __len__
    self._fetch_all()
    ~~~~~~~~~~~~~~~^^
  File "C:\Proyectos\Bitacora E.E\backend\venv\Lib\site-packages\django\db\models\query.py", line 2287, in _fetch_all
    self._result_cache = list(self._iterable_class(self))
                         ~~~~^^^^^^^^^^^^^^^^^^^^^^^^^^^^
  File "C:\Proyectos\Bitacora E.E\backend\venv\Lib\site-packages\django\db\models\query.py", line 131, in __iter__
    results = compiler.execute_sql(
        chunked_fetch=self.chunked_fetch, chunk_size=self.chunk_size
    )
  File "C:\Proyectos\Bitacora E.E\backend\venv\Lib\site-packages\django\db\models\sql\compiler.py", line 1643, in execute_sql
    cursor.execute(sql, params)
    ~~~~~~~~~~~~~~^^^^^^^^^^^^^
  File "C:\Proyectos\Bitacora E.E\backend\venv\Lib\site-packages\django\db\backends\utils.py", line 122, in execute
    return super().execute(sql, params)
           ~~~~~~~~~~~~~~~^^^^^^^^^^^^^
  File "C:\Proyectos\Bitacora E.E\backend\venv\Lib\site-packages\django\db\backends\utils.py", line 79, in execute
    return self._execute_with_wrappers(
           ~~~~~~~~~~~~~~~~~~~~~~~~~~~^
        sql, params, many=False, executor=self._execute
        ^^^^^^^^^^^^^^^^^^^^^^^^^^^^^^^^^^^^^^^^^^^^^^^
    )
    ^
  File "C:\Proyectos\Bitacora E.E\backend\venv\Lib\site-packages\django\db\backends\utils.py", line 92, in _execute_with_wrappers
    return executor(sql, params, many, context)
  File "C:\Proyectos\Bitacora E.E\backend\venv\Lib\site-packages\django\db\backends\utils.py", line 100, in _execute
    with self.db.wrap_database_errors:
         ^^^^^^^^^^^^^^^^^^^^^^^^^^^^
  File "C:\Proyectos\Bitacora E.E\backend\venv\Lib\site-packages\django\db\utils.py", line 94, in __exit__
    raise dj_exc_value.with_traceback(traceback) from exc_value
  File "C:\Proyectos\Bitacora E.E\backend\venv\Lib\site-packages\django\db\backends\utils.py", line 105, in _execute
    return self.cursor.execute(sql, params)
           ~~~~~~~~~~~~~~~~~~~^^^^^^^^^^^^^
  File "C:\Proyectos\Bitacora E.E\backend\venv\Lib\site-packages\psycopg\cursor.py", line 117, in execute
    raise ex.with_traceback(None)
django.db.utils.ProgrammingError: column buses_datosbusae.odometro does not exist
LINE 1: ...e"."manos_libres", "buses_datosbusae"."telefono", "buses_dat...
                                                             ^
{"timestamp": "2026-09-19T17:12:20-0500", "level": "ERROR", "logger": "django.server", "line": 283, "message": ""GET /api/datos-busae/?page=1&page_size=50&search=&estado=&ordering=bus_movil HTTP/1.1" 500 25406"}
{"timestamp": "2026-09-19T17:12:20-0500", "level": "ERROR", "logger": "django.request", "line": 283, "message": "Internal Server Error: /api/datos-busae/"}
Traceback (most recent call last):
  File "C:\Proyectos\Bitacora E.E\backend\venv\Lib\site-packages\django\db\backends\utils.py", line 105, in _execute
    return self.cursor.execute(sql, params)
           ~~~~~~~~~~~~~~~~~~~^^^^^^^^^^^^^
  File "C:\Proyectos\Bitacora E.E\backend\venv\Lib\site-packages\psycopg\cursor.py", line 117, in execute
    raise ex.with_traceback(None)
psycopg.errors.UndefinedColumn: column buses_datosbusae.odometro does not exist
LINE 1: ...e"."manos_libres", "buses_datosbusae"."telefono", "buses_dat...
                                                             ^

The above exception was the direct cause of the following exception:

Traceback (most recent call last):
  File "C:\Proyectos\Bitacora E.E\backend\venv\Lib\site-packages\django\core\handlers\exception.py", line 56, in inner
    response = get_response(request)
  File "C:\Proyectos\Bitacora E.E\backend\venv\Lib\site-packages\django\core\handlers\base.py", line 199, in _get_response
    response = wrapped_callback(request, *callback_args, **callback_kwargs)
  File "C:\Proyectos\Bitacora E.E\backend\venv\Lib\site-packages\django\views\decorators\csrf.py", line 64, in _view_wrapper
    return view_func(request, *args, **kwargs)
  File "C:\Proyectos\Bitacora E.E\backend\venv\Lib\site-packages\rest_framework\viewsets.py", line 124, in view
    return self.dispatch(request, *args, **kwargs)
           ~~~~~~~~~~~~~^^^^^^^^^^^^^^^^^^^^^^^^^^
  File "C:\Proyectos\Bitacora E.E\backend\venv\Lib\site-packages\rest_framework\views.py", line 526, in dispatch
    response = self.handle_exception(exc)
  File "C:\Proyectos\Bitacora E.E\backend\venv\Lib\site-packages\rest_framework\views.py", line 474, in handle_exception
    self.raise_uncaught_exception(exc)
    ~~~~~~~~~~~~~~~~~~~~~~~~~~~~~^^^^^
  File "C:\Proyectos\Bitacora E.E\backend\venv\Lib\site-packages\rest_framework\views.py", line 485, in raise_uncaught_exception
    raise exc
  File "C:\Proyectos\Bitacora E.E\backend\venv\Lib\site-packages\rest_framework\views.py", line 523, in dispatch
    response = handler(request, *args, **kwargs)
  File "C:\Proyectos\Bitacora E.E\backend\venv\Lib\site-packages\rest_framework\mixins.py", line 40, in list
    page = self.paginate_queryset(queryset)
  File "C:\Proyectos\Bitacora E.E\backend\venv\Lib\site-packages\rest_framework\generics.py", line 175, in paginate_queryset
    return self.paginator.paginate_queryset(queryset, self.request, view=self)
           ~~~~~~~~~~~~~~~~~~~~~~~~~~~~~~~~^^^^^^^^^^^^^^^^^^^^^^^^^^^^^^^^^^^
  File "C:\Proyectos\Bitacora E.E\backend\venv\Lib\site-packages\rest_framework\pagination.py", line 213, in paginate_queryset
    return list(self.page)
  File "C:\Proyectos\Bitacora E.E\backend\venv\Lib\site-packages\django\core\paginator.py", line 312, in __len__
    return len(self.object_list)
  File "C:\Proyectos\Bitacora E.E\backend\venv\Lib\site-packages\django\db\models\query.py", line 455, in __len__
    self._fetch_all()
    ~~~~~~~~~~~~~~~^^
  File "C:\Proyectos\Bitacora E.E\backend\venv\Lib\site-packages\django\db\models\query.py", line 2287, in _fetch_all
    self._result_cache = list(self._iterable_class(self))
                         ~~~~^^^^^^^^^^^^^^^^^^^^^^^^^^^^
  File "C:\Proyectos\Bitacora E.E\backend\venv\Lib\site-packages\django\db\models\query.py", line 131, in __iter__
    results = compiler.execute_sql(
        chunked_fetch=self.chunked_fetch, chunk_size=self.chunk_size
    )
  File "C:\Proyectos\Bitacora E.E\backend\venv\Lib\site-packages\django\db\models\sql\compiler.py", line 1643, in execute_sql
    cursor.execute(sql, params)
    ~~~~~~~~~~~~~~^^^^^^^^^^^^^
  File "C:\Proyectos\Bitacora E.E\backend\venv\Lib\site-packages\django\db\backends\utils.py", line 122, in execute
    return super().execute(sql, params)
           ~~~~~~~~~~~~~~~^^^^^^^^^^^^^
  File "C:\Proyectos\Bitacora E.E\backend\venv\Lib\site-packages\django\db\backends\utils.py", line 79, in execute
    return self._execute_with_wrappers(
           ~~~~~~~~~~~~~~~~~~~~~~~~~~~^
        sql, params, many=False, executor=self._execute
        ^^^^^^^^^^^^^^^^^^^^^^^^^^^^^^^^^^^^^^^^^^^^^^^
    )
    ^
  File "C:\Proyectos\Bitacora E.E\backend\venv\Lib\site-packages\django\db\backends\utils.py", line 92, in _execute_with_wrappers
    return executor(sql, params, many, context)
  File "C:\Proyectos\Bitacora E.E\backend\venv\Lib\site-packages\django\db\backends\utils.py", line 100, in _execute
    with self.db.wrap_database_errors:
         ^^^^^^^^^^^^^^^^^^^^^^^^^^^^
  File "C:\Proyectos\Bitacora E.E\backend\venv\Lib\site-packages\django\db\utils.py", line 94, in __exit__
    raise dj_exc_value.with_traceback(traceback) from exc_value
  File "C:\Proyectos\Bitacora E.E\backend\venv\Lib\site-packages\django\db\backends\utils.py", line 105, in _execute
    return self.cursor.execute(sql, params)
           ~~~~~~~~~~~~~~~~~~~^^^^^^^^^^^^^
  File "C:\Proyectos\Bitacora E.E\backend\venv\Lib\site-packages\psycopg\cursor.py", line 117, in execute
    raise ex.with_traceback(None)
django.db.utils.ProgrammingError: column buses_datosbusae.odometro does not exist
LINE 1: ...e"."manos_libres", "buses_datosbusae"."telefono", "buses_dat...
                                                             ^
{"timestamp": "2026-09-19T17:12:20-0500", "level": "ERROR", "logger": "django.server", "line": 283, "message": ""GET /api/datos-busae/?page=1&page_size=50&search=&estado=&ordering=-bus_movil HTTP/1.1" 500 25409"}
{"timestamp": "2026-09-19T17:12:21-0500", "level": "ERROR", "logger": "django.request", "line": 283, "message": "Internal Server Error: /api/datos-busae/"}
Traceback (most recent call last):
  File "C:\Proyectos\Bitacora E.E\backend\venv\Lib\site-packages\django\db\backends\utils.py", line 105, in _execute
    return self.cursor.execute(sql, params)
           ~~~~~~~~~~~~~~~~~~~^^^^^^^^^^^^^
  File "C:\Proyectos\Bitacora E.E\backend\venv\Lib\site-packages\psycopg\cursor.py", line 117, in execute
    raise ex.with_traceback(None)
psycopg.errors.UndefinedColumn: column buses_datosbusae.odometro does not exist
LINE 1: ...e"."manos_libres", "buses_datosbusae"."telefono", "buses_dat...
                                                             ^

The above exception was the direct cause of the following exception:

Traceback (most recent call last):
  File "C:\Proyectos\Bitacora E.E\backend\venv\Lib\site-packages\django\core\handlers\exception.py", line 56, in inner
    response = get_response(request)
  File "C:\Proyectos\Bitacora E.E\backend\venv\Lib\site-packages\django\core\handlers\base.py", line 199, in _get_response
    response = wrapped_callback(request, *callback_args, **callback_kwargs)
  File "C:\Proyectos\Bitacora E.E\backend\venv\Lib\site-packages\django\views\decorators\csrf.py", line 64, in _view_wrapper
    return view_func(request, *args, **kwargs)
  File "C:\Proyectos\Bitacora E.E\backend\venv\Lib\site-packages\rest_framework\viewsets.py", line 124, in view
    return self.dispatch(request, *args, **kwargs)
           ~~~~~~~~~~~~~^^^^^^^^^^^^^^^^^^^^^^^^^^
  File "C:\Proyectos\Bitacora E.E\backend\venv\Lib\site-packages\rest_framework\views.py", line 526, in dispatch
    response = self.handle_exception(exc)
  File "C:\Proyectos\Bitacora E.E\backend\venv\Lib\site-packages\rest_framework\views.py", line 474, in handle_exception
    self.raise_uncaught_exception(exc)
    ~~~~~~~~~~~~~~~~~~~~~~~~~~~~~^^^^^
  File "C:\Proyectos\Bitacora E.E\backend\venv\Lib\site-packages\rest_framework\views.py", line 485, in raise_uncaught_exception
    raise exc
  File "C:\Proyectos\Bitacora E.E\backend\venv\Lib\site-packages\rest_framework\views.py", line 523, in dispatch
    response = handler(request, *args, **kwargs)
  File "C:\Proyectos\Bitacora E.E\backend\venv\Lib\site-packages\rest_framework\mixins.py", line 40, in list
    page = self.paginate_queryset(queryset)
  File "C:\Proyectos\Bitacora E.E\backend\venv\Lib\site-packages\rest_framework\generics.py", line 175, in paginate_queryset
    return self.paginator.paginate_queryset(queryset, self.request, view=self)
           ~~~~~~~~~~~~~~~~~~~~~~~~~~~~~~~~^^^^^^^^^^^^^^^^^^^^^^^^^^^^^^^^^^^
  File "C:\Proyectos\Bitacora E.E\backend\venv\Lib\site-packages\rest_framework\pagination.py", line 213, in paginate_queryset
    return list(self.page)
  File "C:\Proyectos\Bitacora E.E\backend\venv\Lib\site-packages\django\core\paginator.py", line 312, in __len__
    return len(self.object_list)
  File "C:\Proyectos\Bitacora E.E\backend\venv\Lib\site-packages\django\db\models\query.py", line 455, in __len__
    self._fetch_all()
    ~~~~~~~~~~~~~~~^^
  File "C:\Proyectos\Bitacora E.E\backend\venv\Lib\site-packages\django\db\models\query.py", line 2287, in _fetch_all
    self._result_cache = list(self._iterable_class(self))
                         ~~~~^^^^^^^^^^^^^^^^^^^^^^^^^^^^
  File "C:\Proyectos\Bitacora E.E\backend\venv\Lib\site-packages\django\db\models\query.py", line 131, in __iter__
    results = compiler.execute_sql(
        chunked_fetch=self.chunked_fetch, chunk_size=self.chunk_size
    )
  File "C:\Proyectos\Bitacora E.E\backend\venv\Lib\site-packages\django\db\models\sql\compiler.py", line 1643, in execute_sql
    cursor.execute(sql, params)
    ~~~~~~~~~~~~~~^^^^^^^^^^^^^
  File "C:\Proyectos\Bitacora E.E\backend\venv\Lib\site-packages\django\db\backends\utils.py", line 122, in execute
    return super().execute(sql, params)
           ~~~~~~~~~~~~~~~^^^^^^^^^^^^^
  File "C:\Proyectos\Bitacora E.E\backend\venv\Lib\site-packages\django\db\backends\utils.py", line 79, in execute
    return self._execute_with_wrappers(
           ~~~~~~~~~~~~~~~~~~~~~~~~~~~^
        sql, params, many=False, executor=self._execute
        ^^^^^^^^^^^^^^^^^^^^^^^^^^^^^^^^^^^^^^^^^^^^^^^
    )
    ^
  File "C:\Proyectos\Bitacora E.E\backend\venv\Lib\site-packages\django\db\backends\utils.py", line 92, in _execute_with_wrappers
    return executor(sql, params, many, context)
  File "C:\Proyectos\Bitacora E.E\backend\venv\Lib\site-packages\django\db\backends\utils.py", line 100, in _execute
    with self.db.wrap_database_errors:
         ^^^^^^^^^^^^^^^^^^^^^^^^^^^^
  File "C:\Proyectos\Bitacora E.E\backend\venv\Lib\site-packages\django\db\utils.py", line 94, in __exit__
    raise dj_exc_value.with_traceback(traceback) from exc_value
  File "C:\Proyectos\Bitacora E.E\backend\venv\Lib\site-packages\django\db\backends\utils.py", line 105, in _execute
    return self.cursor.execute(sql, params)
           ~~~~~~~~~~~~~~~~~~~^^^^^^^^^^^^^
  File "C:\Proyectos\Bitacora E.E\backend\venv\Lib\site-packages\psycopg\cursor.py", line 117, in execute
    raise ex.with_traceback(None)
django.db.utils.ProgrammingError: column buses_datosbusae.odometro does not exist
LINE 1: ...e"."manos_libres", "buses_datosbusae"."telefono", "buses_dat...
                                                             ^
{"timestamp": "2026-09-19T17:12:21-0500", "level": "ERROR", "logger": "django.server", "line": 283, "message": ""GET /api/datos-busae/?page=1&page_size=50&search=&estado=&ordering=-bus_movil HTTP/1.1" 500 25409"}
{"timestamp": "2026-09-19T17:13:51-0500", "level": "ERROR", "logger": "poller.busae", "line": 154, "message": "Login BUSAE HTTP fallido — sigue en página de login"}
{"timestamp": "2026-09-19T17:14:43-0500", "level": "ERROR", "logger": "poller.busae", "line": 154, "message": "Login BUSAE HTTP fallido — sigue en página de login"}
{"timestamp": "2026-09-19T17:15:05-0500", "level": "ERROR", "logger": "poller.busae", "line": 154, "message": "Login BUSAE HTTP fallido — sigue en página de login"}
{"timestamp": "2026-09-19T17:15:45-0500", "level": "ERROR", "logger": "buses.services.busae", "line": 339, "message": "[BUSAE] Error durante ciclo de sincronización: La respuesta de BUSAE no contiene datos."}
Traceback (most recent call last):
  File "C:\Proyectos\Bitacora E.E\backend\buses\services\busae_service.py", line 317, in sync
  File "C:\Proyectos\Bitacora E.E\backend\shared\decorators.py", line 115, in wrapper
    result = func(*args, **kwargs)
  File "C:\Proyectos\Bitacora E.E\backend\shared\decorators.py", line 27, in wrapper
    return func(*args, **kwargs)
  File "C:\Proyectos\Bitacora E.E\backend\buses\services\busae_service.py", line 220, in fetch_raw_data
    err_msg = str(exc)
shared.exceptions.BusaeIntegrationError: La respuesta de BUSAE no contiene datos.
{"timestamp": "2026-09-19T17:16:11-0500", "level": "ERROR", "logger": "poller.busae", "line": 154, "message": "Login BUSAE HTTP fallido — sigue en página de login"}
{"timestamp": "2026-09-19T17:16:36-0500", "level": "ERROR", "logger": "poller.busae", "line": 154, "message": "Login BUSAE HTTP fallido — sigue en página de login"}
{"timestamp": "2026-09-19T17:25:22-0500", "level": "ERROR", "logger": "buses.services.busae", "line": 339, "message": "[BUSAE] Error durante ciclo de sincronización: La respuesta de BUSAE no contiene datos."}
Traceback (most recent call last):
  File "C:\Proyectos\Bitacora E.E\backend\buses\services\busae_service.py", line 317, in sync
  File "C:\Proyectos\Bitacora E.E\backend\shared\decorators.py", line 115, in wrapper
    result = func(*args, **kwargs)
  File "C:\Proyectos\Bitacora E.E\backend\shared\decorators.py", line 27, in wrapper
    return func(*args, **kwargs)
  File "C:\Proyectos\Bitacora E.E\backend\buses\services\busae_service.py", line 220, in fetch_raw_data
    err_msg = str(exc)
shared.exceptions.BusaeIntegrationError: La respuesta de BUSAE no contiene datos.
{"timestamp": "2026-09-19T17:35:20-0500", "level": "ERROR", "logger": "buses.services.busae", "line": 339, "message": "[BUSAE] Error durante ciclo de sincronización: La respuesta de BUSAE no contiene datos."}
Traceback (most recent call last):
  File "C:\Proyectos\Bitacora E.E\backend\buses\services\busae_service.py", line 317, in sync
  File "C:\Proyectos\Bitacora E.E\backend\shared\decorators.py", line 115, in wrapper
    result = func(*args, **kwargs)
  File "C:\Proyectos\Bitacora E.E\backend\shared\decorators.py", line 27, in wrapper
    return func(*args, **kwargs)
  File "C:\Proyectos\Bitacora E.E\backend\buses\services\busae_service.py", line 220, in fetch_raw_data
    err_msg = str(exc)
shared.exceptions.BusaeIntegrationError: La respuesta de BUSAE no contiene datos.
{"timestamp": "2026-09-19T17:36:03-0500", "level": "ERROR", "logger": "poller.busae", "line": 154, "message": "Login BUSAE HTTP fallido — sigue en página de login"}
{"timestamp": "2026-09-19T17:36:22-0500", "level": "ERROR", "logger": "poller.busae", "line": 154, "message": "Login BUSAE HTTP fallido — sigue en página de login"}
{"timestamp": "2026-09-19T17:40:38-0500", "level": "ERROR", "logger": "poller.busae", "line": 154, "message": "Login BUSAE HTTP fallido — sigue en página de login"}
{"timestamp": "2026-09-19T17:40:52-0500", "level": "ERROR", "logger": "poller.busae", "line": 154, "message": "Login BUSAE HTTP fallido — sigue en página de login"}
{"timestamp": "2026-09-19T17:45:27-0500", "level": "ERROR", "logger": "buses.services.busae", "line": 339, "message": "[BUSAE] Error durante ciclo de sincronización: La respuesta de BUSAE no contiene datos."}
Traceback (most recent call last):
  File "C:\Proyectos\Bitacora E.E\backend\buses\services\busae_service.py", line 317, in sync
  File "C:\Proyectos\Bitacora E.E\backend\shared\decorators.py", line 115, in wrapper
    result = func(*args, **kwargs)
  File "C:\Proyectos\Bitacora E.E\backend\shared\decorators.py", line 27, in wrapper
    return func(*args, **kwargs)
  File "C:\Proyectos\Bitacora E.E\backend\buses\services\busae_service.py", line 220, in fetch_raw_data
    return {
shared.exceptions.BusaeIntegrationError: La respuesta de BUSAE no contiene datos.
{"timestamp": "2026-09-19T17:51:53-0500", "level": "ERROR", "logger": "poller.busae", "line": 154, "message": "Login BUSAE HTTP fallido — sigue en página de login"}
{"timestamp": "2026-09-19T17:52:26-0500", "level": "ERROR", "logger": "poller.busae", "line": 154, "message": "Login BUSAE HTTP fallido — sigue en página de login"}
{"timestamp": "2026-09-19T17:55:50-0500", "level": "ERROR", "logger": "buses.services.busae", "line": 339, "message": "[BUSAE] Error durante ciclo de sincronización: La respuesta de BUSAE no contiene datos."}
Traceback (most recent call last):
  File "C:\Proyectos\Bitacora E.E\backend\buses\services\busae_service.py", line 317, in sync
  File "C:\Proyectos\Bitacora E.E\backend\shared\decorators.py", line 115, in wrapper
    result = func(*args, **kwargs)
  File "C:\Proyectos\Bitacora E.E\backend\shared\decorators.py", line 27, in wrapper
    return func(*args, **kwargs)
  File "C:\Proyectos\Bitacora E.E\backend\buses\services\busae_service.py", line 220, in fetch_raw_data
    return {
shared.exceptions.BusaeIntegrationError: La respuesta de BUSAE no contiene datos.
{"timestamp": "2026-09-19T18:05:22-0500", "level": "ERROR", "logger": "buses.services.busae", "line": 339, "message": "[BUSAE] Error durante ciclo de sincronización: La respuesta de BUSAE no contiene datos."}
Traceback (most recent call last):
  File "C:\Proyectos\Bitacora E.E\backend\buses\services\busae_service.py", line 317, in sync
  File "C:\Proyectos\Bitacora E.E\backend\shared\decorators.py", line 115, in wrapper
    result = func(*args, **kwargs)
  File "C:\Proyectos\Bitacora E.E\backend\shared\decorators.py", line 27, in wrapper
    return func(*args, **kwargs)
  File "C:\Proyectos\Bitacora E.E\backend\buses\services\busae_service.py", line 220, in fetch_raw_data
    return {
shared.exceptions.BusaeIntegrationError: La respuesta de BUSAE no contiene datos.
{"timestamp": "2026-09-19T18:15:21-0500", "level": "ERROR", "logger": "buses.services.busae", "line": 339, "message": "[BUSAE] Error durante ciclo de sincronización: La respuesta de BUSAE no contiene datos."}
Traceback (most recent call last):
  File "C:\Proyectos\Bitacora E.E\backend\buses\services\busae_service.py", line 317, in sync
  File "C:\Proyectos\Bitacora E.E\backend\shared\decorators.py", line 115, in wrapper
    result = func(*args, **kwargs)
  File "C:\Proyectos\Bitacora E.E\backend\shared\decorators.py", line 27, in wrapper
    return func(*args, **kwargs)
  File "C:\Proyectos\Bitacora E.E\backend\buses\services\busae_service.py", line 220, in fetch_raw_data
    return {
shared.exceptions.BusaeIntegrationError: La respuesta de BUSAE no contiene datos.
{"timestamp": "2026-09-19T18:25:21-0500", "level": "ERROR", "logger": "buses.services.busae", "line": 339, "message": "[BUSAE] Error durante ciclo de sincronización: La respuesta de BUSAE no contiene datos."}
Traceback (most recent call last):
  File "C:\Proyectos\Bitacora E.E\backend\buses\services\busae_service.py", line 317, in sync
  File "C:\Proyectos\Bitacora E.E\backend\shared\decorators.py", line 115, in wrapper
    result = func(*args, **kwargs)
  File "C:\Proyectos\Bitacora E.E\backend\shared\decorators.py", line 27, in wrapper
    return func(*args, **kwargs)
  File "C:\Proyectos\Bitacora E.E\backend\buses\services\busae_service.py", line 220, in fetch_raw_data
    return {
shared.exceptions.BusaeIntegrationError: La respuesta de BUSAE no contiene datos.
{"timestamp": "2026-09-19T18:35:24-0500", "level": "ERROR", "logger": "buses.services.busae", "line": 339, "message": "[BUSAE] Error durante ciclo de sincronización: La respuesta de BUSAE no contiene datos."}
Traceback (most recent call last):
  File "C:\Proyectos\Bitacora E.E\backend\buses\services\busae_service.py", line 317, in sync
  File "C:\Proyectos\Bitacora E.E\backend\shared\decorators.py", line 115, in wrapper
    result = func(*args, **kwargs)
  File "C:\Proyectos\Bitacora E.E\backend\shared\decorators.py", line 27, in wrapper
    return func(*args, **kwargs)
  File "C:\Proyectos\Bitacora E.E\backend\buses\services\busae_service.py", line 220, in fetch_raw_data
    return {
shared.exceptions.BusaeIntegrationError: La respuesta de BUSAE no contiene datos.
{"timestamp": "2026-09-19T18:45:28-0500", "level": "ERROR", "logger": "buses.services.busae", "line": 339, "message": "[BUSAE] Error durante ciclo de sincronización: La respuesta de BUSAE no contiene datos."}
Traceback (most recent call last):
  File "C:\Proyectos\Bitacora E.E\backend\buses\services\busae_service.py", line 317, in sync
  File "C:\Proyectos\Bitacora E.E\backend\shared\decorators.py", line 115, in wrapper
    result = func(*args, **kwargs)
  File "C:\Proyectos\Bitacora E.E\backend\shared\decorators.py", line 27, in wrapper
    return func(*args, **kwargs)
  File "C:\Proyectos\Bitacora E.E\backend\buses\services\busae_service.py", line 220, in fetch_raw_data
    return {
shared.exceptions.BusaeIntegrationError: La respuesta de BUSAE no contiene datos.
{"timestamp": "2026-09-19T18:55:21-0500", "level": "ERROR", "logger": "buses.services.busae", "line": 339, "message": "[BUSAE] Error durante ciclo de sincronización: La respuesta de BUSAE no contiene datos."}
Traceback (most recent call last):
  File "C:\Proyectos\Bitacora E.E\backend\buses\services\busae_service.py", line 317, in sync
  File "C:\Proyectos\Bitacora E.E\backend\shared\decorators.py", line 115, in wrapper
    result = func(*args, **kwargs)
  File "C:\Proyectos\Bitacora E.E\backend\shared\decorators.py", line 27, in wrapper
    return func(*args, **kwargs)
  File "C:\Proyectos\Bitacora E.E\backend\buses\services\busae_service.py", line 220, in fetch_raw_data
    return {
shared.exceptions.BusaeIntegrationError: La respuesta de BUSAE no contiene datos.
{"timestamp": "2026-09-19T19:05:20-0500", "level": "ERROR", "logger": "buses.services.busae", "line": 339, "message": "[BUSAE] Error durante ciclo de sincronización: La respuesta de BUSAE no contiene datos."}
Traceback (most recent call last):
  File "C:\Proyectos\Bitacora E.E\backend\buses\services\busae_service.py", line 317, in sync
  File "C:\Proyectos\Bitacora E.E\backend\shared\decorators.py", line 115, in wrapper
    result = func(*args, **kwargs)
  File "C:\Proyectos\Bitacora E.E\backend\shared\decorators.py", line 27, in wrapper
    return func(*args, **kwargs)
  File "C:\Proyectos\Bitacora E.E\backend\buses\services\busae_service.py", line 220, in fetch_raw_data
    return {
shared.exceptions.BusaeIntegrationError: La respuesta de BUSAE no contiene datos.
{"timestamp": "2026-09-19T19:15:21-0500", "level": "ERROR", "logger": "buses.services.busae", "line": 339, "message": "[BUSAE] Error durante ciclo de sincronización: La respuesta de BUSAE no contiene datos."}
Traceback (most recent call last):
  File "C:\Proyectos\Bitacora E.E\backend\buses\services\busae_service.py", line 317, in sync
  File "C:\Proyectos\Bitacora E.E\backend\shared\decorators.py", line 115, in wrapper
    result = func(*args, **kwargs)
  File "C:\Proyectos\Bitacora E.E\backend\shared\decorators.py", line 27, in wrapper
    return func(*args, **kwargs)
  File "C:\Proyectos\Bitacora E.E\backend\buses\services\busae_service.py", line 220, in fetch_raw_data
    return {
shared.exceptions.BusaeIntegrationError: La respuesta de BUSAE no contiene datos.
{"timestamp": "2026-09-19T19:25:21-0500", "level": "ERROR", "logger": "buses.services.busae", "line": 339, "message": "[BUSAE] Error durante ciclo de sincronización: La respuesta de BUSAE no contiene datos."}
Traceback (most recent call last):
  File "C:\Proyectos\Bitacora E.E\backend\buses\services\busae_service.py", line 317, in sync
  File "C:\Proyectos\Bitacora E.E\backend\shared\decorators.py", line 115, in wrapper
    result = func(*args, **kwargs)
  File "C:\Proyectos\Bitacora E.E\backend\shared\decorators.py", line 27, in wrapper
    return func(*args, **kwargs)
  File "C:\Proyectos\Bitacora E.E\backend\buses\services\busae_service.py", line 220, in fetch_raw_data
    return {
shared.exceptions.BusaeIntegrationError: La respuesta de BUSAE no contiene datos.
